# .PCD v0.7 - Point Cloud Data file format
VERSION 0.7
FIELDS x y z intensity
SIZE 4 4 4 4
TYPE F F F F
COUNT 1 1 1 1
WIDTH 3316
HEIGHT 1
VIEWPOINT 0 0 0 1 0 0 0
POINTS 3316
DATA ascii
4.994966 1.456713 -9.311072 11.12
4.630378 1.694014 -9.225549 11.09825
5.005998 1.828091 -9.304785 12.12
4.668065 1.49157 -8.995368 11.0955
4.5671 1.790403 -8.947973 11.60012
4.683559 1.476925 -8.737451 11.0965
3.786277 1.744449 -8.436369 12.0965
4.685586 1.725642 -8.664527 11.43308
3.612164 0.2932286 -8.106699 8.109
3.704249 0.6242978 -8.186977 9.1215
3.548319 0.9659385 -8.048823 10.0965
4.778873 1.41985 -8.178534 11.09538
3.76138 1.873033 -8.087166 12.60987
4.750499 1.692285 -8.207124 11.4345
4.810399 1.633801 -8.168466 11.148
3.284453 -0.7346197 -7.739377 5
3.558824 -0.2833641 -7.933259 6
4.732294 1.471953 -7.913607 11.09625
4.102163 1.863503 -7.855538 12.60863
4.746049 1.764407 -7.977479 12.09513
4.825822 1.616134 -7.837277 11.59525
3.16864 -0.4632612 -7.485899 5.5
3.288541 -0.711217 -7.476189 5
3.304561 -0.1782361 -7.526668 6.5
3.463185 0.3018388 -7.45491 8.074562
3.710856 0.1909269 -7.392684 7.666667
3.350804 0.7020605 -7.562877 9
3.711448 0.5678449 -7.389948 9
3.577236 0.9207729 -7.500266 10.0955
3.659425 0.9997467 -7.410847 10.09775
4.869667 1.534096 -7.41797 11.59619
3.081439 1.86259 -7.368415 13.0965
3.416825 1.86488 -7.226488 13.09687
4.496181 1.87722 -7.567659 12.096
4.816231 1.807497 -7.298229 12.1535
3.355127 2.136501 -7.550657 13.0985
-19.04845 3.173753 -7.406566 12.036
-19.37499 3.323902 -7.407313 12.1465
3.518351 -0.9261885 -6.838387 5
3.194417 -0.6014836 -7.125228 5
3.340589 -0.5724947 -7.048337 5.5
3.434474 -0.2317544 -6.982304 6.333333
3.381425 0.3046125 -7.030389 8.04035
3.733954 0.2447773 -7.083645 8.148
3.478678 0.668356 -7.081625 9
3.472522 1.01238 -6.811315 10.148
3.07378 1.860039 -6.998961 14.1215
3.406456 1.852743 -6.806076 14.12
3.812393 1.8544 -6.984306 12.76467
4.231504 1.826794 -6.893873 13.04225
4.896085 1.798396 -7.095565 12.153
-20.37683 2.601768 -6.911736 11.0445
-20.3257 3.37204 -6.85323 12.03975
3.459666 -0.5392756 -6.536039 6
3.402045 -0.1386671 -6.558351 7
3.42178 0.2473554 -6.554469 8.262906
3.415015 0.6254938 -6.474983 9.333333
3.415586 0.9496056 -6.600275 10.23342
3.878144 1.851607 -6.799742 13.0935
3.562374 -0.9367124 -6.20179 5
3.539735 -0.6248547 -6.182959 5.916667
3.640578 -0.571265 -6.218814 6
3.481363 -0.138751 -6.218125 7
4.920957 -0.3090551 -6.061507 7
3.495272 0.2104672 -6.247546 8.165861
3.757034 0.1732021 -6.245893 8.361
4.914624 0.1683077 -6.056252 8.409666
-3.783813 0.526729 -6.209005 9.1255
2.356778 0.7226294 -6.113607 10.0395
2.887062 0.5503033 -6.158679 10.019
3.499409 0.5583467 -6.291299 9.285714
3.682981 0.5822831 -6.234086 9.5
2.522845 1.028358 -6.119539 11.039
3.133557 1.031791 -6.084098 11.2685
3.406286 0.9452999 -6.291253 10.096
3.683812 0.9915929 -6.225709 10.1465
4.936001 0.9093146 -6.03125 10
2.195388 1.553209 -6.011086 12.105
3.550487 1.306748 -6.013854 12.0415
4.920254 1.283025 -6.027594 11.25
2.630389 1.830265 -6.107781 14.1095
2.99393 1.728972 -6.028122 13.13817
3.279927 1.876132 -6.102677 13.096
4.658531 1.764209 -6.023993 13.0395
4.934869 1.756457 -6.037559 12.5
-1.694524 -1.359409 -5.724557 3
-1.487742 -1.322341 -5.766083 2.5
-1.122417 -1.290315 -5.793285 2.5
-1.741091 -1.141676 -5.734418 3.5
-1.309076 -1.027779 -5.740548 3.555556
-0.8763762 -0.9760364 -5.777991 3.925
-0.5645412 -0.9054571 -5.644569 3.833333
-0.1421599 -0.8129948 -5.714953 5
0.1984559 -0.8122872 -5.754888 4
0.5193542 -0.8285967 -5.760135 5
1.777004 -0.8067814 -5.83244 4
2.211902 -1.03005 -5.985623 4
-1.718002 -0.6291991 -5.71564 4.208333
-1.40907 -0.618563 -5.769764 4.844444
-1.001577 -0.6239823 -5.787548 4.65
-0.6198422 -0.5855404 -5.690214 5.076667
-0.1377306 -0.5871336 -5.643447 4.486394
0.1633231 -0.5114214 -5.681184 4.962963
0.5637748 -0.5539745 -5.718335 5.016667
1.037932 -0.555064 -5.764349 5.011111
1.425154 -0.5780041 -5.773196 4.785714
1.850267 -0.5713944 -5.812249 4.888889
2.107093 -0.6160626 -5.772698 4.833333
3.199129 -0.4726841 -5.648 6
3.569743 -0.6170281 -5.900008 5.833333
-1.686302 -0.1943156 -5.723209 6
-1.430548 -0.1842095 -5.761829 6.333333
-1.000385 -0.1864509 -5.777029 6.681818
-0.6392201 -0.166245 -5.667585 6.935185
-0.1206055 -0.1873389 -5.637585 6.206349
0.2059905 -0.1753892 -5.6566 6.211111
0.6131901 -0.1338967 -5.702005 6.972222
1.037056 -0.1279141 -5.777798 6.952381
1.384285 -0.1145549 -5.759542 6.625
1.799163 -0.176535 -5.767937 6.4375
2.133955 -0.06386936 -5.697833 6.6
3.569118 -0.2648505 -5.923347 7
-6.343376 0.355641 -5.666131 8.1605
-1.683256 0.1694296 -5.668679 8.279
-1.434402 0.2829493 -5.775613 8.6125
-1.008476 0.2512249 -5.762113 8.25
-0.6298762 0.2523051 -5.677942 8.479166
-0.1559051 0.2845008 -5.636385 8.527778
0.2048193 0.2582301 -5.664215 8.261905
0.6212487 0.1966989 -5.71062 8.218182
0.9813829 0.2254855 -5.736578 8.211945
1.414647 0.1802323 -5.780361 7.865
1.890539 0.1963146 -5.776539 7.890375
2.084185 0.3039044 -5.756015 8.25
3.571527 0.1822031 -5.9009 8.2865
3.608085 0.1964207 -5.911006 8.5
-1.697056 0.6005479 -5.666807 10
-1.460732 0.6708998 -5.76047 10.22294
-0.9777793 0.5834322 -5.769598 9.785714
-0.6584123 0.6245028 -5.681157 9.99
-0.1501748 0.6191525 -5.634911 9.904761
0.2339397 0.622741 -5.663076 9.767667
0.5866694 0.5986861 -5.701345 9.773373
0.9612889 0.6424278 -5.738814 9.921539
1.333006 0.6691791 -5.765165 9.8
1.782342 0.6821819 -5.789989 9.75
-1.686513 0.9783124 -5.682175 11.68571
-1.397007 1.031146 -5.750108 11.76667
-0.9737814 0.9674025 -5.773395 11.50595
-0.64648 1.097294 -5.672432 11.81945
-0.180941 0.9963646 -5.631628 11.36667
0.2244646 1.068338 -5.651 11.84286
0.5888933 1.036171 -5.700907 11.59615
1.078569 1.034041 -5.738177 11.35714
1.363311 1.005041 -5.754069 11.09917
1.808761 1.059786 -5.786883 11.07723
2.082091 0.9595988 -5.846096 10.74367
3.430946 0.9249088 -5.916025 10.65675
3.614901 1.173979 -5.787498 11.1525
-1.813461 1.34094 -5.638702 12.33333
-1.43304 1.370159 -5.656648 13.13889
-1.003003 1.373732 -5.677114 13.21296
-0.6519129 1.458937 -5.662769 13.78
-0.1496481 1.436403 -5.613554 13.70605
0.247512 1.467216 -5.662669 13.43704
0.6010235 1.434225 -5.709517 13.28497
1.018996 1.450027 -5.734324 13.14612
1.408864 1.361847 -5.749125 12.38194
1.77992 1.341783 -5.794138 12.14437
2.166236 1.528607 -5.864256 12.57425
2.490284 1.577181 -5.995633 12.10425
3.049358 1.388839 -5.974994 13
3.552458 1.330946 -5.856349 11.146
-1.730759 1.794845 -5.605702 14
-1.39131 1.814294 -5.62926 14.75
-1.017491 1.699719 -5.66622 14.27778
-0.5891803 1.800838 -5.659155 14.46667
-0.2000326 1.77326 -5.624732 14.66667
0.1432368 1.738837 -5.645975 14.21225
0.5511868 1.819368 -5.680824 14.42857
1.009051 1.779464 -5.72124 14.04804
1.328609 1.809493 -5.745278 14.04696
1.731262 1.766045 -5.70595 13.88804
2.145077 1.786745 -5.766589 13.64862
2.573365 1.855179 -5.997162 14.09525
3.053074 1.771116 -5.871972 13.9023
3.415118 1.642034 -5.865211 12.59387
4.946169 1.710805 -5.986196 12
0.8737323 2.081181 -5.746792 15
-0.5153188 -0.8204894 -5.529546 2.5
-0.2832094 -0.8281703 -5.484243 4
0.2214122 -0.8286484 -5.28488 4
0.5360436 -0.8537288 -5.43062 4
0.8572769 -0.8653353 -5.314099 4
-1.720781 -0.5828645 -5.454953 3.25
-0.5353324 -0.5703777 -5.595917 5
0.1508012 -0.7457919 -5.573388 2.5
0.7194453 -0.574184 -5.459365 4.714286
0.881254 -0.526844 -5.449286 5.25
-1.717432 -0.1330983 -5.470118 5.833333
-0.5614719 -0.1939752 -5.576719 6.2
0.7247972 -0.2028254 -5.433312 6.571429
0.8666584 -0.1249657 -5.396737 6.6
-1.705163 0.1975502 -5.403482 7.75
-0.5899277 0.1341794 -5.58209 7.666667
0.7335153 0.2217289 -5.446202 8.25
0.888512 0.2409245 -5.402928 8.286715
-1.690587 0.6238138 -5.469663 10.25
-1.5844 0.7305601 -5.21414 11
-0.5580829 0.5752782 -5.577683 9.666667
-0.2865182 0.6447234 -5.577827 10
0.7302291 0.6319613 -5.453272 10
0.8933633 0.6065286 -5.405787 9.629333
-1.693331 0.9657626 -5.423274 11.83333
-1.598235 0.9210418 -5.53976 11.66667
-0.5282905 0.946366 -5.570086 11.33333
-0.2450168 1.157939 -5.592473 12.5
0.7257453 1.001957 -5.446908 11.33333
0.8436075 1.030415 -5.413568 11.37354
-1.680767 1.394042 -5.4413 14.0285
-1.498176 1.442742 -5.575247 13.25
-0.555706 1.372984 -5.557915 13
-0.1416958 1.531687 -5.595732 14.25
0.005058765 1.316583 -5.59914 14
0.7163604 1.446327 -5.433401 12.9
0.8365015 1.414075 -5.388983 13.06116
3.334688 1.207082 -5.274614 12.04
-1.689138 1.761727 -5.543335 14.5
-1.580401 1.724618 -5.443101 14.8125
-1.147184 1.879434 -5.586164 15
-0.5641657 1.727481 -5.563164 14.33333
-0.1444138 1.875512 -5.441834 14.80281
0.2611079 1.897096 -5.21377 15.10375
0.6684491 1.762388 -5.405521 14.01808
0.9070258 1.716526 -5.418697 14.32594
1.405224 1.841349 -5.575407 14.94003
1.863185 1.877433 -5.438827 14.59813
2.187644 1.868364 -5.376754 14.11442
2.539732 1.846573 -5.43221 13.11767
3.287509 1.758686 -5.383192 13.2815
-0.6216183 -0.8223884 -4.876616 2
-0.2265891 -0.8116462 -4.898787 3
0.5818471 -0.8226584 -5.058796 4
0.8295031 -0.8339529 -4.971143 3.666667
-1.657111 -0.4714411 -4.865467 3.5
-1.659425 -0.08709791 -4.89781 6
-5.738975 0.3870111 -4.900343 9
-1.632748 0.1727187 -4.845442 8.506167
-1.651618 0.5912726 -4.994727 10.5
-1.581149 0.7174742 -5.098879 11
-1.674728 1.044298 -4.975507 12.4108
-1.564927 1.038363 -5.080474 12.5
0.8512974 1.18725 -5.022432 12.101
-3.921277 1.5728 -4.811643 15.124
-1.648736 1.372278 -5.016253 14.09683
-1.569881 1.427484 -5.128672 14.22222
0.8688487 1.271439 -5.191709 13.0995
-1.646946 1.716583 -5.065904 14.75
-1.408073 1.891335 -5.070296 14.94633
-0.9284313 1.907893 -5.070204 15.05983
-0.5055544 1.900897 -5.051358 15.02787
-0.1570451 1.904613 -5.086809 15.02375
0.1917233 1.886711 -4.974989 15.02619
0.6027089 1.887506 -4.964857 15.07987
0.9182741 1.876056 -4.977326 14.68015
2.017914 1.847735 -5.063407 15.06862
2.442703 1.872257 -5.101485 14.59625
3.473822 1.804626 -5.080475 13.59513
-24.02184 3.92526 -5.136196 12.1515
-23.93479 3.799099 -4.850595 12.03975
-1.219966 -0.8025156 -4.620815 1
-1.046436 -0.8073249 -4.65626 1
-0.5008655 -0.8152041 -4.680013 1
-0.146407 -0.8251164 -4.704323 1.5
0.1862987 -0.815318 -4.674367 3
0.6057072 -0.8300678 -4.516201 2.333333
0.9324841 -0.8370164 -4.572165 2
-4.458674 -0.5942351 -4.685075 3.75
-1.656594 -0.6157794 -4.598228 3.5
-1.468283 -0.7905326 -4.625776 3
-0.9418325 -0.7998664 -4.754467 4
0.9452448 -0.7061029 -4.468286 4.5
-5.698522 -0.1802527 -4.746835 7
-4.398169 -0.037111 -4.665042 6.5
-1.652247 -0.1743166 -4.564294 6.25
0.9040427 -0.1243233 -4.506624 7.2625
-5.708331 0.1001964 -4.735201 8
-4.403365 0.3631907 -4.657476 8.5
-4.337736 0.3669632 -4.750028 8.6255
-1.654599 0.2298535 -4.6167 8.458333
0.8832141 0.3257906 -4.515889 8.761928
-5.718276 0.521773 -4.725892 9.5
-4.423476 0.7331412 -4.657345 10.33333
-4.03412 0.6091858 -4.620094 10.12713
-1.662384 0.6680908 -4.610832 10.91667
0.9178624 0.6277632 -4.495109 10.0303
-5.731937 0.9472042 -4.72978 11
-1.644165 0.9656085 -4.557624 12.66667
-1.534332 0.9599305 -4.618647 12.509
0.9119605 0.9909545 -4.488651 12.09958
3.295061 0.9209625 -4.579819 11.0475
-5.724134 1.425167 -4.734813 12.66667
-3.982117 1.521797 -4.598021 15.12712
-1.602725 1.27932 -4.6142 14.3215
-1.544199 1.377814 -4.657636 14.509
-5.720368 1.812556 -4.725628 14
-4.315154 1.656005 -4.509504 15.12575
-1.600757 1.65191 -4.551867 15
-0.1278274 1.868427 -4.434637 15.109
1.03189 1.857635 -4.677619 14.7017
1.324479 1.842248 -4.57691 14.59037
1.792261 1.81592 -4.755916 14.1535
2.124233 1.823623 -4.616883 14.59663
2.53645 1.827432 -4.42035 15.03925
-3.867215 -0.8069398 -4.187037 2
-3.548063 -0.801884 -4.273952 2
-0.967854 -0.8193637 -4.056285 0.5
-0.6213565 -0.8369321 -4.207344 2
-0.1704548 -0.8490433 -4.109821 2
0.08361457 -0.8555079 -4.106512 2
0.8717813 -0.8579223 -4.24944 3.25
-4.085192 -0.5678297 -4.270653 3.36
-3.803576 -0.6180647 -4.260987 3.075
-3.406681 -0.6091629 -4.281385 3.142857
-2.977437 -0.6742284 -4.354541 2.75
-2.7683 -0.4564338 -4.360214 4
-1.643228 -0.5872658 -4.228723 5
-1.582002 -0.4762511 -4.026972 2.714286
0.9073464 -0.7492055 -4.136391 3
3.303297 -0.6943752 -4.297577 5
-5.732833 -0.2033864 -4.080336 5.75
-4.103072 -0.1527738 -4.195385 5.745833
-3.857217 -0.204863 -4.266255 5.541667
-3.426375 -0.1556114 -4.294891 5.807143
-2.985602 -0.04960734 -4.311174 6.422222
-2.584067 -0.1650365 -4.375103 5.75
-1.682034 -0.1451134 -4.084188 6.666667
-1.576915 -0.1926312 -4.061425 5.833333
0.9364421 -0.1356348 -4.391158 6.333333
-5.719254 0.3873006 -4.047523 8.5
-4.139501 0.2354051 -4.207033 8.15675
-3.8369 0.2766898 -4.272341 8.277778
-3.446156 0.2997127 -4.306354 8.5
-3.053437 0.3267689 -4.336967 8.75
-2.667497 0.2982414 -4.352074 8.5
-1.648556 0.2937562 -4.259327 8.75
-1.568238 0.135415 -4.142514 8.50475
0.7984788 0.1451697 -4.388973 8
0.9318885 0.2880171 -4.36794 8.619535
-5.733465 0.7127489 -4.057408 10
-4.108731 0.6082017 -4.26604 10.2149
-3.80166 0.6558415 -4.277418 10.5
-3.445214 0.6987104 -4.300286 10.875
-3.050799 0.7289902 -4.330171 11.25
-2.754891 0.678283 -4.340778 11
-1.686636 0.5719441 -4.096682 10
-1.582691 0.5651228 -4.265121 10.625
0.9583672 0.59147 -4.217043 10.18338
3.407994 0.6585094 -4.207612 10.0905
-4.553517 0.9140281 -4.055775 12.129
-4.077024 1.078354 -4.210462 13
-3.843044 1.053751 -4.265799 12.78571
-3.431006 1.128261 -4.295507 13.375
-3.017902 1.124025 -4.332844 13.66667
-2.695242 1.087262 -4.333887 12.86667
-1.895458 1.006004 -4.176575 13.01163
-1.533389 0.993469 -4.189708 13.13191
0.9499631 0.9680733 -4.391451 11
-4.490821 1.572358 -4.133403 15.16
-4.085713 1.385015 -4.250964 14.72004
-3.835886 1.436765 -4.290434 14.82806
-3.388052 1.402111 -4.299984 14.78571
-3.059512 1.385124 -4.316037 14.55763
-2.656632 1.404054 -4.338756 14.32706
-1.557749 1.535958 -4.092431 15
1.004658 1.254378 -4.166564 13.4659
0.1458766 1.862663 -4.268187 15.10767
0.4179978 1.854665 -4.079074 15.10625
1.397832 1.755929 -4.206325 14.14975
1.757688 1.848581 -4.310139 14.43375
2.175759 1.8071 -4.169016 14.151
-1.44751 -0.8103897 -3.903897 3
-0.9240302 -0.822737 -3.747993 2
-0.5156071 -0.8277358 -3.835441 2.25
-0.1862447 -0.835584 -3.676353 2.666667
0.3070747 -0.8386312 -3.931216 2
0.5948763 -0.8565062 -3.829517 1.25
1.077778 -0.8989982 -3.953055 4
-4.064341 -0.613405 -3.670901 2.75
-3.60747 -0.7755243 -3.877512 2
-3.25933 -0.7915745 -3.79277 1
-2.921447 -0.7979887 -3.952925 1
-2.717785 -0.7967073 -3.632185 1
-1.636875 -0.5689688 -3.697232 4.5
-1.546523 -0.6460305 -3.897169 2.013333
3.368032 -0.6783407 -3.955612 5
-4.061733 -0.1715067 -3.668775 5.541667
-1.646581 -0.2209684 -3.780141 6.25
-1.55523 -0.2233307 -3.84707 5.5
-4.650056 0.3881761 -3.880789 9
-4.013279 0.1861944 -3.678082 7.9
-3.990389 0.2124221 -3.730679 8
-1.647543 0.2381122 -3.771954 8.5
-1.519551 0.2020641 -3.68247 9.0065
0.9594077 0.2817224 -3.646394 8.909334
-4.628412 0.7247006 -3.861969 11
-4.062624 0.7023228 -3.611097 11
-3.976849 0.5456623 -3.671435 10.25
-1.633112 0.6338657 -3.648813 10.5
-1.549767 0.6118944 -3.866867 11.39286
0.9641905 0.5836181 -3.827922 10.49711
-4.021581 1.162816 -3.63416 14.25
-3.968961 1.038675 -3.64908 13.5
-1.64088 1.092027 -3.746149 12.66667
-1.534844 0.9567576 -3.751239 13.625
0.9866562 1.134093 -3.769243 13.10631
3.347219 0.8609731 -3.784495 11.08675
-3.979669 1.28106 -3.666594 15
-2.81102 1.528144 -3.891055 15.12075
-1.529617 1.394114 -3.796067 14.55529
1.013474 1.257667 -3.708852 14.40125
-5.068621 1.758185 -3.674433 15.0985
0.3037009 1.852312 -3.858947 15.14875
0.5280522 1.847709 -3.809164 15.1265
0.9692577 1.821578 -3.779757 15.13628
1.674235 1.834721 -3.862191 14.145
-24.39699 -1.082298 -3.55917 5
-2.917524 -0.8042679 -3.335029 0
-2.679266 -0.8065122 -3.427476 0
-1.537407 -0.8085833 -3.284349 3
-0.8973921 -0.8211014 -3.406095 1.5
-0.5579659 -0.827143 -3.408837 1.75
-0.1446614 -0.8556151 -3.262368 1.5
0.2348113 -0.8356366 -3.395324 2.25
0.4095659 -0.8667557 -3.331611 3
-4.068503 -0.6266859 -3.462194 2.541667
-3.842638 -0.6795895 -3.449174 1.8
-3.409464 -0.7953044 -3.441554 1
-3.004746 -0.7966925 -3.572967 1
-1.527094 -0.5995722 -3.400163 2.549383
0.3753673 -0.5457551 -3.257657 3.083333
0.4650772 -0.5316356 -3.274666 4.5
-4.046913 -0.2138907 -3.339804 5.222222
-3.98343 -0.0924135 -3.462717 5.928572
-1.521573 -0.1381274 -3.365092 6.363636
0.6178376 -0.3148866 -3.284791 5.75
0.9543868 -0.1263728 -3.409826 6.723684
-4.059703 0.370575 -3.454123 9
-3.974431 0.3587781 -3.453389 9.1
-1.523531 0.2905977 -3.363173 9.366667
0.9835749 0.2093993 -3.446028 8.531153
-4.758503 0.7047657 -3.505305 11.137
-4.019164 0.7312131 -3.444305 11.5
-3.956178 0.7732068 -3.432414 12
-1.504326 0.6750642 -3.413733 11.93333
0.9948235 0.6113645 -3.43797 10.75803
-4.031135 1.119022 -3.486242 13.87583
-3.961049 1.083284 -3.446871 14.07143
-1.495283 0.9489681 -3.343285 14.54833
0.9769374 0.9938905 -3.386141 12.90096
-4.042729 1.318744 -3.523099 15.04433
-1.500136 1.377213 -3.461529 15
0.9846469 1.362607 -3.388453 14.30601
-8.146833 1.943348 -3.237136 15.1465
-4.470549 1.894618 -3.577208 15.06725
0.7279703 1.842906 -3.369751 15.04883
1.040058 1.752276 -3.428833 14.78159
-7.882664 -0.8713639 -3.108158 3
-3.625372 -0.8155336 -3.013195 0
-3.371983 -0.8055176 -2.965637 0
-3.020246 -0.8093466 -3.027648 0
-2.564572 -0.8109709 -3.13691 0
-0.9724001 -0.82405 -3.078645 1
-0.7067314 -0.844223 -2.933387 1.666667
-0.1348001 -0.8791633 -3.030051 2.8
0.3162755 -0.8796316 -2.984514 1.488095
0.453142 -0.8329043 -3.046004 2.5
-4.070243 -0.6188975 -3.117806 2.5
-3.349729 -0.7841692 -3.137856 1
-1.49715 -0.5140091 -2.914911 3.388889
-0.74038 -0.4964855 -2.970076 0.625
0.3644976 -0.6570328 -3.053976 2.75
0.4588438 -0.574326 -2.988663 3.666667
1.005381 -0.6504754 -2.831173 3.9
3.419135 -0.6857284 -2.91035 4.5
-4.045634 -0.216907 -3.085232 5.166667
-2.739763 -0.1225664 -2.820805 6
-1.482411 -0.1414188 -2.995591 6.428571
-0.6270328 -0.2393028 -2.897377 3.569444
-0.2649809 -0.03698202 -2.847473 6.104167
0.1671767 -0.3939242 -2.834449 2
0.630628 -0.3348408 -3.051216 4
0.9542065 -0.2157075 -3.041911 6.035119
-4.093599 0.2508258 -3.087164 8.387667
-2.737985 0.1722814 -2.809012 8
-1.479812 0.1385631 -3.009463 8.714286
-0.8162682 0.3287684 -2.913375 10.6385
-0.534373 0.1906024 -2.829454 8.944444
-0.1790993 0.1151594 -2.881814 8
0.9918635 0.2397904 -3.057264 8.806257
-7.909518 0.6517237 -3.079501 11.021
-4.028871 0.5627893 -3.00442 10.5
-3.383689 0.5502347 -2.857934 13.01233
-1.48758 0.5785662 -3.030769 11.70417
-0.4808815 0.5875036 -2.893561 13.72367
0.9967111 0.5868011 -3.055279 10.8897
3.389207 0.6946715 -3.081814 10.0875
-7.874207 0.8063334 -3.001713 10.6465
-4.023757 1.048478 -2.990969 13.75
-3.980863 1.082541 -3.023915 14
-1.466126 0.9625535 -2.996354 13.25217
0.5211968 0.8367203 -2.810711 12.679
1.003661 0.9897053 -3.01226 13.01744
-3.99979 1.240825 -3.018811 15
-1.510243 1.33821 -3.036541 14.88875
1.006403 1.34433 -3.029238 14.14242
1.026499 1.732173 -3.024434 15
-26.71422 4.19807 -3.041692 12.041
-2.942927 -0.8177677 -2.460051 1.666667
-2.545306 -0.8203144 -2.424017 1
-2.275722 -0.8230714 -2.465718 1
-1.448149 -0.8332472 -2.63285 3
-1.001335 -0.844118 -2.53826 1
-0.5622648 -0.8489609 -2.590914 1.571429
-0.1558525 -0.8399354 -2.614733 1.333333
0.1827707 -0.8648723 -2.596838 1.4
0.568208 -0.8637806 -2.623433 1.953846
0.9497153 -0.8727775 -2.604632 2.416667
-7.783891 -0.6811297 -2.589519 2.8
-3.454453 -0.6083784 -2.492168 2.365476
-3.023556 -0.5884134 -2.4799 3.60375
-2.639175 -0.5958883 -2.443164 2.934815
-2.303518 -0.5956532 -2.442044 2.2
-1.454011 -0.5302687 -2.685966 1.988889
-0.5274232 -0.4273929 -2.776588 1
-0.06079543 -0.4144669 -2.696636 1.25
0.2663371 -0.4766501 -2.696728 0.8666666
0.5363818 -0.5830345 -2.725473 3.049074
0.992894 -0.599824 -2.668157 3.556667
3.445712 -0.6994287 -2.763151 4.5
-7.813222 -0.2555319 -2.663247 5
-3.471333 -0.1813909 -2.479974 5.706349
-3.013592 -0.1994275 -2.476598 6.051984
-2.652272 -0.1878298 -2.465088 5.805925
-2.318344 -0.1740717 -2.465175 5.5
-1.446577 -0.2164961 -2.563191 5.98
-0.5043793 -0.3910598 -2.792403 1.5
-0.07504809 -0.2456338 -2.765095 3.5
0.166483 -0.09983405 -2.644592 5.404762
0.4056185 -0.1220272 -2.655094 5.25
0.9970172 -0.1932917 -2.617287 6.265432
-7.830441 0.3617578 -2.497637 8.5
-3.451069 0.2028401 -2.484545 8.662922
-3.000475 0.187947 -2.471033 8.806173
-2.668917 0.1955232 -2.440271 8.808611
-2.318045 0.2749728 -2.447899 9.633333
-1.447034 0.195233 -2.548851 9.21875
-0.8076739 0.1925301 -2.748499 9
-0.5772515 0.2089396 -2.735569 9.288883
-0.06082348 0.2994062 -2.743657 10.5014
0.263103 0.2343455 -2.561494 9.79719
0.4067928 0.2609166 -2.620708 10.12275
1.021895 0.2337169 -2.582531 8.916666
-7.780787 0.7203137 -2.517089 11.23731
-3.609193 0.5966991 -2.4359 11.5
-3.457419 0.6004502 -2.479183 11.49992
-3.023868 0.6084545 -2.468256 11.54824
-2.669041 0.5776471 -2.439236 11.80075
-2.33239 0.6254596 -2.446265 12.3125
-1.443486 0.5606402 -2.531416 11.99643
-0.5491703 0.4043914 -2.667717 12
-0.06110597 0.5388826 -2.70996 13.5
0.2336601 0.5552753 -2.56374 13.57399
1.004828 0.6009637 -2.602463 11.28948
-7.78619 0.8676392 -2.54994 10.0785
-3.467691 0.9861433 -2.469027 14.17908
-2.946383 0.9840592 -2.436172 13.49808
-2.678082 1.009154 -2.424506 14.40287
-2.328834 1.021978 -2.426659 14.48571
-1.928287 1.052735 -2.605315 15.159
-1.440513 1.055419 -2.609224 14.35938
-0.4719625 0.8955811 -2.64968 14.0145
-0.2396147 0.9353286 -2.659009 14.01375
0.05140924 0.87975 -2.72355 13.3465
1.009725 0.9706115 -2.593984 13.32333
-3.290963 1.264051 -2.435237 14.754
-2.92731 1.258896 -2.435026 14.8925
-2.612062 1.242463 -2.438202 15.01388
-1.504284 1.262525 -2.530804 15
1.016462 1.330254 -2.538215 14.62933
3.527727 1.264593 -2.608626 15.1045
-8.201788 1.961953 -2.618245 15.146
1.078301 1.726615 -2.597363 15
-4.757907 -1.225702 -2.014918 2
-7.686703 -0.8275945 -2.282209 2.2
-7.576376 -0.8340406 -2.065438 1
-4.520016 -1.189485 -2.040301 2
-4.222004 -0.8257247 -2.047097 2.666667
-3.958637 -0.8241985 -2.024658 0
-3.424551 -0.8409748 -2.074541 1.5
-2.94978 -0.8348191 -2.191945 1
-2.459194 -0.8261551 -2.141704 1.333333
-2.117771 -0.8224691 -2.179917 1.2
-1.878445 -0.8266637 -2.116248 0.9166667
-1.405155 -0.842483 -2.13899 1.428571
-0.9476497 -0.8546171 -2.237089 1.5
-0.6572309 -0.8529652 -2.13997 1
-0.2735097 -0.8653643 -2.270278 1.5
0.2724602 -0.8584021 -2.264311 1.25
0.7030916 -0.8815527 -2.112046 1.8
0.9911944 -0.8393973 -2.172308 1.666667
-7.752605 -0.5484403 -2.30924 4.666667
-4.961346 -0.5801231 -2.005699 2.333333
-4.530504 -0.5819141 -2.016236 2.939484
-4.207934 -0.642549 -2.035169 2.161472
-3.768425 -0.6003781 -2.078854 2.904419
-3.487648 -0.5777836 -2.216481 2.768617
-3.029704 -0.5758281 -2.364562 2.51
-2.62694 -0.5523099 -2.272906 2.577778
-2.24161 -0.5646971 -2.187912 2.335427
-1.797498 -0.6404233 -2.18632 2.278858
-1.463638 -0.5930011 -2.208494 2.672479
1.035952 -0.5940606 -2.176625 3.380688
-7.906002 -0.03024947 -2.276641 7
-4.918265 -0.07247217 -2.007577 6.25
-4.574296 -0.172078 -2.015166 4.976666
-4.210848 -0.1550121 -2.031243 5.005945
-3.77631 -0.1626325 -2.082248 5.455107
-3.491342 -0.199943 -2.199803 5.213252
-3.040917 -0.1840646 -2.361182 5.486895
-2.614147 -0.1912224 -2.20627 4.877976
-2.262975 -0.1749101 -2.195076 5.453817
-1.869441 -0.1703804 -2.184724 5.927003
-1.456644 -0.18108 -2.216173 5.482817
1.017022 -0.1955415 -2.199475 6.24146
-14.11943 0.378854 -2.014023 8
-4.932558 0.2878222 -2.005385 9.25
-4.626221 0.2260645 -2.020987 8.73234
-4.158838 0.2382103 -2.031365 9.240608
-3.764253 0.2280877 -2.08107 9.029748
-3.482619 0.2207976 -2.193134 8.951851
-3.02888 0.2249087 -2.34585 9.542092
-2.572881 0.2119935 -2.270707 8.901037
-2.236893 0.2009116 -2.173002 9.080132
-1.878405 0.1895592 -2.174994 9.023172
-1.442229 0.2122445 -2.199072 9.023229
1.036747 0.2251876 -2.178047 9.131964
-7.652515 0.7387344 -2.245699 10.6785
-4.869366 0.6789939 -2.001648 12.5
-4.515254 0.6608005 -2.012978 11.21958
-4.197147 0.6471988 -2.027014 12.65782
-3.790322 0.6187569 -2.062829 12.28278
-3.474434 0.6127442 -2.204377 12.32437
-3.01329 0.6083955 -2.361148 13.04033
-2.571364 0.6006694 -2.372762 12.33859
-2.247839 0.5905969 -2.16824 12.57455
-1.833536 0.5883078 -2.165848 12.66717
-1.440113 0.6167291 -2.200176 12.27959
-0.2427157 0.6599982 -2.22954 12.84725
0.1243335 0.4583082 -2.064658 11.55664
1.050269 0.5837622 -2.177353 11.61129
-4.907151 0.8890816 -2.003599 15
-4.502548 1.003237 -2.016896 14.10652
-4.165462 0.9798145 -2.024959 14.01282
-3.752684 0.9685751 -2.093176 13.77267
-3.494529 0.9661708 -2.235261 13.61823
-3.088408 0.9829124 -2.366749 13.89231
-2.608027 1.017421 -2.359902 13.59979
-2.239611 0.9763145 -2.158174 14.13762
-1.772483 0.9717953 -2.173656 14.31378
-1.43432 0.9967327 -2.199064 14.32955
1.04016 1.010864 -2.181825 13.4528
-4.515942 1.409528 -2.001514 14.537
-4.145068 1.35621 -2.018045 14.68172
-3.689759 1.302885 -2.056908 14.78299
-3.463559 1.281615 -2.258551 14.71519
-3.027074 1.324253 -2.263891 14.93123
-2.601515 1.330975 -2.338577 15
1.012243 1.299591 -2.245426 14.45833
-7.474424 1.877468 -2.149169 14.03875
1.101877 1.681262 -2.19866 15
-5.021326 -1.267423 -1.9941 2
-7.516663 -0.8434131 -1.886209 1
-6.136588 -0.8920705 -1.81145 3.375
-5.662059 -0.8922368 -1.907183 4
-5.427449 -0.8377622 -1.746776 2.666667
-4.916012 -0.9555711 -1.827902 1.625
-4.66454 -0.8048823 -1.701769 1.5
-4.205832 -0.8808783 -1.918992 3
-3.699818 -0.8365942 -1.764519 1.75
-3.441781 -0.8346462 -1.767775 2
-2.98186 -0.8311209 -1.883151 1.333333
-2.667732 -0.8309104 -1.918807 1
-2.169139 -0.8648205 -1.741584 0.6666667
-1.754555 -0.8497114 -1.709405 0.75
-1.415358 -0.8507905 -1.724187 0.8333333
-1.003166 -0.8412442 -1.775198 0.6666667
-0.5501107 -0.8647228 -1.793295 1.111111
-0.1041088 -0.8559416 -1.83437 0.6666667
0.2237713 -0.8567613 -1.74549 1
0.6680654 -0.878738 -1.76235 2
1.008476 -0.8513727 -1.823226 1.593333
-14.0493 -0.5676912 -1.702867 5
-13.5183 -0.4414977 -1.808029 6
-10.7205 -0.5645765 -1.758047 4.625
-9.205797 -0.5789858 -1.622043 6
-8.734534 -0.5091577 -1.63011 6
-7.468257 -0.6102033 -1.773488 3.25
-6.930785 -0.5818132 -1.855931 2.558333
-6.586084 -0.5202351 -1.820809 2.340278
-6.251828 -0.5741577 -1.834498 3.122392
-5.782836 -0.615055 -1.902553 3.013902
-5.424651 -0.614539 -1.932534 2.942202
-5.035761 -0.6234289 -1.947353 2.41706
-4.663529 -0.6420214 -1.968094 2.842857
-4.211988 -0.7159965 -1.964233 1.55
-3.736594 -0.6767618 -1.961778 2.5625
-3.357085 -0.4049249 -1.984257 0
-2.822827 -0.5094358 -1.864438 0.9
-2.75792 -0.5342215 -1.879158 0.65
-0.925531 -0.4162252 -1.876182 0.5
1.065655 -0.5867509 -1.786295 3.431548
-14.01915 -0.03528081 -1.865933 7
-13.99578 -0.2328144 -1.71936 6
-10.60415 -0.208394 -1.737827 5.961538
-9.238111 -0.2993154 -1.736495 5
-9.092013 -0.1787356 -1.686406 5.954545
-8.586554 -0.1413687 -1.720585 6.155555
-8.176295 -0.1370992 -1.766267 6.017857
-7.806329 -0.1294465 -1.785251 6.2325
-7.423111 -0.157099 -1.813633 6.054
-7.009805 -0.1320811 -1.848034 5.976
-6.51007 -0.1875615 -1.790095 5.810714
-6.24772 -0.1959739 -1.848202 5.665909
-5.792734 -0.1501212 -1.911898 5.930392
-5.417078 -0.2027724 -1.935264 5.084605
-5.010931 -0.1788813 -1.961858 4.903738
-4.661714 -0.2293457 -1.970237 4.432954
-4.268902 -0.1195542 -1.976874 5.402777
-3.720605 -0.1710498 -1.976456 5.7
-3.52559 -0.2102214 -1.993636 3.125
-2.855951 -0.1784955 -1.920039 4.5
-2.723394 -0.08610237 -1.945167 5.5
-1.707518 -0.246523 -1.743598 2.285714
-1.474164 -0.2267722 -1.657975 2.249091
-0.9227387 -0.2141304 -1.702943 3.038889
-0.7755488 -0.04272304 -1.617051 5.75
1.06823 -0.1821513 -1.824351 6.24787
-14.00934 0.07617982 -1.855283 7
-13.9739 0.1121222 -1.741659 7
-10.60312 0.2401723 -1.733927 7.785739
-9.290308 0.1578288 -1.691671 7.653728
-8.980484 0.1860277 -1.710888 7.734042
-8.608025 0.2330832 -1.729087 7.869561
-8.189763 0.2010475 -1.777338 7.886871
-7.79262 0.2112084 -1.784558 8.103442
-7.409398 0.2277664 -1.820733 8.190982
-7.007108 0.2052048 -1.840605 8.398693
-6.533355 0.2103023 -1.801593 8.403682
-6.260314 0.2290273 -1.837814 8.586919
-5.79589 0.3059914 -1.906493 9.112918
-5.399673 0.267416 -1.935856 9.137221
-5.021141 0.2649639 -1.954762 9.304071
-4.65693 0.2548381 -1.969206 9.456061
-4.164468 0.2054663 -1.979898 9.849999
-3.736901 0.2437684 -1.968347 9.191667
-3.512459 0.241955 -1.993599 11.16667
-2.877625 0.2411088 -1.95519 8.974025
-2.628342 0.271845 -1.949206 9.318182
-1.742843 0.2687621 -1.730541 10.76889
-1.55134 0.3235841 -1.645525 11.61788
-1.013408 0.1690172 -1.829444 8.997786
1.068668 0.2133586 -1.810401 9.081022
-14.05113 0.5254965 -1.809501 8.285063
-10.5895 0.6532189 -1.734169 9.185886
-9.387733 0.7506306 -1.636974 9.919
-9.038212 0.7247946 -1.658663 10.19106
-8.523671 0.5998417 -1.687462 9.600816
-8.213804 0.5519551 -1.724013 9.754571
-7.810947 0.5798597 -1.747383 9.732413
-7.411023 0.606214 -1.797881 10.52254
-6.997713 0.6021606 -1.827913 10.81907
-6.566011 0.6329064 -1.803303 11.73085
-6.271412 0.6258878 -1.832762 11.14935
-5.820497 0.6646157 -1.899349 12.07458
-5.421861 0.631305 -1.929237 12.15743
-4.996365 0.6256572 -1.95312 12.28241
-4.61985 0.6042106 -1.964909 12.31731
-4.265284 0.5193763 -1.975078 13.69994
-3.722621 0.5739055 -1.961528 11.7
-3.538651 0.4607397 -1.989221 15
-2.700509 0.6287872 -1.925663 13.11299
-1.682269 0.4944634 -1.794991 14.11263
-1.532953 0.493366 -1.621564 14.70411
-1.042863 0.5446704 -1.803761 14.64644
1.084189 0.5911717 -1.792881 11.75265
-14.06838 0.9072849 -1.760353 9.054
-10.61825 0.9483539 -1.744918 10.45378
-9.293333 1.065459 -1.607742 11.52987
-8.904363 1.11489 -1.628205 11.8312
-8.59589 1.043316 -1.695039 11.35069
-8.155069 1.111989 -1.72884 11.62667
-7.768006 1.045689 -1.752041 12.01343
-7.42267 0.9768077 -1.791749 12.36624
-7.006898 0.9905132 -1.819515 12.88092
-6.542526 0.9603198 -1.796837 12.98458
-6.273924 0.9937866 -1.831 12.38003
-5.829853 1.011012 -1.884722 12.82719
-5.395802 1.044065 -1.918466 13.08823
-4.99364 1.039804 -1.955502 13.38095
-4.642805 1.005605 -1.964071 13.22727
-4.283723 1.02854 -1.971509 13.36
-3.813686 1.064759 -1.941054 13
1.074615 0.9866732 -1.779939 13.63822
-14.08332 1.26342 -1.81857 10.0525
-13.99458 1.244982 -1.843273 10
-10.62259 1.256117 -1.764952 11.9409
-9.327298 1.407555 -1.611326 12.47713
-9.004815 1.404225 -1.667117 12.71945
-8.603937 1.405663 -1.68695 12.94958
-8.20959 1.369997 -1.712234 13.26045
-7.788281 1.381584 -1.754658 13.10726
-7.412996 1.415632 -1.779639 13.35159
-7.024938 1.366473 -1.80007 13.55892
-6.526124 1.348559 -1.797511 13.97419
-6.23977 1.387037 -1.841794 13.79608
-5.788177 1.366234 -1.863463 13.54861
-5.429275 1.412231 -1.894515 13.8125
-4.977248 1.429958 -1.94437 14.27936
-4.65645 1.456317 -1.956413 14.66508
-4.239992 1.396871 -1.940881 14.625
-3.697873 1.359732 -1.947841 14.66667
1.084362 1.369743 -1.76892 14.25641
-14.00641 1.61972 -1.648857 11.3755
-13.98336 1.600876 -1.743065 11
-12.84304 1.955818 -1.640727 12.157
-9.271255 1.815858 -1.661185 13.53788
-8.95742 1.820768 -1.668876 13.90477
-8.637041 1.810195 -1.696514 13.63474
-8.259701 1.782899 -1.711192 14.1648
-7.787218 1.754893 -1.747801 13.91547
-7.399117 1.787418 -1.766606 13.86992
-7.022564 1.754628 -1.796862 14.01562
-6.455643 1.672987 -1.750849 14.01962
-6.239346 1.784772 -1.785648 14.67426
-5.76792 1.735834 -1.866921 14.825
-5.410983 1.714167 -1.875845 15
-5.098991 1.655069 -1.900702 15.00975
1.124743 1.692756 -1.793315 15
-7.342681 -0.8244281 -1.34952 1.25
-6.187477 -0.8518925 -1.390127 4
-5.739808 -0.8125945 -1.3876 4
-5.235462 -0.8069164 -1.385334 3
-5.06114 -0.8125121 -1.519033 2.333333
-4.508755 -0.8360538 -1.370151 3
-4.082255 -0.8443168 -1.326101 3
-3.804704 -0.8247643 -1.364818 2.25
-3.41047 -0.8227404 -1.545403 2
-2.987226 -0.8522341 -1.323199 0.6666667
-2.586162 -0.8522475 -1.424554 1.25
-2.191686 -0.8384667 -1.525009 0.25
-1.80194 -0.8576111 -1.438065 0.25
-1.350135 -0.8640127 -1.420082 0.6666667
-1.04804 -0.8716509 -1.350926 0.6
-0.7139206 -0.8637447 -1.495997 0.3333333
-0.2799887 -0.8718991 -1.419763 1.166667
0.1070824 -0.8558098 -1.274213 0
0.6358671 -0.8834462 -1.446193 1
1.060573 -0.8837673 -1.37358 2
-14.04349 -0.5227276 -1.46177 5
-13.9998 -0.5192376 -1.391098 5
-10.59449 -0.6197216 -1.568264 6
-7.353306 -0.6518503 -1.386442 2.189655
-6.447129 -0.6848029 -1.336802 2.666667
-6.228588 -0.7068428 -1.418613 2.037255
-5.711976 -0.7683623 -1.202233 1
-5.365732 -0.7863739 -1.37281 0.6666667
-4.956153 -0.7958846 -1.427429 0.6
-4.789186 -0.7997695 -1.336267 0
-2.424306 -0.4358678 -1.510093 0.8095238
-2.219957 -0.4364257 -1.223299 0
-1.187719 -0.4003537 -1.47638 0.5
1.085542 -0.6143264 -1.43061 3.318972
-13.95428 -0.2568949 -1.409314 6.666667
-11.46044 -0.2475429 -1.519693 6.333333
-10.97109 -0.2258653 -1.508509 6.125
-10.60813 -0.234119 -1.550424 7
-9.226771 -0.2423237 -1.595745 6
-8.639096 -0.02394751 -1.451522 7
-8.348521 -0.02346277 -1.497056 7
-7.881683 -0.02235827 -1.525779 7
-7.299289 -0.2382602 -1.378556 5.185185
-7.189791 -0.01960729 -1.310185 6
-6.473111 -0.2602284 -1.491094 6
-6.303923 -0.2061789 -1.3845 4.2
-2.454571 -0.2298762 -1.50668 3.45
-2.231531 -0.2395574 -1.315623 2.920833
-1.882783 -0.232337 -1.471233 2.469048
-1.388168 -0.2201292 -1.492104 3.064815
-1.167209 -0.134707 -1.442782 4.5
1.090777 -0.1543402 -1.452516 6.36618
-13.95663 0.1901605 -1.430166 7.520375
-11.14894 0.3118491 -1.250586 8.1575
-10.6086 0.2283596 -1.569077 8
-9.151323 0.2991143 -1.562873 8.0825
-7.249852 0.2565763 -1.276909 8.64798
-7.181477 0.2276364 -1.402618 8.428917
-6.279383 0.2142562 -1.43378 8.576327
-2.45083 0.1601023 -1.327154 8.5
-2.170862 0.2997142 -1.386011 11.04103
-1.826975 0.2462876 -1.481085 10.62462
-1.342805 0.2531908 -1.422612 10.77487
-0.8390797 0.3352537 -1.522556 12.01481
-0.73135 0.260525 -1.525888 10.91747
1.115347 0.2055324 -1.413209 9.353356
-14.00592 0.7004637 -1.433307 9.040751
-11.26895 0.6530837 -1.261972 9.1575
-10.59911 0.6085005 -1.548109 9.0535
-9.058252 0.7511717 -1.594507 10.58225
-8.18294 0.4586452 -1.312539 9.136083
-7.705064 0.5403616 -1.559189 9
-7.296494 0.6961591 -1.362232 11.54544
-7.185603 0.644223 -1.294747 10.27233
-6.534512 0.7178384 -1.576845 10
-2.447671 0.5547546 -1.245472 14.24408
-2.214519 0.5606349 -1.350692 14.77897
-1.857188 0.4881052 -1.417822 14.8107
-1.424164 0.5083032 -1.439124 14.90576
-0.8865486 0.5259393 -1.563334 15
-0.783787 0.5177133 -1.517574 15.1
1.115831 0.5740975 -1.421051 12.02329
-14.01175 0.9645258 -1.307996 9.109
-10.89589 1.00858 -1.484341 11.062
-10.62569 0.9418088 -1.565137 10.10675
-10.29888 0.8484972 -1.339228 10.1535
-9.404372 0.800391 -1.585906 11.06
-8.290154 1.177332 -1.484038 11
-7.710248 1.012686 -1.51887 10.66667
-7.351524 0.8851078 -1.466692 10.85016
-6.521694 1.047969 -1.578906 11.33333
1.105066 0.9724489 -1.395236 13.65592
-14.03045 1.2754 -1.467975 10.06656
-13.97852 1.595466 -1.348835 11
-11.26835 1.31335 -1.432293 12.0625
-9.351568 1.535055 -1.585243 13.53
-8.982296 1.385198 -1.49489 12.79125
-8.797915 1.559015 -1.40436 12
-8.26087 1.477338 -1.472872 12
-7.834702 1.486936 -1.521885 12.25
-7.440565 1.417027 -1.5582 12.22222
-6.522167 1.383163 -1.571144 12.66667
1.117834 1.395404 -1.352733 14.62037
-14.01842 1.603192 -1.504339 11
-13.99083 1.710265 -1.522438 11.0405
-12.94049 1.945163 -1.362778 12.156
-11.46555 1.87701 -1.404365 12.57475
-10.99751 1.851184 -1.445489 13.33072
-10.44768 1.943825 -1.224661 14.108
-10.24331 1.945731 -1.368717 15.0845
-9.639449 1.952909 -1.38318 14.1525
-9.376578 1.847679 -1.488999 14.25775
-8.916292 1.891478 -1.545419 14.81783
-8.674078 1.917307 -1.40419 14.07575
-8.263834 1.787398 -1.494933 13
-7.695821 1.836542 -1.410995 13.83345
-7.42141 1.863745 -1.462153 13.91567
-6.49177 1.765989 -1.523683 14.36492
-6.274212 1.863953 -1.411474 15.03165
1.137179 1.669213 -1.572406 15
-6.204628 -0.8331406 -0.9960244 4
-5.464968 -0.8108931 -1.057174 3.5
-4.869787 -0.8026449 -1.086949 0
-4.58708 -0.8259482 -0.9517414 2
-4.206487 -0.8316734 -1.012348 2.5
-3.834818 -0.8369907 -1.03272 1.75
-3.469607 -0.8511502 -0.921699 1
-3.017749 -0.8585894 -1.060529 1.5
-2.573992 -0.8506125 -0.9853271 1
-2.138256 -0.8607082 -0.9927908 0.5
-1.771617 -0.8681265 -1.017424 0.3333333
-1.428377 -0.8663313 -1.013335 0
-0.9468063 -0.8912095 -1.121071 0.5
-0.7148488 -0.8777305 -0.8900564 0.6666667
-0.07748985 -0.8881395 -1.129389 1.5
0.1001041 -0.9001966 -0.9851873 1.75
0.5824852 -0.871332 -1.07504 0
1.088152 -0.8590907 -0.9615785 1.355555
-14.01226 -0.5175139 -1.070232 5
-13.90869 -0.4792831 -0.9896979 6
-7.243612 -0.6516342 -1.081428 2.989583
-7.141258 -0.5601286 -0.8945213 2.523077
-6.238141 -0.7320667 -1.044899 2.5
-5.785574 -0.7961609 -0.8877761 0
-5.468074 -0.7860458 -1.037879 0.75
-5.147184 -0.794574 -1.08681 1
1.057549 -0.5969675 -0.9590603 3.15813
-13.92415 -0.08417579 -0.9304802 6.666667
-10.82469 -0.1668457 -0.8838578 6.5
-8.874923 -0.09632789 -1.054722 6
-7.277721 -0.2640307 -1.090286 4
-7.12457 -0.3510428 -0.9086631 5
-6.218322 -0.2229433 -0.9578046 4
1.074455 -0.19112 -0.9556473 6.001738
-13.94003 0.2803374 -1.007766 7.5
-10.84746 0.300439 -0.8131106 8
-10.67332 0.2970581 -0.9131897 8.051499
-8.414886 0.1085698 -1.185794 7
-8.305262 0.208773 -1.102085 8.016251
-6.229699 0.2116746 -0.9526381 8.788394
-2.451318 0.3852863 -1.190292 11.97207
1.105267 0.2041167 -0.9666831 9.17975
-10.83906 0.6146369 -0.9365904 9.07725
-8.0308 0.4421677 -0.9458488 9.153
-7.936492 0.4428751 -0.8190372 9.1085
-7.216588 0.6441548 -1.068703 10.83144
-7.151436 0.72514 -0.9757203 11.91232
-2.42269 0.5282828 -1.185915 14
1.126163 0.5726328 -0.9576149 12.32611
-13.95635 0.8069375 -0.9088848 9
1.139732 0.953178 -0.9928172 13.84375
-14.01019 1.2346 -0.8302178 10.0875
-13.98822 1.415309 -0.8795892 10.54375
1.154724 1.38258 -0.9247752 14.6
-13.98452 1.704815 -1.140416 11.04125
-13.04911 1.948349 -0.9338515 12.15713
-11.49897 1.832341 -1.138681 12.0405
-10.90523 1.944019 -1.072492 14.34294
-10.20589 1.950829 -1.049706 14.62012
-9.47322 1.912149 -1.055346 14.10183
-9.039374 1.947315 -0.8777615 15.154
-8.560154 1.931445 -1.100275 15.15275
-8.375148 1.940285 -1.121054 15.1565
-7.791228 1.872633 -0.9908453 14.04425
-7.501352 1.888432 -1.126457 14.0825
-6.599438 1.857328 -0.9833236 15.05904
-6.260541 1.850642 -1.119247 15.07088
-7.067779 -0.8087603 -0.7518735 0
-6.164585 -0.8620496 -0.6758583 3.916667
-5.751523 -0.8180555 -0.690933 2.666667
-5.597518 -0.8153293 -0.7794309 4
-4.948154 -0.805549 -0.654342 0
-4.616542 -0.8335949 -0.559867 2.6
-4.265393 -0.8265624 -0.6026566 1.75
-3.836969 -0.8531807 -0.6257504 1.333333
-3.416716 -0.8501837 -0.6297825 1.833333
-3.004476 -0.8510155 -0.5918971 1
-2.624688 -0.8495811 -0.6131093 0.5714286
-2.261514 -0.8919996 -0.4108597 0
-1.950512 -0.8932688 -0.6422991 0
-1.237967 -0.8847027 -0.6824164 0
-0.5298696 -0.8943214 -0.6057279 0.8
0.2500601 -0.9047627 -0.6541356 1.714286
1.10209 -0.8866949 -0.6450983 1.833333
-13.90236 -0.4827488 -0.7765602 6
-9.076144 -0.4308976 -0.5020763 4
-7.059755 -0.5994292 -0.6353253 2.433333
-6.518073 -0.6084517 -0.5523438 3
-6.221452 -0.5827352 -0.5144476 3.167367
-5.765794 -0.7821746 -0.6914486 1
-5.39781 -0.7930961 -0.6000609 0.8
-5.153732 -0.7978376 -0.742001 0
1.11383 -0.5862834 -0.639627 2.484237
1.21276 -0.4075631 -0.47183 0
-13.90247 -0.08177712 -0.6554043 6.666667
-9.112234 -0.09736025 -0.5084661 6
-7.954407 -0.09057948 -0.6897035 6.5
-7.037397 -0.2823587 -0.5509197 4
-6.429477 -0.1056304 -0.4454531 4.928571
-6.220637 -0.214048 -0.5020313 4.741806
1.135117 -0.198504 -0.6627775 5.585173
1.226212 -0.04849302 -0.5517379 7
-13.89476 0.3211963 -0.5824299 7.718833
-7.948805 0.274036 -0.636614 8.33175
-6.454883 0.2493102 -0.4637673 9.603333
-6.214825 0.236304 -0.4909502 8.889623
1.138503 0.1991983 -0.6824415 9.45232
1.2289 0.1639917 -0.5924084 9.909064
-6.991962 0.691275 -0.6043397 11.87068
-6.43094 0.6369531 -0.532111 14.3725
-6.237131 0.6055938 -0.4770939 11.84604
1.157494 0.5723049 -0.669848 12.25
1.219497 0.4976463 -0.4893627 14.05
-13.92105 0.8768958 -0.6392098 9
-6.936146 0.8188134 -0.4501972 15
-6.243094 0.9904391 -0.4693945 12.99646
1.171349 0.9515926 -0.6485639 13.79882
1.200406 0.9947773 -0.4403716 15
-14.00108 1.226838 -0.5699682 10.1565
-13.95358 1.405606 -0.5941507 10.6442
-6.215712 1.38145 -0.477475 14.06436
1.184937 1.351302 -0.5310802 14.57143
-13.93971 1.729349 -0.5190408 11.57237
-13.21475 1.950682 -0.516728 12.1565
-13.05589 1.942276 -0.6865346 12.15775
-11.63435 1.846332 -0.7368984 12.0415
-11.20332 1.9475 -0.7399408 14.0875
-11.11981 1.931566 -0.5439752 13.156
-10.4806 1.930407 -0.4581403 14.111
-10.25249 1.933729 -0.7563198 15.08725
-9.7546 1.941484 -0.5714614 14.1555
-9.507282 1.929654 -0.5089254 14.15938
-8.557223 1.930979 -0.5527503 15.157
-7.960217 1.882826 -0.5095494 14.04138
-6.887159 1.863698 -0.6045159 15.099
-6.556547 1.862444 -0.6321906 15.06719
-6.240176 1.748581 -0.4826171 15.00627
-6.094441 -0.8449209 -0.2386414 3.333333
-5.635351 -0.8023597 -0.3704615 3
-5.256493 -0.8016376 -0.1477244 0
-4.958377 -0.8351232 -0.1546255 2.5
-4.560099 -0.8328587 -0.1541322 2.285714
-4.157336 -0.8464112 -0.2803046 1
-3.746431 -0.8480708 -0.1431108 1.8
-3.429213 -0.8494716 -0.272553 1
-2.991481 -0.8614959 -0.1754855 0.5
-2.528421 -0.8849332 -0.08848763 0
-2.266963 -0.8743421 -0.3343257 0
-0.9970166 -0.9052644 -0.2493562 0
-0.485184 -0.9070041 -0.2192677 1
-0.2828375 -0.8915592 -0.1928203 0.5
0.2574345 -0.9207233 -0.2174384 2
0.6078525 -0.9258217 -0.1521776 1
1.170436 -0.8800349 -0.2981296 2.057143
1.207792 -0.8844814 -0.16657 1.571429
-13.88111 -0.4942542 -0.1351184 6
-6.896446 -0.599731 -0.2995399 2.607143
-6.592978 -0.4895319 -0.1687245 1.234848
-6.215493 -0.6416653 -0.2927955 3.141667
-5.787609 -0.5984568 -0.07902144 1.619048
-5.524849 -0.7251852 -0.09883783 1.25
1.177265 -0.5541885 -0.2717565 2.67803
1.212887 -0.6013888 -0.07391532 3.443636
-13.83749 -0.06882473 -0.07767973 7
-6.872854 -0.1790108 -0.2579411 5.506945
-6.40965 -0.1163321 -0.1576937 4.666667
-6.294232 -0.1310873 -0.1764556 4.951001
-5.697476 -0.1621969 -0.006300982 3.576923
-5.579391 -0.169428 -0.0007186458 5.5
1.179166 -0.1798309 -0.2914801 5.966667
1.218536 -0.1733613 -0.1941152 5.997436
-14.01679 0.3615568 -0.1402942 8
-13.86097 0.3562223 -0.07784279 8
-8.961782 0.2320779 -0.3875801 8.0665
-6.887498 0.2211903 -0.2342042 8.368644
-6.627811 0.215647 -0.2476686 8.316934
-6.289996 0.2117224 -0.1899907 8.578625
-5.7054 0.1655457 -0.004221924 8.1
1.185521 0.2059611 -0.3002205 9.107408
1.223655 0.1854026 -0.1497544 9.634756
-6.893617 0.5973143 -0.2281892 11.68903
-6.292544 0.662746 -0.292977 11.0288
-5.647697 0.6071801 -0.01257692 11.83333
1.185271 0.6094347 -0.291923 11.8125
1.223343 0.5562239 -0.1306245 12.41653
-6.308315 0.9968094 -0.3439306 12
-5.597602 0.9786617 -0.001253545 14
1.193262 0.960911 -0.3239354 13.38889
1.224512 0.9893142 -0.1461747 13.65926
-13.91728 1.215548 -0.08450592 10.161
-6.297767 1.430136 -0.3587507 13.58333
1.192019 1.319545 -0.2824225 15
1.218588 1.410128 -0.1470414 14.56667
-13.89662 1.645428 -0.07977617 11.161
-13.04109 1.940635 -0.1744684 12.16075
-11.20025 1.947826 -0.1093231 14.09
-10.478 1.927178 -0.1711398 14.11217
-9.563145 1.923097 -0.1870726 14.79492
-8.580696 1.926973 -0.2577704 15.15825
-6.66613 1.854369 -0.3174118 15.043
-6.225805 1.768136 -0.3275357 15
-5.261412 -0.8194728 0.2896077 1
-5.037236 -0.8594885 0.252684 2.8
-4.608912 -0.8339622 0.1525778 1.5
-4.155573 -0.863079 0.2011319 2
-3.852646 -0.8457766 0.1664898 1.666667
-3.347658 -0.8597159 0.1752369 0.6666667
-2.993694 -0.8817287 0.1522415 0.3333333
-2.672413 -0.8733634 0.1862961 0
-0.9491982 -0.9068466 0.1517037 0
-0.4569198 -0.9118676 0.1877821 1
-0.1346004 -0.8965613 0.1983066 0.5
0.2982539 -0.9259562 0.1914117 2
0.4145589 -0.9224307 0.397521 2
1.093279 -0.8815446 0.121648 1.1
1.218693 -0.8810036 0.2097711 1.8
-7.894561 -0.5954044 0.2200679 2
-6.63799 -0.4733059 0.1741338 1.2
-5.637645 -0.4651466 0.005394325 1.595238
-5.40758 -0.5963819 0.1716344 2.781989
1.192594 -0.4937308 0.1022867 0.8
1.227149 -0.5783719 0.2024548 2.832143
-6.660914 -0.06497061 0.1019828 5.477778
-6.283501 -0.2170253 0.02370006 3
-5.65743 -0.1485823 0.005215967 2.8
-5.430958 -0.182089 0.1607568 4.949941
1.234632 -0.1747076 0.1836702 5.960144
-6.694977 0.306022 0.1051876 9.624597
-6.149839 0.2072356 0.05348861 9.079999
-5.716545 0.2712488 0.003775844 10.83163
-5.438116 0.2233409 0.1760361 9.611492
1.072225 0.2400239 0.3370978 12.26063
1.248396 0.2113626 0.1884432 10.06312
-6.800761 0.4204555 0.07223248 11
-6.705639 0.6442657 0.097269 13.17951
-6.31207 0.4027256 0.01268384 10
-5.687925 0.5140543 0.01483503 14.13315
-5.457208 0.6138908 0.1510635 11.82507
1.236766 0.5803212 0.1824302 12.55972
-6.737142 0.9921862 0.1104075 14.87183
-5.465814 1.004089 0.1554391 13.48555
1.234856 0.9649518 0.1970853 13.65926
-13.91545 1.42306 0.189164 10.795
-5.472295 1.412339 0.1584038 14.55833
1.246743 1.364923 0.2220238 14.6
-13.86016 1.829302 0.3366696 12.03033
-10.20451 1.92321 0.02362889 15.09075
-9.576043 1.921388 0.1531277 15.11375
-5.303638 -0.8588707 0.5629216 2.333333
-5.074227 -0.8550725 0.5848877 2.666667
-4.713296 -0.8325331 0.6536586 0
-4.180238 -0.8454229 0.6218487 1.6
-3.860141 -0.8487332 0.6941029 1.333333
-3.403783 -0.8609014 0.5740675 0.8571429
-2.95792 -0.8862645 0.6078448 0
-2.777797 -0.8669978 0.4124113 0
-1.002237 -0.9097387 0.4873887 0
-0.5863653 -0.9101492 0.4690648 0.6666667
-0.2604496 -0.9031227 0.5323833 1
0.1656291 -0.9210567 0.5295873 1.333333
0.4202127 -0.9212509 0.6774227 2
0.8817248 -0.9499311 0.6265049 1
1.238297 -0.8775665 0.5697933 1.95
-8.909204 -0.7739689 0.6803142 2
-6.547504 -0.5598552 0.5506966 2
-6.093743 -0.6062605 0.7454333 2.190476
-5.714506 -0.5674511 0.7493271 3.098485
-5.443215 -0.5725334 0.6167881 3.145159
1.25879 -0.5641224 0.599964 3.184821
-8.931244 -0.1920852 0.6347904 6
-6.548069 -0.08766811 0.5620073 5.857143
-6.076292 -0.233276 0.7573854 3.722222
-5.673795 -0.1733206 0.7417965 5.376923
-5.454714 -0.1625381 0.6231526 4.532362
1.263746 -0.1944693 0.5938091 5.575196
-13.8655 0.1833698 0.617687 7
-8.911568 0.1179246 0.6442127 7.29125
-6.53957 0.2609506 0.5680714 9.5
-6.133682 0.2322509 0.7104155 9.6985
-5.692524 0.1961864 0.7468758 8.882171
-5.462706 0.2350088 0.6323959 9.777179
1.272657 0.2069754 0.560719 10.35518
-6.504711 0.6153421 0.5857052 12.80383
-6.081851 0.6197935 0.7496474 13.45238
-5.696648 0.5546971 0.7554044 12.19647
-5.465532 0.6008473 0.6590834 12.24873
1.265864 0.5590144 0.5801267 12.17475
-6.536438 0.9797186 0.5762464 15
-6.090658 0.9741976 0.7782504 12
-5.644282 1.003553 0.7617705 13.08333
-5.455312 1.000567 0.6522985 13.33177
1.270008 0.9447309 0.6231489 13.44167
-13.87068 1.373208 0.669642 10.66667
-6.098158 1.521642 0.7187468 15
-5.67116 1.388133 0.7672071 14.5176
-5.468211 1.387869 0.6695863 14.61111
1.282109 1.353651 0.6286529 14.625
-13.8332 1.79594 0.6752623 11.77453
-13.20935 1.928262 0.5953083 12.11425
-11.64472 1.934879 0.7854028 14.07125
-11.09943 1.945362 0.7895354 14.0935
-10.66099 1.932805 0.5284636 14.8796
-10.13805 1.924435 0.6185173 15.0935
-9.513971 1.906264 0.4175213 15.115
-5.468988 -0.8336378 1.128013 2
-4.969853 -0.8378743 1.008768 2.2
-4.561975 -0.8512797 0.9779164 1.333333
-4.165084 -0.8532052 0.9956937 1.75
-3.743763 -0.8540916 1.061243 0.5
-3.358775 -0.8731334 1.00911 0.6
-3.02299 -0.8776464 1.051121 0
-1.215412 -0.9079891 1.076712 0
-1.076741 -0.9064462 0.8695911 0
-0.616268 -0.9107686 0.8438746 0.6666667
-0.2893464 -0.9058943 0.9575877 1
0.1938857 -0.9181648 1.036961 1.2
0.4093742 -0.9194886 0.8650392 2
1.104081 -0.9274577 1.023807 1.85
1.259946 -0.8901635 0.972837 1.583333
-13.8795 -0.5154346 0.9692693 5
-9.518575 -0.5700082 0.8927239 5
-6.524614 -0.6259773 1.168148 4.333333
-6.089326 -0.5967744 0.8985617 3.798039
-5.79897 -0.7003888 1.02556 3.5
-5.501323 -0.6372699 0.8525276 3.2
1.285738 -0.5869676 1.02913 3.060476
-13.85442 -0.2168784 1.025325 6
-7.631905 -0.05958329 0.9354413 6.5
-6.50627 -0.1372174 1.143599 5.954545
-6.129451 -0.1796627 0.9287015 5.587765
-5.742945 -0.2276549 1.002404 4.194445
-5.549204 -0.1047497 0.8424278 6.333333
1.289841 -0.1850192 0.9932885 5.5379
-13.86942 0.1830433 0.9633204 7
-7.611992 0.1668107 0.940116 8
-7.582821 0.1018746 0.9297245 7
-6.546601 0.2469618 1.129506 8.945759
-6.143928 0.2082829 0.9442522 8.7824
-5.80821 0.2046113 1.011441 8.75152
-5.539338 0.2447526 0.8283895 8.666667
1.298177 0.2074847 0.9787354 10.42962
-13.84695 0.4611759 1.144816 8.078667
-7.616795 0.5659629 1.073347 9.166667
-6.511348 0.5925231 1.135753 12.08535
-6.138602 0.6215748 0.9478636 11.65772
-5.634053 0.6508669 0.8682497 10.58333
-5.518743 0.6410652 0.8761666 10.5
1.290711 0.5890646 1.00046 12.13284
-7.634396 0.9553376 1.031528 10.75
-6.487297 0.9950908 1.155621 12.8795
-6.132656 1.004257 0.9602414 13.13533
-5.645699 1.032395 0.8926539 12.5
-5.557807 0.986052 0.8443962 12.6935
1.299304 0.9589346 1.058951 13.62013
-13.82739 1.425948 1.002826 10.75
-7.623509 1.386512 1.028746 12.5
-7.589393 1.366515 1.034445 12.5
-6.51058 1.385078 1.147978 13.95572
-6.112263 1.395163 0.9574622 13.975
-5.661156 1.425015 0.9443163 14.5
-5.57411 1.41119 0.8681925 14.5
1.314074 1.38768 1.044672 14.6
-13.81441 1.766767 1.020661 11.8
-13.18333 1.924756 0.8506578 12.115
-10.98253 1.922569 0.9585346 14.09425
-6.550719 1.714503 1.139478 15.02375
-6.109921 1.669378 0.9607772 15
-5.474539 -0.825763 1.319674 1
-5.01636 -0.835438 1.39678 1.666667
-4.546476 -0.8607522 1.382302 2
-4.187757 -0.8509145 1.417495 1.75
-3.848449 -0.861567 1.466575 0.6666667
-3.423645 -0.869157 1.373997 0.75
-2.968083 -0.8707197 1.409282 0
-1.370265 -0.9066156 1.401352 0
-1.014522 -0.9015531 1.288429 0
-0.6319595 -0.9101605 1.264856 0.75
-0.1034622 -0.9032814 1.47871 1
0.0546964 -0.9216599 1.430885 1.333333
0.9616101 -0.9052496 1.377672 1.377778
1.278417 -0.8854717 1.448357 0.8148148
-6.468083 -0.5552415 1.345742 4.452381
-6.355189 -0.5927505 1.462476 1.95
-5.730487 -0.734099 1.347658 3
0.705506 -0.5760831 1.494613 2
0.9205018 -0.5645253 1.529267 2.416667
1.328234 -0.5738379 1.429669 3.246528
-13.8241 -0.166902 1.270683 6
-6.428197 -0.1603521 1.351465 5.925055
-6.311723 -0.1652133 1.41376 5.569047
-5.791117 -0.1203441 1.365085 4.767262
-5.444456 -0.2151881 1.531924 4.529629
0.7305324 -0.2297373 1.47287 5.267857
1.331618 -0.2010471 1.413802 5.309192
-13.83488 0.1820976 1.253095 7
-10.5812 0.1826433 1.265701 8.087501
-6.438907 0.1918658 1.294278 8.483636
-6.337661 0.2256337 1.436402 8.627643
-5.820475 0.1660489 1.320078 8.37753
-5.442604 0.1870137 1.46199 8.994483
0.7363034 0.2576533 1.422211 9.916667
1.329339 0.1944522 1.36054 10.73765
-13.83816 0.5292431 1.375683 8.047125
-6.432124 0.6131683 1.389936 11.7908
-6.353462 0.612289 1.438402 11.50774
0.7409945 0.5182957 1.368719 12.41667
0.9610338 0.6174163 1.557679 13.09041
1.332871 0.5610041 1.43304 12.18133
-6.434088 0.9560388 1.402896 13.37188
-6.325445 1.021607 1.407681 12.88865
-5.696804 1.015753 1.268606 12.678
-5.336023 0.8755016 1.305176 12.26225
-4.919448 0.9308524 1.269114 13.013
-4.566088 0.8644528 1.282599 13.014
1.342525 0.9539515 1.47898 13.66667
-13.87319 1.239469 1.269906 10
-6.465818 1.45971 1.295208 13.75
-6.341723 1.388659 1.383386 13.80952
1.32825 1.37283 1.386488 14.52
-6.456868 1.760551 1.26224 15.01085
-6.346593 1.735695 1.414206 15
-4.87221 -0.8272064 1.939823 2.25
-4.612786 -0.8448098 1.864704 2
-4.147448 -0.8635479 1.830116 2
-3.8939 -0.8568189 1.871789 0.5
-3.41325 -0.8660373 1.73905 0.8333333
-2.993559 -0.8804201 1.767531 0
-1.700849 -0.9021395 1.896404 0
-1.015505 -0.9096466 1.778908 0.75
-0.6216401 -0.9045318 1.712089 0.5
-0.1934616 -0.9177496 1.869818 1.666667
0.2042537 -0.9094129 1.697911 1
0.6608211 -0.8458688 1.828265 0.25
0.9479834 -0.9224726 1.783552 1.3
1.326293 -0.8862264 1.798453 1.288889
-11.87851 -0.5009037 1.677996 6
-9.060548 -0.7150816 1.909912 4
-6.504725 -0.5639115 1.766958 3.9
-6.327025 -0.5609359 1.665185 4.25
-5.317475 -0.5760614 1.773696 1.530612
-4.952934 -0.5387785 1.951481 2.37996
-0.2235979 -0.5752004 1.886792 0.9
0.7222422 -0.5750516 1.72883 2.25
0.8420423 -0.6031243 1.757199 2.228571
1.355087 -0.5737731 1.809067 3.532692
-9.070165 -0.2116466 1.90821 5.833333
-6.490551 -0.1312586 1.717758 6
-6.338316 -0.09719916 1.685836 6.5
-5.367502 -0.1415641 1.737619 4.121212
-4.951998 -0.1908636 1.926559 4.619366
-0.2225751 -0.2046967 1.880722 5
0.7544961 -0.2281559 1.729064 5.433333
0.9009296 -0.2614791 1.737996 5.305195
1.351089 -0.1834455 1.796116 5.438889
-12.3771 0.1872541 1.711941 8.04325
-9.104892 0.1225789 1.897408 7.352167
-6.5065 0.2082638 1.729559 8.401753
-6.382167 0.3289735 1.63211 9
-5.34994 0.1976178 1.689567 9.048209
-4.963864 0.2174902 1.940377 9.409775
-0.2329573 0.2415126 1.883356 10.11846
0.1265378 0.06146147 1.920967 8.05825
0.7064998 0.2057282 1.768501 9.474976
0.9766299 0.1764638 1.625847 9.238636
1.363766 0.189657 1.792697 10.53328
-9.063567 0.770665 1.918949 9.5
-6.493925 0.5784041 1.751382 10.9225
-6.362549 0.5779504 1.6517 11.38324
-4.924161 0.5971082 1.957025 12.32336
-0.2916732 0.5494746 1.904885 13.66484
0.7245976 0.5333295 1.778752 12.5
0.8847829 0.6095545 1.72453 13.15975
1.374211 0.5779709 1.770506 12.33639
-9.020349 1.184401 1.959954 11
-6.511134 0.9979795 1.768675 12.15475
-6.366181 0.962595 1.655164 13.02762
-4.900928 0.9972653 1.929503 13.33386
0.9422332 0.8520983 1.862539 15.05275
1.389254 0.9679642 1.841231 13.7186
-9.059936 1.311399 1.90393 11.33333
-6.524374 1.416689 1.753471 13.59756
-6.347463 1.356523 1.713614 13.42857
-4.913146 1.314595 1.945035 14.73236
1.400632 1.404699 1.758859 14.69048
-9.043154 1.73212 1.878111 12.7685
-7.337896 1.853189 1.923407 15.111
-6.561581 1.786412 1.786007 15.02847
-6.350868 1.733384 1.692346 15
1.395336 1.632046 1.980221 15
-8.637377 -0.8349544 2.081466 4.5
-4.801285 -0.8173891 2.010611 3
-4.53998 -0.8497581 2.183642 1.5
-4.104324 -0.868022 2.206193 2
-3.894915 -0.8586395 2.244299 0.5
-3.397848 -0.8765668 2.180334 0.6
-2.922514 -0.8807448 2.191132 0
-2.670501 -0.883553 2.343117 0
-2.151803 -0.8988658 2.297984 0
-1.923749 -0.8960751 2.23914 0
-1.282243 -0.9092875 2.221054 0.75
-1.003926 -0.9059449 2.091324 0.5
-0.580166 -0.9162464 2.204027 1.5
-0.2206209 -0.9158827 2.245082 1.25
0.1742344 -0.9159184 2.179281 2
0.6044876 -0.9130732 2.236355 0.9
1.091047 -0.9522735 2.229028 1
1.333854 -0.9040312 2.229254 2.153846
-6.875857 -0.5032176 2.354728 2
-4.962275 -0.578083 2.060931 2.526316
-4.77494 -0.7505404 2.133811 2
-0.207656 -0.4921397 2.16718 2.166667
1.382158 -0.6054879 2.196276 3.269536
-9.083369 -0.2139463 2.116027 6.75
-6.828479 -0.03778001 2.319748 6.5
-6.76387 -0.137173 2.266196 5.444445
-4.967765 -0.1704489 2.08229 5.402777
-4.622634 -0.2737239 2.225233 4.017857
-0.1991564 -0.175592 2.091025 5.5
1.381718 -0.2210811 2.179044 5.295216
-9.106791 0.149734 2.180521 8
-6.823719 0.1600797 2.285707 8.516
-6.767754 0.1591573 2.32523 8.5245
-5.206828 0.0417195 2.109557 7
-4.98766 0.2068182 2.094398 8.740411
-4.65005 0.1671022 2.201545 8.935186
-4.387169 0.1534511 2.296814 8.097
-0.2865635 0.2408588 2.149734 10.06
1.383229 0.2136323 2.237549 10.19074
-9.084452 0.546084 2.193747 9.1875
-5.028003 0.5929882 2.09958 11.97578
-0.2729083 0.5014554 2.149683 12.88863
1.383986 0.6248318 2.190651 11.95753
-9.070131 1.033237 2.208836 10.68355
-4.972451 0.9808897 2.124367 13.08416
1.403899 1.013449 2.18628 13.48139
-9.040596 1.46544 2.175196 12
-4.953853 1.332677 2.117084 14.75532
1.428338 1.372415 2.205095 14.22222
-9.067394 1.800058 2.188545 13.00644
-7.717313 1.847609 2.28598 14.06325
-6.606685 1.839431 2.285744 15.06388
1.42954 1.631326 2.234465 15
-8.495051 -0.8525854 2.755154 4
-4.047079 -0.8691995 2.534769 2
-3.950665 -0.881952 2.55008 1.5
-3.37819 -0.8816082 2.646143 0.6666667
-3.008062 -0.8819457 2.658517 0.5
-2.614828 -0.8837683 2.642115 0.1666667
-2.276036 -0.8943948 2.528535 0.25
-1.680617 -0.9034126 2.565583 1
-1.466459 -0.9069955 2.522302 0.5714286
-0.9113896 -0.9101987 2.575676 0.6
-0.531829 -0.9225131 2.600512 1.125
-0.1856861 -0.9066811 2.637712 0
0.1734808 -0.9117499 2.606988 0.9166667
0.5971238 -0.9167497 2.618599 1.666667
1.067203 -0.9219918 2.590304 1
1.41459 -0.8692473 2.656818 2.814286
-9.08572 -0.5399274 2.712969 4.666667
-7.575902 -0.5053385 2.581791 3
-6.631827 -0.4337516 2.491907 2.4
1.422339 -0.5959759 2.572042 3.256372
-9.052187 -0.1606187 2.600013 6.7
-7.408718 -0.2235773 2.564387 5
-7.064067 -0.2065765 2.665655 5
-6.702713 -0.18436 2.515401 5.011111
-6.323267 -0.2346294 2.694119 4.25
-4.459957 -0.2623611 2.485164 4.25
-4.190661 -0.2863593 2.585264 3.576923
-3.930801 -0.2970561 2.705938 4.666667
1.429978 -0.2081838 2.572465 5.699667
-21.63952 0.286289 2.404041 7
-9.115294 0.1718374 2.630701 8.095607
-7.459372 0.1626918 2.579131 8.061
-6.576547 0.1852055 2.63328 8.80225
-4.56262 0.1528172 2.47595 8.69666
-4.169526 0.1494147 2.574409 8.595474
-3.893703 0.1694567 2.732814 8.91475
1.42786 0.2140526 2.579013 10.06637
-9.06416 0.5805373 2.625521 9.416667
-7.224783 0.5255869 2.521347 11.06175
-7.195603 0.5667665 2.743325 11.2633
-6.54326 0.5271173 2.652478 12.32177
1.438165 0.5668072 2.565811 12.42896
-9.046476 1.006134 2.648182 11.08667
1.446209 0.9680809 2.554734 13.29921
-9.03268 1.492918 2.643234 12.86807
1.486651 1.365338 2.60612 13.92963
-9.034802 1.809696 2.600033 13.6153
-8.328138 1.894098 2.642502 14.64125
-7.775663 1.850933 2.673518 14.078
-7.454041 1.845728 2.545867 14.58287
-6.928037 1.858868 2.494822 15.09675
-6.573156 1.833763 2.613455 15.06375
-6.301737 1.824648 2.797233 15.054
1.497091 1.684916 2.608279 15
-22.22429 3.286142 2.571938 12.1635
-8.997527 -0.8103253 3.145907 5
-8.435422 -0.8496183 3.030873 4
-3.679566 -0.847892 3.008857 0.08333334
-3.453513 -0.8593581 3.012347 1.115385
-2.939905 -0.8890404 2.939629 0.1428571
-2.539006 -0.8854616 3.079309 0.3333333
-2.185206 -0.8975681 3.065094 0.6
-1.838752 -0.9021497 2.905449 0.7142857
-1.285555 -0.8988447 3.030586 1
-1.036231 -0.9090115 2.988532 1.333333
-0.6008593 -0.9071003 2.987771 0.875
-0.2142837 -0.9070118 2.971456 1
0.1574706 -0.9075809 3.010684 0.75
0.4884618 -0.9035606 3.019273 1.25
1.183736 -0.9261164 2.936165 2.5
1.448277 -0.8968319 3.012769 2.75
-9.202141 -0.4057997 3.143961 5
-9.052632 -0.5068089 2.999115 4.882653
-6.579567 -0.5008968 2.819575 2
-3.668185 -0.6133036 3.087396 2.010582
-3.521349 -0.6036564 3.055614 2.426253
0.7496945 -0.5942398 3.192533 4
1.440041 -0.5867194 2.984042 2.839131
-9.018896 -0.1399254 3.003943 6.75
-8.193324 -0.1066358 3.166175 6
-6.014832 -0.1654391 3.017568 5
-3.715191 -0.1921449 3.057877 5.385944
-3.518055 -0.2050191 3.075114 5.264548
1.458412 -0.2185465 3.015743 5.741336
-9.083303 0.2352113 2.999654 8.336272
-4.016685 0.1351613 2.894244 8.625969
-3.697111 0.1983332 3.057402 8.862409
-3.51366 0.2110998 3.080703 9.072689
1.463092 0.2224869 2.95036 9.755445
-9.030001 0.5994883 3.001992 9.327377
-4.108964 0.519972 2.873795 11.83989
-3.684038 0.6341096 3.132194 12.35088
-3.534499 0.6126116 3.079886 12.34641
1.467758 0.5551255 2.985281 12.12688
-9.026715 1.06717 2.965533 11.23333
-3.66242 0.9510332 3.125275 14.625
-3.535929 0.9513639 3.0757 14.29634
1.483939 0.9759522 3.02735 13.09948
-9.017173 1.403617 2.95098 12.55
-3.539948 1.209498 3.12377 15.0054
1.505755 1.36735 3.039748 14.00684
-8.988002 1.769948 2.905178 13
-8.243671 1.872446 2.940239 14.115
-7.734943 1.851393 2.98725 14.08838
-7.423913 1.845036 3.071477 14.58875
-6.861598 1.851524 2.825097 15.09825
-6.533807 1.831264 2.927819 15.07013
1.472287 1.71881 3.037351 15
-26.09715 6.529773 3.048825 15.1635
-8.943149 -0.8062424 3.358999 5
-8.354589 -0.8488059 3.479228 4
-2.969426 -0.8999444 3.343126 1.285714
-2.624867 -0.9001834 3.374588 1.2
-2.307839 -0.8979499 3.39802 1
-1.755005 -0.893968 3.450401 0.8333333
-1.424023 -0.9019008 3.41848 1.25
-1.030857 -0.904078 3.585628 2
-0.6776202 -0.8946006 3.389202 0.3333333
-0.2281048 -0.9019849 3.395195 1.5
0.239394 -0.9207403 3.365733 1.875
0.6192125 -0.9375421 3.479182 2
0.9373764 -0.9190688 3.379462 2
1.467816 -0.9231821 3.425002 2.755555
-9.052326 -0.5479448 3.462775 4.666667
-3.723942 -0.5995659 3.229054 1.266667
-3.561954 -0.6004035 3.228034 2.75
0.7133725 -0.6544861 3.246621 3.625
0.9474998 -0.5789946 3.326233 4.3
1.470705 -0.5941878 3.395384 2.517262
-8.909939 -0.2700286 3.417485 6.1875
-6.752431 -0.1444013 3.522732 5.766666
-3.757632 -0.2476768 3.261349 4.777778
-3.539322 -0.1752968 3.234931 5.809524
-3.010222 -0.2962712 3.376809 4.730769
-2.694022 -0.3110636 3.552839 4.35
0.7032852 -0.2443845 3.353854 6.5
0.9960831 -0.1755441 3.305628 7
1.497264 -0.2291811 3.416752 5.997494
-8.968295 0.2015565 3.453179 8.184667
-6.828256 0.2114415 3.451888 8
-6.711649 0.1042176 3.522749 7.333333
-3.644299 0.2771325 3.265836 9.821
-3.451158 0.2098194 3.271135 8.947752
-3.00265 0.1329011 3.404137 8.523139
-2.65189 0.1304546 3.53791 8.445727
0.7319107 0.1568204 3.333322 9.25
0.9884506 0.1574056 3.264962 9.25
1.496133 0.188238 3.396682 9.012699
-8.888187 0.6481723 3.385878 9.285714
-8.790343 0.5914677 3.593197 9
-7.996515 0.7442815 3.434814 10.5106
-6.584436 0.5184076 3.56573 10.09675
-3.699111 0.5862208 3.253188 12.77609
-3.570904 0.6435388 3.232257 12.1875
0.6703846 0.5691692 3.423849 12.03146
0.9600033 0.5546234 3.319612 11.91413
1.491184 0.5707062 3.397879 11.99597
1.601358 0.480336 3.422939 10
-9.20686 0.8235571 3.549344 11.06
-8.95599 0.9950894 3.425701 10.8909
-3.661193 0.975384 3.23235 14.68324
-3.572345 1.009145 3.222872 14.2
1.509846 0.9888481 3.402458 13.11102
1.606349 0.8387641 3.391937 11.5
-8.943491 1.427729 3.454896 12.40144
1.506373 1.325451 3.404138 14.43673
1.608411 1.502602 3.492 13.86667
-8.90275 1.761601 3.397413 12.95
-8.65381 1.859283 3.471586 14.06475
-8.227448 1.889084 3.471529 14.117
-7.770068 1.851469 3.347476 14.09975
-7.377946 1.832787 3.470895 14.276
-6.629117 1.835997 3.34447 15.09403
-6.254368 1.819687 3.39798 15.06318
1.065971 1.72419 3.498423 15.13525
1.352515 1.747005 3.335429 15.0563
1.611057 1.716218 3.503325 15
1.541941 -1.292286 3.905287 2
-8.864565 -0.8020484 3.804115 5
-8.287796 -0.8488903 3.789049 4
-2.168812 -0.8659112 3.830148 1.4375
-1.952787 -0.8483777 3.896323 0.75
-1.427505 -0.9097977 3.674535 1.333333
-1.039054 -0.8952786 3.777472 0.4285714
-0.6556224 -0.9097266 3.780266 1.857143
-0.2391794 -0.9071338 3.799814 1.5
0.0606916 -0.9239437 3.711762 2.25
0.6405709 -0.9163305 3.847037 2.25
0.9070494 -0.9197413 3.801003 2
1.46147 -0.9548085 3.834266 2.501282
-9.225739 -0.4237563 3.776876 5
-8.833387 -0.4795794 3.887005 5.666667
-6.747194 -0.43949 3.665859 4
-2.529779 -0.6070524 3.822218 1.984127
-2.110922 -0.5846675 3.927579 2.665306
-1.970513 -0.5725397 3.90453 2.630436
1.508746 -0.6070758 3.784855 3.277884
1.628335 -0.6955256 3.832919 5
-8.822335 -0.2079897 3.738708 6.75
-8.793504 -0.2795334 3.742553 6.333333
-2.516847 -0.2548487 3.746431 4.766666
-2.111263 -0.2044521 3.905049 5.543787
-1.972193 -0.1955261 3.91868 5.812202
1.501963 -0.2130994 3.817983 6.027196
1.614914 -0.3161625 3.809884 6.5
-8.858101 0.165161 3.78863 8
-8.771894 0.157919 3.938195 8
-6.652789 0.2107614 3.734634 8.04875
-2.903929 0.05011516 3.642785 7.53625
-2.565878 0.1201086 3.734441 8.370565
-2.142432 0.1715568 3.876702 8.738105
-1.971001 0.2117679 3.914563 9.19595
1.495176 0.1791397 3.784969 8.868386
1.623354 0.1834322 3.797637 8.5
-8.840986 0.580573 3.758975 9.111111
-8.797537 0.5719532 3.674814 9
-6.580297 0.6937532 3.71667 11.09725
-2.577231 0.5383656 3.878638 12.08729
-2.041449 0.6197188 3.929481 12.44576
-1.964292 0.6238782 3.924717 12.66404
1.50345 0.582352 3.775107 11.74513
1.6224 0.5614276 3.846784 10
-8.970715 0.9561767 3.744892 10.77708
-8.794404 1.196423 3.743085 11
-2.04477 0.9576288 3.9433 14.06969
-1.964675 0.9778532 3.935362 14.30769
1.520225 1.005259 3.800894 13.38203
1.633539 0.9116622 3.823912 11.38889
-8.984321 1.393364 3.685455 12.63636
-8.770702 1.441357 3.860307 11.8
-1.917278 1.217874 3.932412 15
1.531916 1.355293 3.823429 14.5
1.625515 1.373832 3.771974 13.22222
-8.928764 1.786742 3.703175 13.40909
-8.757897 1.813727 3.894443 13
-8.181027 1.872105 3.792976 14.79383
-7.366258 1.824815 3.831869 14.08681
-7.06831 1.83089 3.834135 14.58856
-6.517874 1.824699 3.898529 15.10325
-6.1081 1.813781 3.758528 15.062
-5.848396 1.803635 3.782038 15.05875
0.9076085 1.741909 3.805111 15.131
1.358177 1.74463 3.831147 15
1.633142 1.61619 3.789307 14
-8.842801 -0.80314 4.138676 5
-8.793538 -0.8317124 4.212529 5
-2.011098 -0.8571491 4.00571 0
-1.809184 -0.8615407 4.133396 0.7619048
-1.337748 -0.865517 4.252849 0.8833334
-1.02071 -0.880426 4.287554 1.615385
-0.5470001 -0.9126842 4.14378 1.833333
-0.1852798 -0.9232324 4.115743 1.714286
0.3037243 -0.9093104 4.167998 2
0.5560198 -0.9273114 4.208887 1.4
1.045172 -0.9390182 4.223456 1.5
1.506615 -0.8839909 4.19297 2.77381
1.641562 -0.9162571 4.242783 2.5
-8.853609 -0.4766452 4.157844 5
-8.737228 -0.4990273 4.252054 6
-4.409927 -0.4105396 4.25114 3.75
-2.134609 -0.6309992 4.050873 3.276471
-1.893158 -0.589465 4.096975 2.417094
-1.308486 -0.6062131 4.333959 2.618519
-1.130905 -0.6116515 4.363273 3.228889
1.524242 -0.6041936 4.186569 3.182809
1.643369 -0.689728 4.217426 3.633333
-8.744476 -0.2283803 4.178724 6.5625
-6.701902 -0.1845464 4.254451 6
-4.490365 -0.03685866 4.159192 6.5
-4.312784 -0.1192427 4.156437 5.880952
-2.133932 -0.1375743 4.061738 6.454082
-1.904226 -0.1848579 4.110876 5.810636
-1.314049 -0.1495775 4.338935 6.134285
-1.087999 -0.2002926 4.372399 6.075
1.521836 -0.2012412 4.166022 6
1.64025 -0.2539759 4.276791 6.365079
-8.812044 0.08355908 4.105198 7
-8.776399 0.152586 4.184932 7.833333
-4.495517 0.1589117 4.16323 8
-4.333333 0.2298376 4.180118 8.585167
-2.104961 0.2515669 4.073814 9.169661
-1.904674 0.1992138 4.119703 9.13843
-1.311214 0.2039605 4.347279 9.023811
-1.082438 0.1807959 4.37159 8.633775
1.52088 0.2129968 4.144096 9.104167
1.631534 0.203965 4.239687 8.948413
-8.826116 0.5708122 4.066661 9.083333
-8.752378 0.5669969 4.212869 9.1125
-5.266344 0.4043103 4.392225 10.007
-4.21525 0.5397426 4.169322 11.00663
-2.105264 0.618641 4.066605 11.52887
-1.895672 0.5952488 4.114552 12.46102
-1.324231 0.5692406 4.354822 12.04652
-1.087916 0.6267206 4.37954 11.64242
1.511353 0.5859865 4.141418 11.81635
1.645198 0.5929139 4.22569 10.75
-9.412962 1.134033 4.349385 11.1305
-8.839953 0.8773723 4.158646 9.833334
-8.748238 1.029995 4.231171 10.57143
-2.106515 0.9976471 4.075543 13.90706
-1.887884 0.9750466 4.115331 14.31598
-1.266451 0.9303707 4.366523 13.88889
-1.075039 0.9890275 4.378983 13.47193
1.538336 0.9473587 4.176129 13.46295
1.65054 0.9448434 4.217123 12.375
-8.736565 1.407346 4.2017 11.66667
-2.120917 1.325992 4.078666 15.01208
-1.672552 1.349141 4.165362 15.1017
-1.296746 1.313511 4.325933 14.7681
-1.084108 1.367266 4.333931 14.63121
-0.7360427 1.51784 4.390917 15.15025
1.542501 1.353181 4.092747 14.70168
1.645431 1.413988 4.236581 13.5625
-8.822468 1.768348 4.056573 12.83333
-8.651938 1.81751 4.244066 13.65503
-8.169106 1.875796 4.136347 15.11917
-7.903576 1.859783 4.1966 14.62706
-6.935755 1.814572 4.193407 14.05862
-6.659957 1.795689 4.357076 14.059
-5.615005 1.803051 4.060731 15.06
0.236012 1.733104 4.38401 15.134
0.5847051 1.742558 4.169154 15.12883
0.895837 1.74252 4.221746 15.03875
1.406897 1.702537 4.042739 14.5555
1.667452 1.688054 4.239757 14
1.677442 -1.317185 4.686655 2.75
-2.724227 -0.8463567 4.405623 0.5
-1.440549 -0.8603002 4.510584 2.333333
-0.9107666 -0.8777353 4.492281 2
-0.6137639 -0.8825511 4.531271 1.928571
-0.2653961 -0.8709722 4.613045 1.690476
0.2369832 -0.9054978 4.660417 2.375
0.522494 -0.9591067 4.494637 3
0.9552731 -0.9461753 4.636345 3.333333
1.476527 -0.9040717 4.643052 1.703125
1.650498 -0.9404311 4.625233 3.625
-24.59122 -0.4116516 4.679298 7
-8.995352 -0.4836417 4.782612 6
-8.692905 -0.5526172 4.524771 5.5
-2.690779 -0.6544468 4.447091 2
-1.299602 -0.5645849 4.456141 3.547619
-1.076674 -0.6232254 4.431686 2.660417
-0.5171456 -0.6204329 4.659074 3.059459
-0.2902688 -0.6219136 4.633204 3.368175
1.52174 -0.6006441 4.543653 3.128788
1.640028 -0.6362392 4.631375 4.61627
-8.659837 -0.1754036 4.521318 6.575
-6.155442 -0.1107603 4.701167 6.5
-2.538795 -0.1763477 4.493072 5.66
-1.300722 -0.2526567 4.436566 5.857143
-1.099738 -0.1887112 4.449586 5.977891
-0.4750823 -0.1957154 4.684002 5.983871
-0.2713363 -0.1982889 4.650444 6.214892
0.1591195 -0.3526365 4.741772 5
0.4631319 -0.3751367 4.729737 6
1.536478 -0.1991912 4.572029 6.059829
1.65038 -0.2316305 4.69192 6.642857
-8.737864 0.1719979 4.471329 8
-6.188117 0.1889443 4.648125 8.142
-2.493517 0.3036863 4.440068 9.290242
-1.304791 0.1945677 4.444816 8.86196
-1.104381 0.2071832 4.452113 9.126205
-0.492065 0.211241 4.709475 9.118424
-0.2660218 0.2022165 4.659124 8.827385
0.09641644 0.0865076 4.744046 8.253871
0.4798317 0.03935526 4.790724 8.153749
1.540311 0.2254947 4.534699 9.112821
1.653787 0.1773284 4.677207 8.35625
-8.69415 0.6120194 4.499754 9.145834
-6.378749 0.5996779 4.60112 10.141
-4.128281 0.7926478 4.532146 12.012
-2.558957 0.4906467 4.557062 10.64647
-1.313645 0.6131287 4.439989 11.25119
-1.095716 0.5815922 4.457425 12.05409
-0.4800447 0.6259017 4.699214 12.18391
-0.2702532 0.6234763 4.658494 11.5085
1.536965 0.6114103 4.556258 12.1369
1.647173 0.5882035 4.629804 10.29701
-8.697029 0.9965066 4.495422 10.4
-4.297057 0.8204386 4.647718 12.0115
-3.789299 0.9496002 4.690075 13.01225
-1.293209 0.9997766 4.462612 13.23481
-1.106556 0.9866182 4.440843 13.89655
-0.464007 0.9973319 4.711323 13.82353
-0.2810551 1.001916 4.66963 13.51789
1.515821 0.9173156 4.591938 14.17293
1.662645 1.008628 4.610488 12.07727
-8.667298 1.427334 4.506624 11.72727
-2.103153 1.461563 4.565701 15.12805
-1.371868 1.328438 4.418596 14.33333
-0.9606334 1.335419 4.457767 14.91106
-0.5394875 1.34995 4.627861 14.61827
-0.2383144 1.331489 4.631793 14.11496
1.549652 1.289072 4.551562 14.38937
1.660657 1.415468 4.663457 13.58818
-8.636281 1.818423 4.595472 13.027
-7.922863 1.87398 4.428541 14.121
-7.321823 1.842315 4.722186 15.1375
-6.890096 1.834838 4.429075 14.59138
-6.557467 1.806422 4.650126 14.59225
-0.5429924 1.633358 4.484747 15.131
-0.2082116 1.676689 4.556441 15.02391
0.08906746 1.726297 4.645996 15.1284
0.5735596 1.740358 4.614883 15.12495
0.9771957 1.747434 4.470495 15.10875
1.523664 1.739553 4.71355 14
1.650802 1.698687 4.585619 14
1.354524 -1.335798 5.103196 2
-8.116038 -0.9502537 5.180688 4
-1.010093 -1.011403 5.048761 1
-0.008477777 -0.851616 4.864781 0
0.3473361 -0.8545093 4.894818 2.142857
0.5656922 -0.8567293 4.923877 1.917949
1.003773 -0.9017459 5.021967 2.227273
1.365352 -0.8856934 4.929305 1.808602
1.664065 -0.8340994 4.902981 2.5
-9.53089 -0.4991115 4.828731 5
-0.223173 -0.5671763 4.913756 3.25
0.111062 -0.7932638 4.940228 0
0.7419775 -0.4107154 5.040606 4
1.110489 -0.6468602 5.099691 2.25
1.419115 -0.5938783 5.030942 3.938465
1.678585 -0.5644264 4.982597 4.87013
-2.675804 -0.1459406 4.867074 6
-2.015378 -0.06197707 4.915189 7
-0.3714426 -0.1177895 4.823358 6.5
0.1119522 -0.336602 4.883766 5
0.5675361 -0.3584141 4.903447 4.909091
1.054385 -0.3502472 5.087764 5.555555
1.433004 -0.2149924 5.07858 6.183426
1.665282 -0.2110157 5.045919 6.539556
-2.051706 0.3350422 4.931494 10
-0.336499 0.2615817 4.85989 8.5
0.1566762 0.08739404 5.015131 8.145
0.542641 0.08661979 4.942115 8.197233
1.010598 0.1014781 5.072333 8.308853
1.434838 0.1961984 5.074796 8.693135
1.681241 0.1653174 5.057588 8.45338
-4.682606 0.6960562 5.126363 11.011
-2.056703 0.605765 4.954547 12
-0.3482119 0.6432661 4.850254 10.5
1.125362 0.5478883 5.156779 12
1.418996 0.6057987 5.079137 10.92591
1.659384 0.5927699 5.061828 10.61289
-9.21678 1.067812 4.985108 12
-9.097389 1.077184 5.061711 11.00113
-6.685385 0.8422487 5.138461 12.01225
-4.674151 0.935269 5.089131 13.01225
-4.116478 0.85625 5.124104 12.0115
-2.049131 0.9534186 4.966343 14.5
-0.4878942 1.0086 4.834674 14.0385
-0.3521552 1.030873 4.874451 12.40238
1.11939 0.871003 5.167976 14.5
1.427112 0.9868921 5.066679 12.83562
1.667361 0.9839926 5.052144 12.63504
-9.215145 1.413769 5.00738 13.5
-9.149322 1.41761 5.037542 12.44444
-1.601871 1.494792 4.916012 15.1045
-1.143292 1.463649 5.005291 15.168
1.419157 1.385378 5.109097 13.9089
1.674711 1.414979 5.057331 13.62535
-9.211008 1.76818 5.040099 15
-9.072859 1.784304 5.088778 14.37367
-7.688125 1.849731 4.802667 14.12275
-7.448899 1.817939 4.960091 15.10065
-7.069489 1.847638 5.047685 15.11875
0.5576956 1.724266 4.901984 15.106
1.039919 1.706855 5.013317 14.20887
1.389792 1.690535 4.981676 14.12386
1.697231 1.694421 5.021779 14.2
-19.70423 3.050573 4.824167 12.1685
-24.222 5.665824 4.990666 14.05
-8.121008 -0.9650362 5.592676 4
1.05254 -0.8715245 5.394105 1.5
-9.294159 -0.5120008 5.398194 5
-8.317733 -0.5234702 5.502933 5.5
1.061223 -0.6633825 5.346933 2.5
1.286267 -0.6162989 5.306325 4.401587
-8.318841 -0.0341311 5.442983 7
1.088067 -0.2284799 5.24769 5.75
1.289843 -0.1664075 5.298645 6.658974
-17.03386 0.1470931 5.285148 7
-8.403563 0.2006926 5.508233 8.068
-8.048051 0.1543368 5.400803 8.0085
1.100852 0.2179734 5.338575 9.230967
1.311809 0.2108284 5.269468 8.655051
-7.347865 0.7558574 5.569324 11.01125
-4.932177 0.7317317 5.33932 11.0105
1.078278 0.6024926 5.356745 12.011
1.292588 0.610141 5.327096 10.90427
1.65785 0.4891371 5.204533 11
-9.222857 1.112804 5.405508 12
-9.132305 1.135434 5.348474 11.074
-6.993214 0.8916129 5.271215 12.0115
-5.035753 0.8355076 5.482302 12.0115
1.067821 0.9094864 5.33571 14.5
1.300403 0.9923881 5.309645 12.69893
-9.222221 1.403353 5.272307 13.3
-9.139656 1.522588 5.378266 12.92519
-0.8297162 1.456312 5.211725 14.148
-0.795336 1.460696 5.226502 14.107
1.333177 1.41687 5.295001 14.19014
-9.228985 1.824987 5.34234 15
-9.12161 1.660454 5.376681 13.01325
-8.537571 1.861365 5.363024 15.0685
-7.48355 1.840499 5.2009 14.1245
-7.185725 1.839988 5.292683 15.09833
-6.677775 1.840276 5.376389 15.12099
-6.200653 1.836668 5.370025 15.05175
0.8161492 1.743996 5.488476 14.1115
1.32076 1.716967 5.475533 14
-18.70248 2.60685 5.336496 12.053
-0.3578296 -1.035492 5.675607 2
1.374955 -0.8407338 5.860148 4.25
-8.454724 -0.4922881 5.862634 5.888889
-8.184731 -0.5408832 5.752894 5.5
1.158361 -0.4124255 5.99406 6.5
1.300598 -0.6402842 5.86016 5.047619
-8.459224 -0.1129485 5.887189 6.666667
-8.125675 -0.1355173 5.830868 6.666667
-3.634358 -0.3521149 5.948884 5
1.156034 -0.2783746 5.949082 6.125
1.357792 -0.1712567 5.829821 6.829166
-8.247767 0.1975092 5.736204 8.066501
-7.9313 0.3739557 5.6948 9.00975
1.090398 0.2512938 5.964757 9.093429
1.357006 0.2187534 5.850529 8.665963
1.854885 0.1190124 5.91048 8.1345
-7.883539 0.6538258 5.804875 10.26025
1.098581 0.5087477 5.950828 10.777
1.345291 0.5922224 5.830936 10.24678
-9.225672 1.145214 5.699374 12
-9.132536 1.189371 5.610097 11.1345
-8.505131 0.9468602 5.843182 10.50212
1.117629 1.022696 5.974346 13.39913
1.359355 0.9975417 5.797611 12.18765
-9.229646 1.452634 5.705224 13.25
-9.155493 1.357527 5.722956 11.80062
-8.48836 1.402945 5.840497 11.8059
1.143358 1.390066 5.980127 14.054
1.367971 1.373349 5.793265 13.19209
-9.216753 1.644023 5.748631 14
-9.14294 1.779043 5.738571 13.48519
-8.474223 1.603127 5.888107 12
-7.828138 1.8549 5.775641 14.59488
-7.49793 1.840812 5.933954 14.59642
-6.140125 1.831082 5.614448 15.144
-5.748454 1.832878 5.784153 15.10081
-5.505414 1.818432 5.893748 15.09882
-5.028656 1.803217 5.929188 15.11533
-4.602101 1.791025 5.978532 15.1146
-4.228031 1.787568 5.959489 15.13225
-3.692473 1.767694 5.958247 15.12133
-3.454862 1.768136 5.958902 15.11575
-0.145575 1.755479 5.798031 15.10075
1.082893 1.704209 5.75952 14.33994
1.327687 1.659616 5.858101 14.6
-23.12988 5.754445 5.77492 14.079
-1.02954 -0.9335915 6.356316 2.666667
-0.5979433 -0.878676 6.286748 1.75
-0.1622165 -0.9127189 6.251218 2.4375
0.1747625 -0.8922474 6.213506 2.583333
0.5689608 -0.9521235 6.162014 1.790909
0.9744024 -0.8677877 6.144934 2.6875
-8.31219 -0.5138848 6.197113 5.666667
-2.260817 -0.4656072 6.36777 4.5
-1.321551 -0.5020636 6.372746 4
-1.01078 -0.6300197 6.381361 3.666667
-0.5508345 -0.5849996 6.36328 4
-0.0711829 -0.6578258 6.247352 3.952381
0.09368401 -0.5707189 6.200194 4.75
0.6450827 -0.6534567 6.30036 4.011111
1.01066 -0.6396422 6.153919 4.558333
-8.269894 -0.1232582 6.270892 6.75
-3.225764 -0.3563901 6.065952 5
-1.228571 -0.1842685 6.386395 6
-0.9171517 -0.1285086 6.376151 6.5
-0.466513 -0.3088157 6.319458 5.5
-0.1236521 -0.2456614 6.252175 6.253464
0.1550629 -0.1982293 6.221808 6.338889
0.6847844 -0.2344791 6.311636 6.208334
1.003709 -0.2106276 6.149526 6.411764
1.411502 -0.1815597 6.015824 7
-10.81423 0.1792084 6.34661 8.0185
-8.28236 0.2077106 6.242712 8.021083
-3.080143 0.1401698 6.160922 8.14375
-1.040778 0.1212121 6.366173 8.075168
-0.5371572 0.143839 6.341759 8.502791
-0.1638823 0.1654256 6.287486 8.50425
0.0741374 0.1722633 6.209233 8.4355
0.6427692 0.1530257 6.297297 8.39982
0.9964131 0.187654 6.168717 8.616253
0.7262413 0.5710036 6.360122 10.4673
1.005685 0.6028578 6.184679 10.6382
1.215271 0.528907 6.06831 10
0.7221988 0.9929247 6.358546 12.85714
0.9991977 1.010602 6.16399 12.8375
1.223621 0.9105552 6.011424 12
-8.43293 1.350263 6.075864 11.39967
0.6642225 1.253847 6.382624 15
1.039233 1.341374 6.189507 14.16111
-7.871378 1.843593 6.002503 14.09725
-7.402677 1.837925 6.18118 14.42442
-7.037096 1.837854 6.214375 14.44642
-6.546718 1.817869 6.264869 15.0075
-4.991824 1.804914 6.089016 15.14946
-4.591469 1.791172 6.182963 15.15125
-4.193309 1.785704 6.097321 15.126
-3.052223 1.769977 6.34448 15.075
-2.316385 1.77261 6.393519 15.0395
-0.5662627 1.739779 6.170261 14.127
-0.1321626 1.759631 6.309821 14.1065
0.7037258 1.706436 6.342395 15
0.978215 1.703162 6.251126 14.88889
1.246202 1.663021 6.051823 14.2
-17.46447 4.233621 6.073638 14.0535
-22.87974 5.715978 6.222295 14.116
-22.76357 5.684987 6.118782 14.0795
-3.441464 -0.8349431 6.732919 3
-3.031923 -0.8726494 6.690434 3.0625
-2.546029 -0.8238986 6.698925 4
-2.167009 -0.878304 6.566033 3.4375
-1.795077 -0.8701928 6.551129 2.833333
-1.417667 -0.8821143 6.496106 3
-1.072756 -0.8917313 6.464488 3
-0.6568604 -0.9211707 6.442871 4
0.2579021 -0.9645901 6.731051 3.5
0.6267834 -0.8396559 6.504543 4.333333
-8.120767 -0.5318338 6.56429 5.666667
-3.346832 -0.6136611 6.755196 4.433333
-3.029247 -0.5760156 6.692489 4.483334
-2.56939 -0.5577655 6.638794 4.625
-2.131618 -0.6268376 6.570352 4.5
-1.841704 -0.5678979 6.561224 4.78125
-1.437065 -0.6066203 6.496784 4.433333
-1.006156 -0.57968 6.442732 5.2
-0.7061067 -0.6536031 6.423864 5.5
0.3489655 -0.5806065 6.759205 5.166667
0.6184349 -0.5605499 6.574866 5.190476
0.8627849 -0.7549835 6.469439 5
1.753124 -0.452879 6.780582 5
-19.33652 -0.2651031 6.591399 7
-18.90505 -0.05431058 6.64686 7
-8.084966 -0.1572389 6.609835 6.75
-3.338792 -0.1886826 6.741066 6.7
-2.982563 -0.1420217 6.692821 6.636364
-2.533349 -0.2256173 6.662251 6.388889
-2.122304 -0.2342997 6.546855 6.473334
-1.816872 -0.2755126 6.561698 6.288889
-1.415566 -0.2438501 6.479941 6.25
-1.048839 -0.1806938 6.459207 6.7
0.3568707 -0.1835759 6.755109 6.75
0.6285889 -0.2280769 6.624947 6.409091
-19.2333 0.3238721 6.674433 8.0535
-8.1443 0.2192284 6.61737 8
-4.089558 0.1958107 6.78185 8.0995
-3.851065 0.1887843 6.741275 8.10025
-3.366351 0.1600703 6.73865 8.191688
-2.957206 0.1409537 6.706317 8.126107
-2.616138 0.171526 6.65608 8.378227
-2.146463 0.1895287 6.561422 8.564109
-1.826821 0.173066 6.563227 8.556623
-1.448955 0.1843537 6.488241 8.521625
-0.9826454 0.1408432 6.469509 8.396798
-0.4745837 0.06903591 6.450545 8
0.2408345 0.1459464 6.789134 8.177333
0.6169953 0.1795935 6.639648 8.308484
0.9425024 0.1697463 6.57152 8.60461
1.281532 0.2840005 6.610461 9.1495
-19.33028 0.454063 6.610067 8.1685
-0.09014982 0.4654675 6.753258 10.0485
0.3785278 0.6075761 6.761744 10.22222
0.6432024 0.6008598 6.622356 10.20965
0.8394988 0.4954708 6.456774 10
0.3535967 0.9974216 6.768256 12
0.6389709 1.000249 6.586257 12.13663
0.8203497 0.8429617 6.40694 11.5
-8.417339 1.405383 6.457906 11.52238
0.3841581 1.390472 6.772187 13.66667
0.6772726 1.389828 6.571455 13.75267
0.8358088 1.315642 6.416165 13.5
-7.766365 1.851114 6.71503 15.06437
-6.881078 1.826091 6.473399 14.1015
-6.729997 1.853938 6.560216 14.1435
-6.278307 1.830488 6.525519 14.56663
-5.866544 1.81399 6.697468 14.35481
-5.494095 1.810951 6.691654 14.6055
-5.128773 1.813891 6.692502 15.08517
-4.674553 1.806349 6.713071 15.08725
-4.240442 1.785703 6.654786 15.08925
-3.787824 1.758269 6.681727 15.09108
-3.431334 1.76735 6.61264 15.08065
-2.981544 1.772479 6.485261 15.08525
-2.431599 1.76304 6.615254 15.078
-2.089816 1.787436 6.526395 15.0405
-1.082174 1.749197 6.442646 15.0955
0.1998812 1.720831 6.475882 15.04975
0.6422117 1.694613 6.545862 14.51227
0.8705621 1.69431 6.509808 14.06525
-16.01338 2.890999 6.634039 12.0825
-7.605693 -0.8625105 7.194813 4
-6.101732 -0.8643396 7.150404 3.5
-5.275261 -0.8958331 7.112436 3
-4.954834 -0.8866876 7.050251 3.333333
-4.49995 -0.8689904 7.010345 3.666667
-4.085444 -0.8667468 6.903528 4
-3.818584 -0.8790441 6.846777 3
-3.101964 -0.8283709 6.837292 5
-1.957482 -0.8024569 6.98324 3
-1.260618 -0.9235829 7.154382 2.833333
-0.03748417 -0.890273 7.036716 3
0.2661864 -0.8299561 6.975355 2.833333
0.5331568 -0.8572046 6.916959 5
-7.995698 -0.6818521 6.922388 5
-7.569786 -0.568768 7.077662 5.333333
-6.109951 -0.5894142 7.172015 4.68
-5.919762 -0.5866078 7.176881 4.722222
-5.400281 -0.5802303 7.079208 4.888889
-4.969718 -0.4999942 7.017128 5.1
-4.631418 -0.6128966 6.997988 4.5
-4.109076 -0.5625184 6.890074 4.791667
-3.874764 -0.5479034 6.853076 4.625
-3.481314 -0.5474705 6.829529 4.7
-2.833074 -0.4669557 6.82706 5
-1.322898 -0.5444949 7.18742 5.25
-1.08013 -0.5789822 7.173642 4.5
-0.1243819 -0.5968947 7.103282 4.944445
0.1096111 -0.5549675 7.063782 5
0.5482401 -0.5827448 6.882887 5.333333
0.8098197 -0.5022822 6.865883 6.333333
-6.123364 -0.1346192 7.124095 6.530303
-5.886911 -0.185667 7.141737 6.4
-5.345436 -0.2496746 7.093795 6.333333
-5.01537 -0.1586832 7.047873 6.433333
-4.604879 -0.2741795 6.980364 6.375
-4.154802 -0.2732245 6.907414 6.375
-3.806071 -0.1974452 6.85758 6.472223
-1.258088 -0.1846939 7.191057 6.583333
-1.175059 -0.03794288 7.158385 7
-0.1351827 -0.2174759 7.098457 6.55
0.1799934 -0.2015357 6.998166 6.785714
0.5144414 -0.1388733 6.898039 6.97619
1.005942 -0.0335552 6.882512 7
1.523632 -0.0646349 6.847428 8.0545
-6.103377 0.2086933 7.133269 8.004143
-5.863606 0.1646766 7.171554 7.75
-5.442809 0.143259 7.123797 8.086
-4.93612 0.1822863 7.041638 7.8805
-4.596674 0.1546193 6.971537 8.237
-4.111785 0.1410182 6.893671 8.059611
-3.783136 0.1768787 6.847846 8.183781
-3.413501 0.1010651 6.830955 8.05915
-3.062091 0.08620298 6.896151 8.0345
-1.226293 0.3368803 7.185668 9.113
-1.017796 0.2458651 7.115127 8.751072
-0.5586813 0.2174527 7.099589 8.782937
-0.2206518 0.1647338 7.132175 8.438084
0.2287102 0.29759 7.018711 8.891228
0.5422629 0.2298208 6.93456 8.762045
0.9217535 0.252876 6.903999 8.83849
1.507042 0.3140106 6.864442 9.0971
2.918273 0.3780954 6.966025 9.155
-0.08557642 0.5718684 7.16593 10.04125
0.2272492 0.6039453 7.019307 10.27381
0.4927702 0.6121946 6.836607 10.54167
0.9247289 0.4324108 6.878041 10.1665
-0.0908883 1.003403 7.124906 11.35714
0.2196345 0.9850627 7.019108 11.93446
0.4469568 1.04318 6.859557 12.57619
-0.06498999 1.346279 7.130635 12.88889
0.224238 1.412496 7.011271 13.75659
0.4732847 1.378322 6.849689 14.02381
-7.41692 1.828088 6.982582 14.40617
-7.098252 1.843585 7.041515 15.0675
-6.125234 1.831602 6.828282 14.146
-5.62489 1.813614 7.003055 14.148
-5.413046 1.799755 6.908267 14.1158
-5.070136 1.797302 6.970825 14.12431
-4.639093 1.786224 6.949429 14.1147
-4.161254 1.776651 6.968274 14.11925
-3.864805 1.771221 6.971075 14.12042
-3.426919 1.742777 7.000001 14.38882
-3.034916 1.739044 6.974173 15.08917
-2.713173 1.758283 6.911069 15.07925
-2.109612 1.76025 7.175142 15.08225
-1.739968 1.778502 6.962472 15.03925
-1.396472 1.778929 6.997663 15.05466
-1.011435 1.786109 6.993692 15.028
-0.5142031 1.777408 6.90794 15.03075
-0.1815674 1.723283 7.018112 14.47431
0.2104913 1.701952 6.975129 14.28818
-15.64793 2.729908 7.018169 12.08075
-15.49257 2.689165 7.096136 12.0655
-15.83977 2.829379 6.899214 12.1115
-6.109459 -0.8298813 7.413934 4
-1.410963 -0.9392579 7.257645 4
-0.8131423 -0.8489206 7.58862 3
0.06327011 -0.8662321 7.231913 3
1.108074 -0.8947526 7.559783 3
1.538976 -0.8141718 7.550617 4
-7.399867 -0.5936575 7.419103 5.285714
-6.0902 -0.624087 7.376605 4.6
-5.899716 -0.5756356 7.256606 5
-2.269855 -0.4821472 7.252908 5
-1.943573 -0.4561732 7.546278 5
-1.259645 -0.620206 7.224831 5.025
-1.038094 -0.6476157 7.361275 5
-0.5826066 -0.5025782 7.357876 5.5
-0.1660925 -0.5303949 7.280199 5.388889
1.649346 -0.7240189 7.575946 4
-17.99268 -0.0462047 7.22411 7
-5.894057 -0.2036011 7.28484 6.638889
-1.298086 -0.2427717 7.276103 6.880531
-0.9447845 -0.258807 7.420379 6.702028
-0.569658 -0.1473275 7.376714 6.857143
-0.3182921 -0.2212128 7.271599 7
0.04794656 -0.1742509 7.271167 6.5
-7.521618 0.2122052 7.34038 8.067
-5.8886 0.229043 7.279352 8.042295
-5.357695 0.2342945 7.236166 8.1285
-1.858 0.1604378 7.28862 8.132
-1.259027 0.24601 7.253269 8.665063
-0.9979462 0.1134166 7.333712 8.199229
-0.4922911 0.2497894 7.323349 8.5
-0.03357678 0.3794356 7.344613 9
0.04566998 0.3625416 7.303449 9
-0.5397459 0.5282637 7.505719 9.649725
-0.2072572 0.5967228 7.40502 10.13437
0.06506123 0.6424477 7.280526 10.375
-0.4936327 0.9377656 7.525708 11.25
-0.1872689 0.9896889 7.388381 11.8
0.05342178 1.020328 7.287584 12
-0.5050399 1.316327 7.480903 12.68794
-0.1680189 1.364081 7.3971 13.4049
0.08159498 1.400953 7.256551 13.69445
-8.378534 1.838625 7.519507 14.064
-7.11824 1.811362 7.267883 14.008
-6.194265 1.816181 7.338673 14.74153
-5.705204 1.810518 7.472661 14.57862
-5.177865 1.796327 7.427619 15.07617
-4.644406 1.782608 7.337793 14.61519
-4.220895 1.758867 7.455819 14.35425
-3.836945 1.772394 7.377591 14.7605
-3.403754 1.77523 7.432747 14.59438
-2.977422 1.768507 7.379728 14.58594
-2.677219 1.75642 7.503009 14.06306
-2.266322 1.721359 7.433832 15.09888
-1.875121 1.743534 7.353248 15.08725
-1.38359 1.742391 7.46115 15.06975
-1.031153 1.739895 7.40835 15.03175
-0.5467588 1.696767 7.44106 14.28069
-0.2353804 1.676926 7.349007 13.9217
0.1108764 1.663852 7.287039 14.66667
-15.14898 2.2341 7.382144 12.06
-14.61283 2.151915 7.357154 11.0845
-14.2195 2.049195 7.538961 11
-15.37812 2.652417 7.218423 12.0585
-14.97762 2.611497 7.405581 12.058
-14.68237 2.657601 7.446195 12.0885
-14.14889 2.566814 7.520096 12
-15.27269 3.094364 7.385525 14.055
-14.86675 2.942049 7.588557 14.051
-14.23712 3.119329 7.541114 13
-15.22545 3.66446 7.410011 15.06
-14.62173 3.842685 7.333596 14.0845
-14.21731 3.657008 7.509383 14
-14.27948 4.224819 7.493274 15
-14.61741 4.421808 7.320892 15.0845
-6.063007 -0.8783193 7.843512 4
-2.451189 -0.9723039 7.97117 4
-2.0939 -0.9549873 7.897637 3.8
-1.830132 -0.9047934 7.831952 3.428571
-1.236261 -0.8191829 7.71594 4
-1.072838 -0.9190131 7.992422 3
-0.3352651 -0.8634112 7.687 3.5
0.0255345 -0.8130944 7.63125 4
0.999204 -0.8136168 7.617494 4
1.779639 -1.012405 7.930892 5
-7.243247 -0.5836676 7.722346 5.375
-6.157302 -0.4762679 7.878138 5.5
-2.501285 -0.6389399 7.966729 6
-2.141579 -0.6207646 7.886923 4.725
-1.787058 -0.614049 7.87265 4.872269
-1.374171 -0.6561635 7.79893 4.875
-1.033792 -0.554252 7.737478 5.2
-0.5579624 -0.5736955 7.856321 5
-0.2903655 -0.4724473 7.694654 5
0.2589684 -0.696546 7.857699 5
-21.9761 -0.06234175 7.615536 7
-18.16473 -0.03761368 7.803803 7
-6.034488 -0.3068347 7.859477 6
-2.895692 -0.03472031 7.935247 7
-2.423337 -0.1618127 7.947433 7.02025
-2.146586 -0.2247592 7.943696 6.5
-1.767539 -0.2072356 7.856056 6.615288
-1.376849 -0.2595377 7.736918 6.458333
-0.9523475 -0.2639336 7.750374 6.5
-0.6129259 -0.2678125 7.798295 6.5
-0.3033896 -0.1365883 7.65883 6.666667
-18.15963 0.1271528 7.77211 7
-7.168559 0.003449421 7.795824 7
-5.874451 0.1581551 7.804032 8.066626
-3.372666 0.2138694 7.992493 8.105
-2.736102 0.09118812 7.833043 8.0205
-2.143743 0.2346888 7.873877 8.402129
-1.775542 0.2316187 7.880514 8.411584
-1.532755 0.06120142 7.807272 8.054334
-1.164027 0.06140351 7.661837 8.082251
-2.542372 0.6274699 7.969173 10.04318
-2.168859 0.6216488 7.936001 9.865388
-1.764966 0.608927 7.871992 9.937139
-1.499712 0.6487213 7.853593 10.03356
-0.9185103 0.5995321 7.865116 10.1301
-0.6006901 0.6172577 7.770922 10.22642
-0.2824643 0.6575677 7.700505 10.27083
-2.442112 0.8054416 7.991201 11.02575
-2.305495 0.8560996 7.983047 11.01325
-1.828777 0.8502356 7.917035 10.76905
-1.247722 1.108662 7.858482 11.95
-0.9622241 0.9670912 7.843141 11.5093
-0.6240796 0.9655237 7.777876 11.68536
-0.2835144 1.0595 7.697413 12.1
-1.22756 1.389029 7.91763 13.25
-0.9801877 1.373366 7.826497 13.18519
-0.6275003 1.446403 7.781659 13.73575
-0.2942592 1.454233 7.710182 13.71458
-14.19783 1.990248 7.879807 11.065
-13.4946 1.973888 7.849993 11
-8.151416 1.839092 7.657259 14.065
-7.71377 1.839929 7.896543 14.06688
-5.765417 1.816964 7.679235 15.0225
-5.37245 1.810112 7.747636 14.71105
-4.995396 1.796338 7.749799 14.556
-4.683116 1.799023 7.649929 14.08737
-3.821776 1.750389 7.682728 14.09425
-3.478388 1.773905 7.623796 14.085
-3.007851 1.779532 7.720787 15.12737
-2.567758 1.7464 7.988689 14.08175
-1.849854 1.734459 7.758641 14.4855
-1.376294 1.725527 7.882225 14.57279
-1.002986 1.701828 7.892487 14.14041
-0.5921416 1.684317 7.743463 14.78104
-0.2996629 1.673579 7.701514 14.6
-14.46328 2.162875 7.724576 11.53075
-14.17853 2.108762 7.80429 11.38917
-13.9229 2.076556 7.881556 11.58438
-13.35272 2.193654 7.964005 11.54325
-14.49131 2.584038 7.687697 12.06175
-14.16174 2.565511 7.787 12.06933
-13.95419 2.53136 7.848636 12.08225
-13.40037 2.497775 7.862781 12.02883
-14.47934 2.989964 7.783353 14.05675
-14.12564 3.075033 7.923585 13.53113
-13.70542 3.036648 7.789403 13
-13.44392 2.995316 7.892155 13
-14.49892 3.381477 7.771859 14.0605
-14.14367 3.349347 7.892093 13.79813
-13.64183 3.552562 7.78418 14
-13.3266 3.494869 7.915714 14
-14.57971 3.866041 7.683475 14
-14.11589 3.699226 7.775393 14
-13.81367 3.711655 7.867081 14.043
-14.07099 4.257635 7.796841 15
-13.77944 4.195126 7.826249 15.0215
-13.36374 4.031747 7.903247 15
-14.37224 4.406074 7.764862 15
-23.44562 6.72662 7.885874 15.1015
-6.003928 -0.9288658 8.289502 4
-5.754449 -0.8454162 8.204541 4
-4.864896 -0.9007177 8.391895 4
-4.514006 -0.8702798 8.342632 4
-4.045819 -0.8231349 8.368853 4
-3.704496 -0.8423153 8.181643 4
-3.393535 -0.8546578 8.12818 4
-3.068445 -0.8430244 8.095104 4
-2.665971 -0.8400726 8.077204 4
-2.252944 -0.9435495 8.004917 4
-1.706079 -0.8163274 8.398083 4
1.448138 -0.9921893 8.020878 3
1.888541 -0.9889565 8.320763 4.25
2.170148 -1.075823 8.395092 5
-9.609524 -0.6504995 8.336763 5
-9.287486 -0.6343084 8.282383 5
-8.993023 -0.647217 8.294351 5
-8.634085 -0.6144754 8.307014 5.071429
-8.169333 -0.6429228 8.360576 5
-7.655138 -0.6289977 8.330606 5
-5.771201 -0.5630893 8.332778 5.375
-4.865504 -0.5162716 8.37564 5.5
-4.465202 -0.5829663 8.328665 5.3
-4.201144 -0.5633495 8.290002 5.181818
-3.80568 -0.5633871 8.235308 5.25
-3.444631 -0.5709227 8.140244 5.115556
-2.962879 -0.6054077 8.174092 4.916667
-2.578418 -0.5352759 8.116317 5.666667
-2.216545 -0.5846053 8.001007 5.333333
-1.686531 -0.6110552 8.340043 4.694444
-1.324319 -0.5476567 8.232349 5.333333
1.025901 -0.5501279 8.354565 5
1.487668 -0.5363466 8.352205 5.5
1.865949 -0.5187037 8.235664 5.75
2.285967 -0.5920519 8.339856 6
3.018408 -0.6149366 8.294594 6
-18.10014 -0.2704558 8.00324 7
-10.12198 -0.3053946 8.167308 6
-9.855587 -0.3217866 8.256413 6
-8.829103 -0.3023996 8.253491 6
-8.71187 -0.2998228 8.287389 6
-8.092051 -0.3028451 8.30014 6
-6.007497 -0.3128397 8.041258 6
-5.74141 -0.1927961 8.317297 6.5
-4.831982 -0.0686914 8.390225 7
-4.569006 -0.162863 8.309605 6.65
-4.184872 -0.1149827 8.308048 6.823964
-3.789912 -0.1442175 8.231059 6.725264
-3.411033 -0.1301042 8.127401 6.793334
-2.996133 -0.223694 8.119371 6.4375
-2.533797 -0.1566681 8.083185 6.9
-1.652078 -0.1541834 8.29428 6.625
-1.363827 -0.2021763 8.206585 7
1.53963 -0.3212476 8.340688 6
1.812769 -0.3018566 8.255763 6.2
2.021132 -0.3330557 8.290827 6.5
2.785606 -0.3692017 8.27697 6
-9.696818 0.03441822 8.203999 7
-9.343637 0.03824015 8.223397 7
-8.882796 0.1557033 8.282772 7.363636
-8.62837 0.1410262 8.308779 7.415
-8.164937 0.02470411 8.299981 7
-5.748413 0.183882 8.294358 8.040401
-4.988499 0.06478687 8.392803 8.0165
-4.543592 0.2178355 8.322598 8.101029
-4.186865 0.2143906 8.283205 8.100932
-3.782424 0.199221 8.188417 8.18495
-3.444101 0.1821326 8.15068 8.170527
-3.055832 0.08257385 8.136673 8.07415
-2.609656 0.1036802 8.143673 8.108937
-2.295416 0.1248348 8.025592 8.238084
-1.669046 0.2309129 8.28978 8.261556
-1.332767 0.08279838 8.242623 8.125
-8.85364 0.7373714 8.284532 9
-8.600229 0.7241013 8.30224 9
-5.008155 0.6026192 8.320556 9.455782
-4.579682 0.606434 8.335546 9.359083
-4.184665 0.6671671 8.29164 9.682887
-3.779649 0.6036844 8.179736 9.482088
-3.378349 0.6349948 8.12066 9.680608
-3.014361 0.6336278 8.152233 9.82171
-2.645158 0.654601 8.063746 10.0096
-2.380841 0.6670527 8.013685 9.5
-1.670187 0.6314054 8.306083 9.954834
-1.421678 0.6239175 8.260776 9.907923
-1.11014 0.5780385 8.089997 10.03968
-0.6539295 0.6743571 8.12147 10
-9.630014 1.098004 8.363061 10.13875
-9.271365 1.119526 8.259347 10
-8.96473 1.096423 8.303589 10.05556
-8.451418 1.063054 8.309383 10
-8.134192 1.019451 8.337771 10
-4.653447 0.8271681 8.376974 10.20545
-3.791566 0.9930003 8.313411 10.76633
-3.429064 1.029053 8.278898 10.90484
-3.055782 0.9487543 8.190655 10.80574
-2.656338 0.9512116 8.135291 11.13057
-2.236124 0.8539546 8.039622 10.51242
-1.705691 0.9270039 8.317422 11.4515
-1.394293 0.9877739 8.251266 11.40849
-1.120742 0.931386 8.079953 11.29207
-0.6789147 1.074335 8.151862 11.7
-9.707525 1.415163 8.371221 11.10513
-9.249991 1.476982 8.235321 11
-8.99437 1.503924 8.265405 11.22222
-8.540177 1.361961 8.314457 11.14286
-8.202007 1.334641 8.337085 11.06945
-7.990236 1.409917 8.332916 11.33333
-4.061668 1.469757 8.393882 12
-3.802646 1.496617 8.36496 12.15
-3.418817 1.467743 8.304328 12.16667
-2.949858 1.502344 8.237177 12.875
-2.477156 1.458068 8.236273 12.56925
-2.110111 1.412657 8.25525 12.1395
-1.695988 1.457913 8.352682 13.5
-1.406997 1.410794 8.27229 12.92154
-1.086533 1.393626 8.088522 13.01786
-0.672244 1.4851 8.150686 13.375
-13.77106 1.957544 8.051199 11
-13.39512 1.9339 8.179013 11.39042
-13.00098 1.897466 8.28965 11.09794
-12.62925 1.920637 8.200306 11.04375
-12.14643 1.839912 8.39852 11
-9.832259 1.785434 8.250152 12.08742
-9.336143 1.748139 8.281404 12.03613
-9.048063 1.759752 8.276972 12.0147
-8.602388 1.696399 8.290534 11.86667
-8.161301 1.690354 8.308698 12
-7.991782 1.678054 8.323564 12
-7.271243 1.824312 8.026786 14.0685
-6.643028 1.81374 8.212455 14.071
-6.255618 1.803492 8.281038 14.0725
-5.73123 1.780316 8.302021 14.0745
-5.303822 1.771354 8.33367 14.07617
-4.837997 1.763883 8.351928 14.078
-4.592943 1.738624 8.350236 13.72058
-4.38262 1.759638 8.366127 14
-3.85378 1.758112 8.301589 14.04158
-3.032713 1.752993 8.227851 14
-2.681538 1.73247 8.18796 14.04925
-2.196134 1.758207 8.180705 14.7214
-1.758443 1.762543 8.212599 14.58078
-1.433764 1.7368 8.201583 14.39563
-1.172865 1.713975 8.117976 13.83333
-0.7125422 1.689975 8.189335 14
-13.69132 2.185256 8.062707 11.37708
-13.31171 2.232268 8.134476 11.93691
-13.01443 2.227095 8.244966 11.9
-12.64287 2.283571 8.315657 12.01469
-13.68724 2.547361 8.036287 12.0365
-13.33171 2.580375 8.148749 12.60367
-13.04862 2.52531 8.252501 12.38243
-12.73535 2.630895 8.309178 12.77188
-13.70744 3.047108 8.085338 13.53162
-13.33924 2.993867 8.151087 13.64818
-13.05036 2.996248 8.259902 13.5
-12.67613 3.012021 8.309307 13.66667
-13.72315 3.420327 8.069841 14.7525
-13.32643 3.386661 8.153719 14.40373
-12.97276 3.418449 8.277103 14.25294
-12.68096 3.424164 8.300117 14.27747
-12.19947 3.295866 8.367712 14
-13.72669 3.663784 8.063253 14
-13.35762 3.700509 8.133526 14.91575
-12.93113 3.808502 8.226909 14.85125
-12.65887 3.892535 8.234728 15
-12.22876 3.803757 8.380903 15
-13.76674 4.255115 8.066599 15
-13.31599 4.127521 8.222923 15.01713
-13.01901 4.054791 8.348323 15.00993
-12.73687 4.019766 8.312553 15.075
-5.766039 -0.8636611 8.588043 4
-5.402789 -0.8580283 8.570391 4
-4.973431 -0.857442 8.468093 4
-4.624503 -0.905131 8.489846 4.333333
-1.906693 -0.8312531 8.685672 4
-1.304783 -1.002792 8.684787 4
-0.6122868 -1.053078 8.681828 3
0.5990105 -1.055769 8.47912 4
1.175019 -1.049294 8.465393 5
-12.14361 -0.7690018 8.771687 5
-8.607595 -0.6842626 8.620794 5
-7.00149 -0.6981312 8.78966 5
-6.420326 -0.6564338 8.762696 5
-6.273821 -0.6699914 8.707653 5
-5.823801 -0.5791863 8.668813 5.291667
-5.417895 -0.559414 8.614627 5.354167
-5.052307 -0.6056253 8.501386 5.2
-4.758659 -0.6193618 8.43823 5
-4.009417 -0.6169704 8.462154 5
-1.659294 -0.5190914 8.490083 5
-1.358782 -0.595268 8.561419 6
-0.6034632 -0.5444189 8.426222 5
0.3272359 -0.5441541 8.533135 5
0.6417164 -0.4765846 8.647401 5.5
1.120794 -0.4047636 8.614594 7
1.364859 -0.4071711 8.580327 7
-12.0804 -0.3505414 8.777126 6
-6.493406 -0.2257172 8.736536 6.333333
-5.75892 -0.1489668 8.634695 6.7
-5.384978 -0.1462776 8.643238 6.828571
-5.011204 -0.2578417 8.47815 6.416667
-4.674474 -0.1664274 8.455029 6.5
-1.642527 -0.102067 8.453636 6.833333
-1.491739 -0.235347 8.408711 6.5
0.3204277 -0.1853496 8.679504 6.76225
0.4732381 -0.1794602 8.697055 6.733333
0.9437793 -0.2944028 8.634174 6.222222
1.342842 -0.3067951 8.578002 6.285714
1.644957 -0.2950851 8.534853 6
2.231477 -0.2563641 8.457147 7
2.968713 -0.273087 8.477066 7
-12.07708 0.06691439 8.775895 7
-8.866748 0.331398 8.403723 8
-8.114264 0.3576601 8.436702 8
-7.579693 0.06574921 8.702831 8.028
-6.644429 0.008531613 8.764832 7
-6.256717 0.2151329 8.785724 8.148
-5.677441 0.1733361 8.695725 7.8785
-5.37789 0.1583851 8.629553 7.8235
-5.019195 0.1239748 8.48906 7.882438
-4.727183 0.1817507 8.455978 8.076125
-4.005992 0.2394289 8.410316 8
-2.883736 0.023984 8.512984 8.022
-1.629384 0.1760117 8.414788 8
-1.550083 0.1368591 8.442799 8
0.3372299 0.2068133 8.711529 8.596
2.795335 0.3896411 8.466101 9.1525
-12.0797 0.484658 8.789209 8
-7.214212 0.6758685 8.784732 9
-6.885492 0.6585495 8.751235 9
-6.481071 0.645869 8.76415 9
-6.09921 0.6300847 8.722593 9
-5.743978 0.611057 8.656435 9
-5.413695 0.6665022 8.545065 9.210714
-4.964261 0.7347398 8.439022 9.761333
-4.725367 0.7584903 8.458426 9.571428
-4.181046 0.6156476 8.451895 9.214286
-3.984633 0.7741796 8.414318 10
-2.938777 0.6435866 8.469646 10.148
-1.594252 0.5437679 8.417569 9.5
-0.6316721 0.4705838 8.773096 9.1435
0.352684 0.4609257 8.656513 9.0975
0.4746364 0.4613757 8.627678 9.091
-12.12768 0.903858 8.605321 9
-11.97129 0.896012 8.649798 9
-10.01268 1.183531 8.4597 10.1165
-9.882344 1.143523 8.440437 10.10275
-9.034822 1.087901 8.460011 10.10483
-8.57597 1.079585 8.512052 10.12
-7.599234 0.995317 8.463938 10.10175
-6.923569 1.003993 8.787947 10
-6.490656 1.029046 8.769461 10.2619
-6.133365 1.036671 8.718622 10.35
-5.786358 1.02802 8.685415 10.49167
-5.37704 0.9802625 8.641357 10.50937
-5.012272 0.9545939 8.551933 10.44118
-4.632855 1.040801 8.500179 10.69091
-4.204068 1.019348 8.442082 10.64615
-3.866877 1.115614 8.416197 11.14286
-3.4016 1.166063 8.769104 12.011
-2.982057 1.073257 8.591284 11.84335
-2.146432 1.138787 8.721434 11.8715
-1.813919 1.047502 8.639151 11.2646
-1.545609 1.043058 8.428065 11.65921
-12.15236 1.362466 8.71851 10
-9.862278 1.513359 8.441531 11.10279
-9.438602 1.43976 8.435907 11.09594
-8.916077 1.29566 8.413942 11.07375
-8.555641 1.431277 8.405937 11.57475
-6.923613 1.435127 8.791829 11.25
-6.499662 1.321991 8.761323 11.25
-6.234225 1.33532 8.731054 11.375
-5.801373 1.449892 8.696871 11.91667
-5.413158 1.423289 8.629924 11.89815
-5.012021 1.390036 8.557013 11.75
-4.602057 1.441118 8.504934 12.05556
-4.203709 1.474013 8.444193 12.41667
-3.986873 1.508206 8.434791 13
-3.358975 1.411824 8.780948 13
-2.952986 1.339776 8.623163 12.3345
-2.140454 1.291928 8.773662 12.04175
-1.786405 1.427855 8.624738 12.74002
-1.53567 1.389964 8.440885 12.81629
-12.81125 1.991735 8.434575 11
-12.60045 1.872759 8.459641 11.37575
-12.20596 1.839565 8.66471 11.18148
-11.86793 1.856748 8.688354 11.38981
-11.38128 1.785184 8.681934 11.0225
-9.239838 1.797624 8.407378 12.09725
-8.972101 1.600891 8.456233 11.598
-8.499592 1.602782 8.458939 11.62
-6.498781 1.67297 8.744543 12.16667
-6.125894 1.695341 8.698981 12.85714
-5.81598 1.789768 8.718097 13.66667
-5.378466 1.757056 8.653543 13.33333
-5.053403 1.756557 8.516175 13.6
-4.568083 1.732607 8.506572 13.16725
-4.256931 1.705828 8.573007 13.04425
-3.772668 1.747201 8.424593 13.60112
-3.374798 1.724681 8.656693 13.735
-2.983867 1.645936 8.630022 14.01725
-2.495831 1.719056 8.469109 14.109
-2.189841 1.664293 8.623177 13.57588
-1.837348 1.661562 8.613503 13.76659
-12.63453 2.210609 8.451971 12.05407
-12.13001 2.264123 8.604999 12.04593
-11.8173 2.221036 8.705734 12.16595
-11.44401 2.153844 8.76845 12
-12.81718 2.452321 8.413441 12
-12.60644 2.635217 8.424765 13
-12.10519 2.634002 8.584846 12.83463
-11.77236 2.667788 8.716731 13.36364
-11.46373 2.613098 8.746099 13
-12.9182 2.936929 8.441807 13.25163
-12.66313 3.065081 8.48127 14.09481
-12.21388 3.023958 8.608039 13.77121
-11.84945 3.031969 8.731641 14.0895
-11.45333 3.109905 8.744559 14
-12.82698 3.51283 8.427845 14
-12.6657 3.421052 8.491961 14.79544
-12.17761 3.408801 8.59857 14.41168
-11.83209 3.387603 8.717141 14.47567
-12.54093 3.868004 8.537463 15.0605
-12.171 3.893789 8.623853 15.01356
-11.86244 3.783363 8.689413 15
-11.39027 3.647945 8.738841 15
-12.86614 4.065675 8.436754 15
-12.75323 4.011617 8.453974 15
-11.70248 -0.8550919 9.040668 5
-7.985374 -0.8181701 9.13224 5
-7.435854 -0.8043621 8.999777 5
-1.490776 -1.01133 8.823201 3.5
-0.9263049 -1.054363 8.881347 5
-12.00966 -0.7936116 8.894422 5
-11.80132 -0.6526536 8.975141 5.666667
-11.57542 -0.4977139 9.17542 6
-8.361681 -0.6515982 9.027023 5.166667
-7.800955 -0.6763763 8.948051 5
-7.333007 -0.5731052 8.874319 5.5
-7.023762 -0.6974771 8.890182 5
-5.735377 -0.5037361 8.865577 6
-3.923025 -0.6112587 9.009581 5.333333
-2.766839 -0.5518096 8.872849 6
-0.2314415 -0.4960916 8.8385 6
-11.78097 -0.3014128 9.001946 6.571429
-8.750321 -0.08063605 9.0983 7
-8.287477 -0.07581268 9.043087 7
-3.891049 -0.2271419 8.952932 6.75
-1.592252 -0.0494407 8.990639 8.0435
-0.7074342 -0.2151878 8.965056 7
0.175025 -0.2463223 8.830247 7
-12.15584 0.1756588 8.836452 8.021
-11.77246 0.1883117 9.017543 7.6
-11.57675 0.03509897 9.156758 7
-8.279017 0.2554389 9.085148 8.04775
-7.870687 0.2540388 9.061928 8.106
-5.504204 0.2434076 8.976585 8.0645
-3.870374 0.104699 8.821594 8
-1.357765 0.008127201 9.020433 8.027
-0.9960467 0.348586 8.895037 9.097375
-12.1341 0.6944411 8.830672 9.021
-11.79509 0.6632253 9.006443 8.666667
-11.59042 0.7687302 9.185987 9
-8.277401 0.5501553 9.069109 9
-7.383368 0.6884143 8.869305 9
-6.860497 0.6603684 8.80899 9
-1.004041 0.4801214 8.862196 9.142375
-11.8015 0.9215937 8.989806 9.090909
-11.5831 0.9323311 9.145411 9
-8.80019 1.084321 9.170888 10
-8.552837 1.065468 9.169483 10
-8.127153 1.028986 9.094571 10
-7.845654 1.006584 9.064009 10.04817
-7.398284 1.040028 8.880121 10
-6.958624 0.9735389 8.879397 10.06667
-6.600685 1.006853 8.864223 10.44444
-6.278668 0.9962302 8.831284 10.53687
-3.80868 1.095488 9.019405 11.66667
-3.489872 1.122299 8.871001 11.57825
-2.493086 1.099382 9.124806 11.27527
-2.213954 1.10095 8.979271 11.3239
-12.05472 1.311142 8.845244 10.0042
-11.81165 1.365603 8.992304 10.11531
-11.58015 1.371036 9.156787 10
-8.614776 1.451686 9.15391 11
-8.212411 1.473074 9.132271 11.6572
-7.859703 1.37867 9.062649 11.26875
-7.318205 1.417091 8.921477 11.2015
-7.015501 1.367276 8.916085 11.42971
-6.536135 1.390602 8.863596 11.79327
-6.326702 1.508701 8.840942 12.51583
-4.090857 1.388484 9.085219 12.28337
-3.761087 1.423394 8.997776 12.875
-3.328894 1.409486 8.822116 12.57837
-2.451236 1.29517 9.084121 12.044
-2.214319 1.455515 8.961957 12.5461
-1.955432 1.246781 8.826807 12.0125
-12.09036 1.746399 8.827056 11.007
-11.74937 1.774696 8.942826 11.11111
-11.38046 1.808416 8.930648 11.125
-10.98401 1.769086 9.046918 11.13333
-10.67665 1.727993 9.143393 11
-9.302917 1.796415 9.04297 12.006
-9.144621 1.792366 9.173482 12.0065
-8.52163 1.824714 9.13312 12
-8.207826 1.797043 9.111127 12.40333
-7.86781 1.737762 9.060996 12.26863
-7.027434 1.681452 8.928089 12.71383
-6.403061 1.643568 8.859909 12.1055
-5.80216 1.60941 8.814011 13
-4.166571 1.748587 9.028297 13.567
-3.721932 1.736818 9.006001 14
-3.344521 1.691608 8.827404 14
-2.493382 1.70546 9.072029 13.0244
-2.253341 1.713878 8.993011 13.45914
-11.69191 2.286548 8.847137 12.37117
-11.35633 2.242307 8.898983 12.22222
-10.98982 2.172087 9.004836 12.17391
-10.68031 2.193169 9.135096 12.18182
-11.62861 2.674358 8.835475 13
-11.3684 2.648966 8.925087 13.18182
-10.96119 2.591801 9.028243 13.18
-10.72552 2.670937 9.145947 13.2
-11.73592 3.019348 8.83694 13.607
-11.38291 2.991045 8.904704 14.1875
-10.93506 3.028754 9.042904 14.05381
-10.69256 3.082934 9.118534 14.25
-11.80969 3.464036 8.845232 14.95172
-11.42135 3.371411 8.9011 14.52632
-11.03064 3.406691 9.015378 14.68421
-10.7142 3.368605 9.14266 14.83333
-11.70273 3.801463 8.859941 15
-11.39767 3.798569 8.956623 15
-10.97773 3.715786 9.079576 15.00321
-10.74115 3.697897 9.179192 15
-11.55396 -0.8614172 9.264135 5
-11.62016 -0.7597971 9.343842 6
-11.52846 -0.4138212 9.278208 6
-2.995697 -0.4186431 9.304827 6
-2.639934 -0.710445 9.348736 5
-19.76201 -0.2349211 9.539558 7
-11.68695 -0.2497512 9.483226 7
-11.56772 -0.266499 9.303389 7
-19.76022 0.3925009 9.556431 8
-11.61273 0.2630849 9.319273 8
-11.55896 0.1928826 9.327191 7.8
-8.695236 0.2391523 9.258226 8.066
-8.396109 0.2359204 9.202369 8.06675
-2.910508 0.32425 9.391155 9.04
-11.60754 0.7763901 9.381996 9
-11.52426 0.6424971 9.331473 8.8392
-9.608546 0.5987856 9.481484 9.064
-8.616219 0.5633048 9.273012 9.06625
-11.53949 0.9887795 9.356501 9.304071
-2.854224 1.035494 9.344351 11.04
-2.633095 1.103301 9.388126 11.01735
-2.366058 1.130945 9.202866 11
-19.75858 1.443165 9.332204 9.0845
-11.55159 1.348992 9.373716 10.0475
-8.580671 1.363615 9.271855 11.36067
-4.669592 1.467885 9.324038 12.07108
-4.286773 1.352761 9.258803 12.144
-2.941269 1.441019 9.51333 12.1389
-2.607523 1.412726 9.340463 12.23372
-2.369181 1.484511 9.217649 12.6
-15.38223 1.839079 9.391275 11.005
-11.46855 1.747036 9.39454 11.22233
-10.50043 1.723032 9.348079 11
-10.38288 1.749908 9.511438 11
-8.463747 1.733494 9.292135 12.008
-8.186503 1.700824 9.246851 12.0085
-6.32251 1.723807 9.505402 12.0995
-4.484708 1.749051 9.365999 13.125
-4.351759 1.745939 9.427446 13.1255
-2.838466 1.734111 9.210484 13.0825
-2.624717 1.715386 9.297884 13.29864
-10.52162 2.147936 9.368857 12
-10.39262 2.088892 9.477947 12.0618
-10.51882 2.622859 9.373681 13.06303
-10.38591 2.669327 9.555019 13
-10.52612 3.046062 9.357301 14.09852
-10.38804 3.048778 9.5649 14
-10.489 3.457203 9.400383 15.0425
-10.52895 3.650015 9.322486 15
-10.39122 3.670573 9.571222 15
-19.52507 -0.6541741 9.81098 6
-6.633982 -0.5683798 9.766115 6
-19.69077 -0.2036228 9.661196 7
-19.52473 -0.2574964 9.819577 7
-19.70602 0.3754474 9.72171 8.02675
-19.4819 0.3798105 9.935802 8
-19.51766 0.5778866 9.859385 8
-19.71549 1.134526 9.662761 9.019
-19.48932 1.13689 9.944695 9
-3.10852 1.072182 9.628259 11.0395
-19.3767 1.413782 9.810804 9.066375
-3.312548 1.47469 9.758109 12.08333
-3.140893 1.33056 9.708359 12.14825
-10.44138 1.727949 9.619514 11
-10.25154 1.734971 9.821313 11
-5.759496 1.709337 9.808333 12.08658
-5.504448 1.683 9.900506 12.07394
-3.95751 1.742032 9.623141 13.127
-10.41192 2.18056 9.691403 12
-10.27572 2.162277 9.787592 12.03061
-10.41063 2.639466 9.719504 13
-10.28517 2.67767 9.800929 13.19495
-10.42719 3.098986 9.673864 14
-10.26923 3.052223 9.807099 14.01608
-10.42417 3.57261 9.697887 15
-10.30823 3.366065 9.772018 14.5
-10.29714 3.687846 9.743442 15
-18.99514 -0.8361784 10.35224 6
-7.180022 -0.818669 10.26246 5
-19.24662 -0.5948314 10.07217 6
-19.04139 -0.5970926 10.31204 6
-6.940105 -0.715146 10.3292 5
-19.23294 -0.2162998 10.10391 7
-19.06982 -0.2646072 10.31464 7
-6.84952 -0.1800731 10.38908 7
-6.769854 -0.04508962 10.27615 7
-19.41636 0.3639016 10.03493 8
-19.09837 0.3629907 10.27454 8
-5.600807 0.331081 10.03953 8.085
-19.25451 0.5236174 10.21706 8
-19.10243 0.5772203 10.2798 8
-19.31841 1.036162 10.14181 9.033833
-19.02826 1.115788 10.3735 9
-19.20878 1.209227 10.21467 9
-19.02578 1.426842 10.2543 9.084375
-4.074345 1.216019 10.26261 11.1275
-3.861298 1.508757 10.15827 12.128
-10.64314 1.769954 10.0075 11.13075
-10.08652 1.777445 10.21473 11.40705
-9.972498 1.747994 10.3609 11
-5.279832 1.70267 10.0328 12.08987
-5.099354 1.696406 10.12544 12.08858
-4.415017 1.703746 10.15338 12.077
-3.558758 1.615603 10.14536 12.0815
-10.09838 2.205506 10.20122 12.10168
-9.972981 2.227393 10.3647 12
-10.11011 2.643919 10.1903 13.2053
-9.978682 2.658423 10.36489 13
-10.08893 3.083491 10.21809 14.26038
-10.08124 3.344207 10.17913 14.63419
-9.976023 3.203408 10.36053 14
-10.09746 3.70029 10.18374 15
-18.68435 -0.8312236 10.70067 6
-18.82387 -0.5447302 10.51015 6
-18.70506 -0.5995027 10.64538 6
-8.163776 -0.4499385 10.72785 6
-7.719986 -0.4440404 10.62126 6
-7.446947 -0.4694334 10.50064 6
-7.179801 -0.774077 10.43378 5
-18.84158 -0.2115809 10.52808 7
-18.69671 -0.2148599 10.67536 7
-7.690533 -0.09267045 10.67749 7
-7.408196 -0.08930601 10.5626 7
-6.984406 -0.1489715 10.42409 6.666667
-18.8637 0.3694429 10.55874 8
-18.68671 0.2396017 10.70104 7.5
-7.685467 0.2696857 10.73106 8.04875
-7.345704 0.2629238 10.62488 8.0735
-6.958037 0.3334521 10.53527 8.058812
-18.9387 0.5225696 10.47168 8
-18.69375 0.5771605 10.70648 8
-18.85026 1.112519 10.52801 9
-18.69721 1.02861 10.71676 9
-18.93816 1.359435 10.46901 9.043
-18.6518 1.378316 10.64576 9.0495
-4.345109 1.425168 10.47725 11.627
-16.79312 1.740041 10.66383 10.0625
-10.10593 1.740308 10.44477 11
-9.872339 1.794919 10.57869 11.41377
-9.878708 2.188031 10.56248 12.02897
-10.07308 2.659864 10.43059 13.33333
-9.903029 2.705372 10.59758 13.25663
-9.871429 3.059889 10.61871 14.03182
-9.884838 3.374692 10.57835 14.55719
-10.08576 3.628681 10.44561 15
-9.906908 3.744794 10.58812 15
-18.40512 -0.8265465 10.98274 6
-8.931347 -0.8164326 11.16842 5
-18.34924 -0.5665483 11.04267 6
-9.642995 -0.4413283 11.19921 6
-9.354862 -0.4532956 10.84344 6
-8.996258 -0.4874467 11.13416 6
-8.625531 -0.464615 10.95182 6
-8.330662 -0.5441514 10.8171 6
-18.47476 -0.2602247 10.92869 7
-18.29656 -0.2866496 11.11156 7
-9.014823 -0.05379528 11.11938 7
-8.679255 -0.1183616 11.15688 7
-8.101266 -0.1640943 10.91393 7
-18.49296 0.3702705 10.92523 8
-18.27886 0.2957927 11.13197 7.75
-8.546963 0.2488554 11.17068 8.00975
-8.149994 0.2609086 11.03255 8.095062
-7.796382 0.2139823 10.88313 8.0455
-18.47459 0.4622046 10.98197 8
-18.49334 1.078073 10.92505 9
-18.26504 1.148529 11.15711 9.023167
-18.49182 1.321585 10.94664 9.052917
-18.21955 1.367637 11.07442 9.021875
-4.837283 1.569645 10.8688 11.79283
-4.555739 1.41844 10.86931 11.0775
-9.726359 1.771446 10.91238 11
-5.10888 1.716304 10.89641 12.1255
-9.728944 2.24515 10.90472 12.02029
-9.594614 2.190917 11.14972 12
-9.719472 2.737727 10.98192 13
-9.697104 3.021662 10.98316 14.19292
-9.719179 3.30635 10.93634 14.14286
-9.587828 3.288154 11.11303 14
-9.723187 3.770671 10.95733 15
-18.12755 -0.8226241 11.27599 6
-18.08664 -0.5541604 11.34458 6
-17.86323 -0.531014 11.59661 6
-10.46064 -0.4512017 11.54321 6
-10.11053 -0.4462697 11.38412 6
-9.865439 -0.4686986 11.46906 6
-9.468575 -0.4640364 11.36137 6
-9.056372 -0.7135983 11.35492 6
-18.11149 -0.231815 11.33747 7
-17.83716 -0.294587 11.57759 7
-9.298751 -0.2228667 11.24818 7
-9.083657 -0.06769557 11.34766 7
-8.77067 -0.04496533 11.30348 7
-18.09846 0.3674328 11.32794 8
-17.94922 0.2950788 11.47664 7.75
-9.159445 0.07103047 11.2445 8.0285
-8.641617 0.2920777 11.26746 8.045834
-18.05737 0.4932043 11.39765 8
-17.9538 0.7317346 11.48624 8
-8.974555 0.4088384 11.26415 8
-18.08459 1.026808 11.40814 9.001834
-17.93545 1.078998 11.50159 9.014
-17.85548 1.365117 11.44949 9.0353
-5.295772 1.409229 11.25858 11.1255
-9.65863 1.781673 11.23745 11
-9.471229 1.796563 11.38082 11
-9.696771 2.256532 11.26408 12
-9.485232 2.274578 11.39064 12
-9.601106 2.70696 11.29436 13
-9.522897 2.724336 11.38459 13
-9.604638 2.817978 11.20024 13
-9.458362 2.937428 11.43348 13.37718
-9.494054 3.334302 11.36336 14.11111
-9.728477 3.700944 11.22995 15
-9.479668 3.824244 11.40908 15
-17.77351 -0.8187516 11.66142 6
-17.48124 -0.8165194 11.99262 6
-17.68506 -0.572614 11.76626 6
-17.44023 -0.5961753 11.97394 6
-10.19225 -0.4784901 11.62848 6
-9.850911 -0.4382961 11.62896 6
-17.69423 -0.03088996 11.75626 7
-17.54767 -0.2173864 11.89695 7
-17.78414 0.2877357 11.68378 7.75
-17.51319 0.2181111 11.92233 7.5
-17.753 0.6508018 11.68708 8
-17.52779 0.6702663 11.97459 8.059001
-17.73199 1.051383 11.75298 9.0141
-17.55852 1.059215 11.90775 9
-17.68735 1.374639 11.74158 9
-9.127064 1.324439 11.8961 10
-9.341349 1.815399 11.78784 11
-9.0904 1.828269 11.91148 11.2
-8.772543 1.964245 11.99801 12
-6.930923 1.677308 11.9091 11.09275
-9.297047 2.263938 11.76763 12.0077
-9.029557 2.283231 11.91469 12.14147
-8.76248 2.384098 11.9659 13
-9.34365 2.714524 11.76822 13
-9.009764 2.703475 11.87121 13
-8.675821 2.758353 11.96579 13.25
-9.274728 2.983542 11.8538 13.42957
-8.961853 2.994179 11.86109 13.8
-8.63822 3.037029 11.95344 13.75
-9.316438 3.345894 11.78677 14.11435
-9.031154 3.29761 11.83715 14.25
-8.618279 3.35659 11.93916 14.58333
-9.324575 3.849552 11.77809 15
-8.989355 3.723045 11.78932 15
-8.554688 3.728861 11.91855 15
-8.291378 3.72186 11.96674 15
-17.26899 -0.8144777 12.207 6
-17.3564 -0.5422618 12.1536 6.25
-6.050329 -0.43358 12.09663 6
-17.36198 -0.09167391 12.11306 7
-17.18778 -0.2155127 12.28148 7
-17.37659 0.3238423 12.13485 8
-17.15034 0.0431853 12.29123 7
-17.31496 0.6821916 12.16352 8.035601
-17.13872 0.6947443 12.31241 8
-8.895645 0.7695024 12.15172 9.023
-8.669281 0.7539433 12.23681 9.03475
-17.3787 1.028848 12.13349 9
-17.16356 0.9801478 12.31107 9
-8.862413 1.117884 12.20557 10
-8.627956 1.108609 12.30022 10
-17.37109 1.359471 12.07314 9
-9.216102 1.34103 12.34477 10.0705
-8.956292 1.351904 12.09041 10
-8.649608 1.287591 12.22264 10
-10.15126 1.757767 12.19605 11.028
-8.922557 1.810005 12.05486 11.03383
-8.59871 1.787373 12.14391 11.302
-6.638965 1.67073 12.04575 11.0935
-9.225934 2.163751 12.02808 12.0075
-8.99603 2.229136 12.04023 12.03383
-8.536171 2.247928 12.09358 12.22222
-8.368263 2.148858 12.24502 12
-9.240301 2.669326 12.061 13.0075
-9.098685 2.651794 12.04986 13.01713
-8.593321 2.656373 12.03844 13
-8.326424 2.650238 12.17363 13
-9.239834 3.176901 12.06527 14.0075
-9.101175 2.940082 12.09045 13.401
-8.463707 2.809497 12.05304 13.5
-8.30639 3.094938 12.12905 13.85714
-9.066484 3.300164 12.07844 14.53425
-8.602113 3.218414 12.00224 14
-8.266016 3.398033 12.08052 14.531
-9.040487 3.825591 12.09593 15.05075
-8.244394 3.714487 12.07291 15.0309
-16.96572 -0.8126227 12.53036 6
-16.93992 -0.5732397 12.56193 6.166667
-16.71065 -0.6565263 12.74091 6.25
-11.68417 -0.4969584 12.71351 6
-11.53161 -0.4900407 12.70166 6
-10.98685 -0.5537142 12.62272 6
-7.22146 -0.469634 12.74739 6
-16.95069 -0.1423264 12.50512 7
-16.74627 -0.1422952 12.69846 7
-16.977 0.2222232 12.52586 7.666667
-17.10593 0.7091731 12.41742 8.0895
-17.03673 0.9821515 12.48628 9
-16.75097 0.9815089 12.75872 9
-16.75421 1.337784 12.62398 9.04525
-16.94374 1.714388 12.69784 10
-9.809792 1.746415 12.43395 11.02875
-16.52716 -0.9546482 12.9911 6
-16.3029 -1.074163 13.18319 6
-7.012824 -1.041917 12.9239 5
-16.59515 -0.6341036 12.949 6
-16.37429 -0.6257631 13.15802 6
-12.08995 -0.518797 13.07594 6
-11.47441 -0.5765142 12.93154 6
-16.50569 -0.1647159 13.00475 7
-16.39288 -0.07336205 13.04612 7
-7.038233 -0.1694707 12.89004 7
-16.61583 0.2306224 12.93664 7.6
-16.49341 0.4255029 13.04624 8
-10.81029 0.6809414 13.04641 9.028
-16.53094 1.096139 13.00468 9
-10.61045 0.8948367 13.1718 9.0695
-7.317709 0.8448207 12.89221 9.084
-16.53144 1.334214 12.86702 9.0455
-16.34692 1.332251 13.08408 9.04575
-10.67543 1.416951 13.13987 10.07767
-7.1516 1.31672 12.98604 10.077
-16.75928 1.703686 12.83432 10
-16.16181 -0.9952705 13.37734 6
-15.97047 -0.9131144 13.57166 6
-16.14924 -0.6966476 13.34752 6
-15.92658 -0.6897125 13.59508 6
-13.25965 -0.5296762 13.58494 6
-12.53081 -0.5844815 13.36764 6
-16.15054 -0.1924872 13.35775 7
-16.20317 0.1955186 13.32989 7.5
-16.13881 0.6438369 13.44584 8.0734
-16.19083 1.132299 13.3397 9
-10.60984 0.9404578 13.24543 9.072
-16.11353 1.3323 13.37318 9.07375
-15.98023 1.275792 13.5063 9
-10.47387 1.534991 13.33826 10.10375
-15.69674 -0.9021353 13.85661 6
-15.77801 -0.6561022 13.76146 6.2
-13.74519 -0.5415854 13.88557 6
-12.99544 -0.5693048 13.73357 6
-15.76928 -0.1908032 13.77224 7
-15.57417 -0.172866 13.97592 7
-15.82724 0.2391623 13.72735 7.75
-15.58407 0.3894165 13.99449 8
-15.87354 0.434309 13.72897 8
-15.79923 1.075887 13.76716 9
-15.57323 1.147821 13.99129 9
-12.19034 1.061665 13.83221 9.078375
-15.75988 1.31133 13.75306 9.055625
-15.57393 1.376373 13.91487 9.093
-15.73863 1.657326 13.85599 10
-12.6559 1.712462 13.87637 10.1335
-12.14423 1.646047 13.9389 10.0855
-15.3776 -0.9152625 14.18676 6
-15.39425 -0.6424804 14.20462 6.071429
-15.39219 -0.1286242 14.1782 7
-15.44741 0.1788766 14.17905 7.5
-11.92423 0.3504995 14.12615 8.065
-15.41267 0.5912071 14.2084 8
-15.40988 1.035525 14.18201 9
-15.35665 1.293519 14.21793 9.071051
-15.47084 1.647522 14.15019 10
-12.03101 1.668633 14.04339 10.1345
-15.0037 -0.9178355 14.56896 6
-15.07377 -0.6349208 14.56762 6.2
-14.72425 -0.6315491 14.64853 6
-15.01027 -0.1522348 14.58226 7
-15.05099 0.1373613 14.61085 7.5
-15.03963 0.5858105 14.60496 8
-15.05529 1.050708 14.55085 9
-13.67515 1.175755 14.63058 9.09675
-14.93802 1.274972 14.65973 9.023624
-13.74094 1.424574 14.60063 9.56075
-14.99782 1.631088 14.64877 10
-14.73301 -0.9131765 14.85853 6
-14.70043 -0.6548226 14.90436 6.2
-14.82605 -0.02465796 14.8294 7
-14.67422 -0.1920193 14.92771 7
-14.91919 0.162602 14.87918 7.333333
-14.62907 0.1462757 15.03644 7.667667
-14.9059 0.6971584 14.89047 8
-14.62633 0.5496988 15.02623 8.014722
-13.51864 0.5754361 14.8426 8.103001
-14.80344 1.156462 14.81371 9
-14.58473 1.074235 15.04128 9
-14.70154 1.309392 14.99642 9.19625
-14.62388 1.619509 15.04522 10
-14.46337 0.3902677 15.43137 8.0675
-14.40959 0.6166907 15.22967 8.133
-14.29423 0.600685 15.59179 8.072
-14.47795 1.144 15.41091 9.06875
-14.38022 0.8764339 15.27461 9
-14.50461 1.577385 15.25704 10.006
-14.37214 1.209301 15.25266 9
-14.3573 1.610755 15.29747 10
-14.33952 1.582921 15.60218 10.0065
