In file included from [01m[K/home/keti/catkin_ws/src/ipe_v4_2/include/ipecallback.h:39[m[K,
                 from [01m[K/home/keti/catkin_ws/src/ipe_v4_2/src/ipecallback.cpp:34[m[K:
[01m[K/home/keti/catkin_ws/src/ipe_v4_2/include/ipedatapacket.h:97:25:[m[K [01;31m[Kerror: [m[K‘[01m[Kipe[m[K’ does not name a type
   97 |     IPEDataPacket(const [01;31m[Kipe[m[K::Anchor::ConstPtr& msg) :
      |                         [01;31m[K^~~[m[K
[01m[K/home/keti/catkin_ws/src/ipe_v4_2/include/ipedatapacket.h:97:36:[m[K [01;31m[Kerror: [m[Kexpected unqualified-id before ‘[01m[K::[m[K’ token
   97 |     IPEDataPacket(const ipe::Anchor[01;31m[K::[m[KConstPtr& msg) :
      |                                    [01;31m[K^~[m[K
[01m[K/home/keti/catkin_ws/src/ipe_v4_2/include/ipedatapacket.h:97:36:[m[K [01;31m[Kerror: [m[Kexpected ‘[01m[K)[m[K’ before ‘[01m[K::[m[K’ token
   97 |     IPEDataPacket[34m[K([m[Kconst ipe::Anchor[01;31m[K:[m[K[32m[K:[m[KConstPtr& msg) :
      |                  [34m[K~[m[K                 [01;31m[K^[m[K[32m[K~[m[K
      |                                    [32m[K)[m[K
[01m[K/home/keti/catkin_ws/src/ipe_v4_2/include/ipedatapacket.h:97:30:[m[K [01;31m[Kerror: [m[Kexpected ‘[01m[K;[m[K’ at end of member declaration
   97 |     IPEDataPacket(const ipe::[01;31m[KAnchor[m[K::ConstPtr& msg) :
      |                              [01;31m[K^~~~~~[m[K
      |                                    [32m[K;[m[K
In file included from [01m[K/home/keti/catkin_ws/src/ipe_v4_2/include/ipecallback.h:39[m[K,
                 from [01m[K/home/keti/catkin_ws/src/ipe_v4_2/include/slamsubscriber_ipe_v4_2.h:9[m[K,
                 from [01m[K/home/keti/catkin_ws/src/ipe_v4_2/src/slamsubscriber_ipe_v4_2.cpp:2[m[K:
[01m[K/home/keti/catkin_ws/src/ipe_v4_2/include/ipedatapacket.h:97:25:[m[K [01;31m[Kerror: [m[K‘[01m[Kipe[m[K’ does not name a type
   97 |     IPEDataPacket(const [01;31m[Kipe[m[K::Anchor::ConstPtr& msg) :
      |                         [01;31m[K^~~[m[K
[01m[K/home/keti/catkin_ws/src/ipe_v4_2/include/ipedatapacket.h:97:36:[m[K [01;31m[Kerror: [m[Kexpected unqualified-id before ‘[01m[K::[m[K’ token
   97 |     IPEDataPacket(const ipe::Anchor[01;31m[K::[m[KConstPtr& msg) :
      |                                    [01;31m[K^~[m[K
[01m[K/home/keti/catkin_ws/src/ipe_v4_2/include/ipedatapacket.h:97:36:[m[K [01;31m[Kerror: [m[Kexpected ‘[01m[K)[m[K’ before ‘[01m[K::[m[K’ token
   97 |     IPEDataPacket[34m[K([m[Kconst ipe::Anchor[01;31m[K:[m[K[32m[K:[m[KConstPtr& msg) :
      |                  [34m[K~[m[K                 [01;31m[K^[m[K[32m[K~[m[K
      |                                    [32m[K)[m[K
[01m[K/home/keti/catkin_ws/src/ipe_v4_2/include/ipedatapacket.h:97:30:[m[K [01;31m[Kerror: [m[Kexpected ‘[01m[K;[m[K’ at end of member declaration
   97 |     IPEDataPacket(const ipe::[01;31m[KAnchor[m[K::ConstPtr& msg) :
      |                              [01;31m[K^~~~~~[m[K
      |                                    [32m[K;[m[K
[01m[K/home/keti/catkin_ws/src/ipe_v4_2/include/ipedatapacket.h:97:38:[m[K [01;31m[Kerror: [m[K‘[01m[KConstPtr[m[K’ in namespace ‘[01m[K::[m[K’ does not name a type
   97 |     IPEDataPacket(const ipe::Anchor::[01;31m[KConstPtr[m[K& msg) :
      |                                      [01;31m[K^~~~~~~~[m[K
[01m[K/home/keti/catkin_ws/src/ipe_v4_2/include/ipedatapacket.h:97:38:[m[K [01;31m[Kerror: [m[K‘[01m[KConstPtr[m[K’ in namespace ‘[01m[K::[m[K’ does not name a type
   97 |     IPEDataPacket(const ipe::Anchor::[01;31m[KConstPtr[m[K& msg) :
      |                                      [01;31m[K^~~~~~~~[m[K
[01m[K/home/keti/catkin_ws/src/ipe_v4_2/src/ipecallback.cpp:[m[K In member function ‘[01m[KRosKapDataPacket IPECallback::next()[m[K’:
[01m[K/home/keti/catkin_ws/src/ipe_v4_2/src/ipecallback.cpp:47:22:[m[K [01;31m[Kerror: [m[Kno matching function for call to ‘[01m[Kstd::pair<double, IPEDataPacket>::pair()[m[K’
   47 |     RosKapDataPacket [01;31m[Kpacket[m[K;
      |                      [01;31m[K^~~~~~[m[K
In file included from [01m[K/usr/include/c++/11/bits/stl_algobase.h:64[m[K,
                 from [01m[K/usr/include/c++/11/bits/char_traits.h:39[m[K,
                 from [01m[K/usr/include/c++/11/string:40[m[K,
                 from [01m[K/opt/ros/noetic/include/ros/platform.h:38[m[K,
                 from [01m[K/opt/ros/noetic/include/ros/time.h:53[m[K,
                 from [01m[K/opt/ros/noetic/include/ros/ros.h:38[m[K,
                 from [01m[K/home/keti/catkin_ws/src/ipe_v4_2/include/ipecallback.h:37[m[K,
                 from [01m[K/home/keti/catkin_ws/src/ipe_v4_2/src/ipecallback.cpp:34[m[K:
[01m[K/usr/include/c++/11/bits/stl_pair.h:452:9:[m[K [01;36m[Knote: [m[Kcandidate: ‘[01m[Ktemplate<class ... _Args1, long unsigned int ..._Indexes1, class ... _Args2, long unsigned int ..._Indexes2> std::pair<_T1, _T2>::pair(std::tuple<_Args1 ...>&, std::tuple<_Args2 ...>&, std::_Index_tuple<_Indexes1 ...>, std::_Index_tuple<_Indexes2 ...>) [with _Args1 = {_Args1 ...}; long unsigned int ..._Indexes1 = {_Indexes1 ...}; _Args2 = {_Args2 ...}; long unsigned int ..._Indexes2 = {_Indexes2 ...}; _T1 = double; _T2 = IPEDataPacket][m[K’
  452 |         [01;36m[Kpair[m[K(tuple<_Args1...>&, tuple<_Args2...>&,
      |         [01;36m[K^~~~[m[K
[01m[K/usr/include/c++/11/bits/stl_pair.h:452:9:[m[K [01;36m[Knote: [m[K  template argument deduction/substitution failed:
[01m[K/home/keti/catkin_ws/src/ipe_v4_2/src/ipecallback.cpp:47:22:[m[K [01;36m[Knote: [m[K  candidate expects 4 arguments, 0 provided
   47 |     RosKapDataPacket [01;36m[Kpacket[m[K;
      |                      [01;36m[K^~~~~~[m[K
In file included from [01m[K/usr/include/c++/11/bits/stl_algobase.h:64[m[K,
                 from [01m[K/usr/include/c++/11/bits/char_traits.h:39[m[K,
                 from [01m[K/usr/include/c++/11/string:40[m[K,
                 from [01m[K/opt/ros/noetic/include/ros/platform.h:38[m[K,
                 from [01m[K/opt/ros/noetic/include/ros/time.h:53[m[K,
                 from [01m[K/opt/ros/noetic/include/ros/ros.h:38[m[K,
                 from [01m[K/home/keti/catkin_ws/src/ipe_v4_2/include/ipecallback.h:37[m[K,
                 from [01m[K/home/keti/catkin_ws/src/ipe_v4_2/src/ipecallback.cpp:34[m[K:
[01m[K/usr/include/c++/11/bits/stl_pair.h:387:9:[m[K [01;36m[Knote: [m[Kcandidate: ‘[01m[Ktemplate<class ... _Args1, class ... _Args2> std::pair<_T1, _T2>::pair(std::piecewise_construct_t, std::tuple<_Args1 ...>, std::tuple<_Args2 ...>) [with _Args1 = {_Args1 ...}; _Args2 = {_Args2 ...}; _T1 = double; _T2 = IPEDataPacket][m[K’
  387 |         [01;36m[Kpair[m[K(piecewise_construct_t, tuple<_Args1...>, tuple<_Args2...>);
      |         [01;36m[K^~~~[m[K
[01m[K/usr/include/c++/11/bits/stl_pair.h:387:9:[m[K [01;36m[Knote: [m[K  template argument deduction/substitution failed:
[01m[K/home/keti/catkin_ws/src/ipe_v4_2/src/ipecallback.cpp:47:22:[m[K [01;36m[Knote: [m[K  candidate expects 3 arguments, 0 provided
   47 |     RosKapDataPacket [01;36m[Kpacket[m[K;
      |                      [01;36m[K^~~~~~[m[K
In file included from [01m[K/usr/include/c++/11/bits/stl_algobase.h:64[m[K,
                 from [01m[K/usr/include/c++/11/bits/char_traits.h:39[m[K,
                 from [01m[K/usr/include/c++/11/string:40[m[K,
                 from [01m[K/opt/ros/noetic/include/ros/platform.h:38[m[K,
                 from [01m[K/opt/ros/noetic/include/ros/time.h:53[m[K,
                 from [01m[K/opt/ros/noetic/include/ros/ros.h:38[m[K,
                 from [01m[K/home/keti/catkin_ws/src/ipe_v4_2/include/ipecallback.h:37[m[K,
                 from [01m[K/home/keti/catkin_ws/src/ipe_v4_2/src/ipecallback.cpp:34[m[K:
[01m[K/usr/include/c++/11/bits/stl_pair.h:381:28:[m[K [01;36m[Knote: [m[Kcandidate: ‘[01m[Ktemplate<class _U1, class _U2, typename std::enable_if<(std::_PCC<((! std::is_same<double, _U1>::value) || (! std::is_same<IPEDataPacket, _U2>::value)), double, IPEDataPacket>::_MoveConstructiblePair<_U1, _U2>() && (! std::_PCC<((! std::is_same<double, _U1>::value) || (! std::is_same<IPEDataPacket, _U2>::value)), double, IPEDataPacket>::_ImplicitlyMoveConvertiblePair<_U1, _U2>())), bool>::type <anonymous> > constexpr std::pair<_T1, _T2>::pair(std::pair<_U1, _U2>&&) [with _U1 = _U1; _U2 = _U2; typename std::enable_if<(std::_PCC<((! std::is_same<_T1, _U1>::value) || (! std::is_same<_T2, _U2>::value)), _T1, _T2>::_MoveConstructiblePair<_U1, _U2>() && (! std::_PCC<((! std::is_same<_T1, _U1>::value) || (! std::is_same<_T2, _U2>::value)), _T1, _T2>::_ImplicitlyMoveConvertiblePair<_U1, _U2>())), bool>::type <anonymous> = <anonymous>; _T1 = double; _T2 = IPEDataPacket][m[K’
  381 |         explicit constexpr [01;36m[Kpair[m[K(pair<_U1, _U2>&& __p)
      |                            [01;36m[K^~~~[m[K
[01m[K/usr/include/c++/11/bits/stl_pair.h:381:28:[m[K [01;36m[Knote: [m[K  template argument deduction/substitution failed:
[01m[K/home/keti/catkin_ws/src/ipe_v4_2/src/ipecallback.cpp:47:22:[m[K [01;36m[Knote: [m[K  candidate expects 1 argument, 0 provided
   47 |     RosKapDataPacket [01;36m[Kpacket[m[K;
      |                      [01;36m[K^~~~~~[m[K
In file included from [01m[K/usr/include/c++/11/bits/stl_algobase.h:64[m[K,
                 from [01m[K/usr/include/c++/11/bits/char_traits.h:39[m[K,
                 from [01m[K/usr/include/c++/11/string:40[m[K,
                 from [01m[K/opt/ros/noetic/include/ros/platform.h:38[m[K,
                 from [01m[K/opt/ros/noetic/include/ros/time.h:53[m[K,
                 from [01m[K/opt/ros/noetic/include/ros/ros.h:38[m[K,
                 from [01m[K/home/keti/catkin_ws/src/ipe_v4_2/include/ipecallback.h:37[m[K,
                 from [01m[K/home/keti/catkin_ws/src/ipe_v4_2/src/ipecallback.cpp:34[m[K:
[01m[K/usr/include/c++/11/bits/stl_pair.h:371:19:[m[K [01;36m[Knote: [m[Kcandidate: ‘[01m[Ktemplate<class _U1, class _U2, typename std::enable_if<(std::_PCC<((! std::is_same<double, _U1>::value) || (! std::is_same<IPEDataPacket, _U2>::value)), double, IPEDataPacket>::_MoveConstructiblePair<_U1, _U2>() && std::_PCC<((! std::is_same<double, _U1>::value) || (! std::is_same<IPEDataPacket, _U2>::value)), double, IPEDataPacket>::_ImplicitlyMoveConvertiblePair<_U1, _U2>()), bool>::type <anonymous> > constexpr std::pair<_T1, _T2>::pair(std::pair<_U1, _U2>&&) [with _U1 = _U1; _U2 = _U2; typename std::enable_if<(std::_PCC<((! std::is_same<_T1, _U1>::value) || (! std::is_same<_T2, _U2>::value)), _T1, _T2>::_MoveConstructiblePair<_U1, _U2>() && std::_PCC<((! std::is_same<_T1, _U1>::value) || (! std::is_same<_T2, _U2>::value)), _T1, _T2>::_ImplicitlyMoveConvertiblePair<_U1, _U2>()), bool>::type <anonymous> = <anonymous>; _T1 = double; _T2 = IPEDataPacket][m[K’
  371 |         constexpr [01;36m[Kpair[m[K(pair<_U1, _U2>&& __p)
      |                   [01;36m[K^~~~[m[K
[01m[K/usr/include/c++/11/bits/stl_pair.h:371:19:[m[K [01;36m[Knote: [m[K  template argument deduction/substitution failed:
[01m[K/home/keti/catkin_ws/src/ipe_v4_2/src/ipecallback.cpp:47:22:[m[K [01;36m[Knote: [m[K  candidate expects 1 argument, 0 provided
   47 |     RosKapDataPacket [01;36m[Kpacket[m[K;
      |                      [01;36m[K^~~~~~[m[K
In file included from [01m[K/usr/include/c++/11/bits/stl_algobase.h:64[m[K,
                 from [01m[K/usr/include/c++/11/bits/char_traits.h:39[m[K,
                 from [01m[K/usr/include/c++/11/string:40[m[K,
                 from [01m[K/opt/ros/noetic/include/ros/platform.h:38[m[K,
                 from [01m[K/opt/ros/noetic/include/ros/time.h:53[m[K,
                 from [01m[K/opt/ros/noetic/include/ros/ros.h:38[m[K,
                 from [01m[K/home/keti/catkin_ws/src/ipe_v4_2/include/ipecallback.h:37[m[K,
                 from [01m[K/home/keti/catkin_ws/src/ipe_v4_2/src/ipecallback.cpp:34[m[K:
[01m[K/usr/include/c++/11/bits/stl_pair.h:361:28:[m[K [01;36m[Knote: [m[Kcandidate: ‘[01m[Ktemplate<class _U1, class _U2, typename std::enable_if<(_MoveConstructiblePair<_U1, _U2>() && (! _ImplicitlyMoveConvertiblePair<_U1, _U2>())), bool>::type <anonymous> > constexpr std::pair<_T1, _T2>::pair(_U1&&, _U2&&) [with _U1 = _U1; _U2 = _U2; typename std::enable_if<(std::_PCC<true, _T1, _T2>::_MoveConstructiblePair<_U1, _U2>() && (! std::_PCC<true, _T1, _T2>::_ImplicitlyMoveConvertiblePair<_U1, _U2>())), bool>::type <anonymous> = <anonymous>; _T1 = double; _T2 = IPEDataPacket][m[K’
  361 |         explicit constexpr [01;36m[Kpair[m[K(_U1&& __x, _U2&& __y)
      |                            [01;36m[K^~~~[m[K
[01m[K/usr/include/c++/11/bits/stl_pair.h:361:28:[m[K [01;36m[Knote: [m[K  template argument deduction/substitution failed:
[01m[K/home/keti/catkin_ws/src/ipe_v4_2/src/ipecallback.cpp:47:22:[m[K [01;36m[Knote: [m[K  candidate expects 2 arguments, 0 provided
   47 |     RosKapDataPacket [01;36m[Kpacket[m[K;
      |                      [01;36m[K^~~~~~[m[K
In file included from [01m[K/usr/include/c++/11/bits/stl_algobase.h:64[m[K,
                 from [01m[K/usr/include/c++/11/bits/char_traits.h:39[m[K,
                 from [01m[K/usr/include/c++/11/string:40[m[K,
                 from [01m[K/opt/ros/noetic/include/ros/platform.h:38[m[K,
                 from [01m[K/opt/ros/noetic/include/ros/time.h:53[m[K,
                 from [01m[K/opt/ros/noetic/include/ros/ros.h:38[m[K,
                 from [01m[K/home/keti/catkin_ws/src/ipe_v4_2/include/ipecallback.h:37[m[K,
                 from [01m[K/home/keti/catkin_ws/src/ipe_v4_2/src/ipecallback.cpp:34[m[K:
[01m[K/usr/include/c++/11/bits/stl_pair.h:352:19:[m[K [01;36m[Knote: [m[Kcandidate: ‘[01m[Ktemplate<class _U1, class _U2, typename std::enable_if<(_MoveConstructiblePair<_U1, _U2>() && _ImplicitlyMoveConvertiblePair<_U1, _U2>()), bool>::type <anonymous> > constexpr std::pair<_T1, _T2>::pair(_U1&&, _U2&&) [with _U1 = _U1; _U2 = _U2; typename std::enable_if<(std::_PCC<true, _T1, _T2>::_MoveConstructiblePair<_U1, _U2>() && std::_PCC<true, _T1, _T2>::_ImplicitlyMoveConvertiblePair<_U1, _U2>()), bool>::type <anonymous> = <anonymous>; _T1 = double; _T2 = IPEDataPacket][m[K’
  352 |         constexpr [01;36m[Kpair[m[K(_U1&& __x, _U2&& __y)
      |                   [01;36m[K^~~~[m[K
[01m[K/usr/include/c++/11/bits/stl_pair.h:352:19:[m[K [01;36m[Knote: [m[K  template argument deduction/substitution failed:
[01m[K/home/keti/catkin_ws/src/ipe_v4_2/src/ipecallback.cpp:47:22:[m[K [01;36m[Knote: [m[K  candidate expects 2 arguments, 0 provided
   47 |     RosKapDataPacket [01;36m[Kpacket[m[K;
      |                      [01;36m[K^~~~~~[m[K
In file included from [01m[K/usr/include/c++/11/bits/stl_algobase.h:64[m[K,
                 from [01m[K/usr/include/c++/11/bits/char_traits.h:39[m[K,
                 from [01m[K/usr/include/c++/11/string:40[m[K,
                 from [01m[K/opt/ros/noetic/include/ros/platform.h:38[m[K,
                 from [01m[K/opt/ros/noetic/include/ros/time.h:53[m[K,
                 from [01m[K/opt/ros/noetic/include/ros/ros.h:38[m[K,
                 from [01m[K/home/keti/catkin_ws/src/ipe_v4_2/include/ipecallback.h:37[m[K,
                 from [01m[K/home/keti/catkin_ws/src/ipe_v4_2/src/ipecallback.cpp:34[m[K:
[01m[K/usr/include/c++/11/bits/stl_pair.h:343:17:[m[K [01;36m[Knote: [m[Kcandidate: ‘[01m[Ktemplate<class _U2, typename std::enable_if<_CopyMovePair<false, double, _U2>(), bool>::type <anonymous> > std::pair<_T1, _T2>::pair(const _T1&, _U2&&) [with _U2 = _U2; typename std::enable_if<std::_PCC<true, _T1, _T2>::_CopyMovePair<false, _T1, _U2>(), bool>::type <anonymous> = <anonymous>; _T1 = double; _T2 = IPEDataPacket][m[K’
  343 |        explicit [01;36m[Kpair[m[K(const _T1& __x, _U2&& __y)
      |                 [01;36m[K^~~~[m[K
[01m[K/usr/include/c++/11/bits/stl_pair.h:343:17:[m[K [01;36m[Knote: [m[K  template argument deduction/substitution failed:
[01m[K/home/keti/catkin_ws/src/ipe_v4_2/src/ipecallback.cpp:47:22:[m[K [01;36m[Knote: [m[K  candidate expects 2 arguments, 0 provided
   47 |     RosKapDataPacket [01;36m[Kpacket[m[K;
      |                      [01;36m[K^~~~~~[m[K
In file included from [01m[K/usr/include/c++/11/bits/stl_algobase.h:64[m[K,
                 from [01m[K/usr/include/c++/11/bits/char_traits.h:39[m[K,
                 from [01m[K/usr/include/c++/11/string:40[m[K,
                 from [01m[K/opt/ros/noetic/include/ros/platform.h:38[m[K,
                 from [01m[K/opt/ros/noetic/include/ros/time.h:53[m[K,
                 from [01m[K/opt/ros/noetic/include/ros/ros.h:38[m[K,
                 from [01m[K/home/keti/catkin_ws/src/ipe_v4_2/include/ipecallback.h:37[m[K,
                 from [01m[K/home/keti/catkin_ws/src/ipe_v4_2/src/ipecallback.cpp:34[m[K:
[01m[K/usr/include/c++/11/bits/stl_pair.h:336:18:[m[K [01;36m[Knote: [m[Kcandidate: ‘[01m[Ktemplate<class _U2, typename std::enable_if<_CopyMovePair<true, double, _U2>(), bool>::type <anonymous> > constexpr std::pair<_T1, _T2>::pair(const _T1&, _U2&&) [with _U2 = _U2; typename std::enable_if<std::_PCC<true, _T1, _T2>::_CopyMovePair<true, _T1, _U2>(), bool>::type <anonymous> = <anonymous>; _T1 = double; _T2 = IPEDataPacket][m[K’
  336 |        constexpr [01;36m[Kpair[m[K(const _T1& __x, _U2&& __y)
      |                  [01;36m[K^~~~[m[K
[01m[K/usr/include/c++/11/bits/stl_pair.h:336:18:[m[K [01;36m[Knote: [m[K  template argument deduction/substitution failed:
[01m[K/home/keti/catkin_ws/src/ipe_v4_2/src/ipecallback.cpp:47:22:[m[K [01;36m[Knote: [m[K  candidate expects 2 arguments, 0 provided
   47 |     RosKapDataPacket [01;36m[Kpacket[m[K;
      |                      [01;36m[K^~~~~~[m[K
In file included from [01m[K/usr/include/c++/11/bits/stl_algobase.h:64[m[K,
                 from [01m[K/usr/include/c++/11/bits/char_traits.h:39[m[K,
                 from [01m[K/usr/include/c++/11/string:40[m[K,
                 from [01m[K/opt/ros/noetic/include/ros/platform.h:38[m[K,
                 from [01m[K/opt/ros/noetic/include/ros/time.h:53[m[K,
                 from [01m[K/opt/ros/noetic/include/ros/ros.h:38[m[K,
                 from [01m[K/home/keti/catkin_ws/src/ipe_v4_2/include/ipecallback.h:37[m[K,
                 from [01m[K/home/keti/catkin_ws/src/ipe_v4_2/src/ipecallback.cpp:34[m[K:
[01m[K/usr/include/c++/11/bits/stl_pair.h:329:27:[m[K [01;36m[Knote: [m[Kcandidate: ‘[01m[Ktemplate<class _U1, typename std::enable_if<_MoveCopyPair<false, _U1, IPEDataPacket>(), bool>::type <anonymous> > constexpr std::pair<_T1, _T2>::pair(_U1&&, const _T2&) [with _U1 = _U1; typename std::enable_if<std::_PCC<true, _T1, _T2>::_MoveCopyPair<false, _U1, _T2>(), bool>::type <anonymous> = <anonymous>; _T1 = double; _T2 = IPEDataPacket][m[K’
  329 |        explicit constexpr [01;36m[Kpair[m[K(_U1&& __x, const _T2& __y)
      |                           [01;36m[K^~~~[m[K
[01m[K/usr/include/c++/11/bits/stl_pair.h:329:27:[m[K [01;36m[Knote: [m[K  template argument deduction/substitution failed:
[01m[K/home/keti/catkin_ws/src/ipe_v4_2/src/ipecallback.cpp:47:22:[m[K [01;36m[Knote: [m[K  candidate expects 2 arguments, 0 provided
   47 |     RosKapDataPacket [01;36m[Kpacket[m[K;
      |                      [01;36m[K^~~~~~[m[K
In file included from [01m[K/usr/include/c++/11/bits/stl_algobase.h:64[m[K,
                 from [01m[K/usr/include/c++/11/bits/char_traits.h:39[m[K,
                 from [01m[K/usr/include/c++/11/string:40[m[K,
                 from [01m[K/opt/ros/noetic/include/ros/platform.h:38[m[K,
                 from [01m[K/opt/ros/noetic/include/ros/time.h:53[m[K,
                 from [01m[K/opt/ros/noetic/include/ros/ros.h:38[m[K,
                 from [01m[K/home/keti/catkin_ws/src/ipe_v4_2/include/ipecallback.h:37[m[K,
                 from [01m[K/home/keti/catkin_ws/src/ipe_v4_2/src/ipecallback.cpp:34[m[K:
[01m[K/usr/include/c++/11/bits/stl_pair.h:322:18:[m[K [01;36m[Knote: [m[Kcandidate: ‘[01m[Ktemplate<class _U1, typename std::enable_if<_MoveCopyPair<true, _U1, IPEDataPacket>(), bool>::type <anonymous> > constexpr std::pair<_T1, _T2>::pair(_U1&&, const _T2&) [with _U1 = _U1; typename std::enable_if<std::_PCC<true, _T1, _T2>::_MoveCopyPair<true, _U1, _T2>(), bool>::type <anonymous> = <anonymous>; _T1 = double; _T2 = IPEDataPacket][m[K’
  322 |        constexpr [01;36m[Kpair[m[K(_U1&& __x, const _T2& __y)
      |                  [01;36m[K^~~~[m[K
[01m[K/usr/include/c++/11/bits/stl_pair.h:322:18:[m[K [01;36m[Knote: [m[K  template argument deduction/substitution failed:
[01m[K/home/keti/catkin_ws/src/ipe_v4_2/src/ipecallback.cpp:47:22:[m[K [01;36m[Knote: [m[K  candidate expects 2 arguments, 0 provided
   47 |     RosKapDataPacket [01;36m[Kpacket[m[K;
      |                      [01;36m[K^~~~~~[m[K
In file included from [01m[K/usr/include/c++/11/bits/stl_algobase.h:64[m[K,
                 from [01m[K/usr/include/c++/11/bits/char_traits.h:39[m[K,
                 from [01m[K/usr/include/c++/11/string:40[m[K,
                 from [01m[K/opt/ros/noetic/include/ros/platform.h:38[m[K,
                 from [01m[K/opt/ros/noetic/include/ros/time.h:53[m[K,
                 from [01m[K/opt/ros/noetic/include/ros/ros.h:38[m[K,
                 from [01m[K/home/keti/catkin_ws/src/ipe_v4_2/include/ipecallback.h:37[m[K,
                 from [01m[K/home/keti/catkin_ws/src/ipe_v4_2/src/ipecallback.cpp:34[m[K:
[01m[K/usr/include/c++/11/bits/stl_pair.h:309:28:[m[K [01;36m[Knote: [m[Kcandidate: ‘[01m[Ktemplate<class _U1, class _U2, typename std::enable_if<(std::_PCC<((! std::is_same<double, _U1>::value) || (! std::is_same<IPEDataPacket, _U2>::value)), double, IPEDataPacket>::_ConstructiblePair<_U1, _U2>() && (! std::_PCC<((! std::is_same<double, _U1>::value) || (! std::is_same<IPEDataPacket, _U2>::value)), double, IPEDataPacket>::_ImplicitlyConvertiblePair<_U1, _U2>())), bool>::type <anonymous> > constexpr std::pair<_T1, _T2>::pair(const std::pair<_U1, _U2>&) [with _U1 = _U1; _U2 = _U2; typename std::enable_if<(std::_PCC<((! std::is_same<_T1, _U1>::value) || (! std::is_same<_T2, _U2>::value)), _T1, _T2>::_ConstructiblePair<_U1, _U2>() && (! std::_PCC<((! std::is_same<_T1, _U1>::value) || (! std::is_same<_T2, _U2>::value)), _T1, _T2>::_ImplicitlyConvertiblePair<_U1, _U2>())), bool>::type <anonymous> = <anonymous>; _T1 = double; _T2 = IPEDataPacket][m[K’
  309 |         explicit constexpr [01;36m[Kpair[m[K(const pair<_U1, _U2>& __p)
      |                            [01;36m[K^~~~[m[K
[01m[K/usr/include/c++/11/bits/stl_pair.h:309:28:[m[K [01;36m[Knote: [m[K  template argument deduction/substitution failed:
[01m[K/home/keti/catkin_ws/src/ipe_v4_2/src/ipecallback.cpp:47:22:[m[K [01;36m[Knote: [m[K  candidate expects 1 argument, 0 provided
   47 |     RosKapDataPacket [01;36m[Kpacket[m[K;
      |                      [01;36m[K^~~~~~[m[K
In file included from [01m[K/usr/include/c++/11/bits/stl_algobase.h:64[m[K,
                 from [01m[K/usr/include/c++/11/bits/char_traits.h:39[m[K,
                 from [01m[K/usr/include/c++/11/string:40[m[K,
                 from [01m[K/opt/ros/noetic/include/ros/platform.h:38[m[K,
                 from [01m[K/opt/ros/noetic/include/ros/time.h:53[m[K,
                 from [01m[K/opt/ros/noetic/include/ros/ros.h:38[m[K,
                 from [01m[K/home/keti/catkin_ws/src/ipe_v4_2/include/ipecallback.h:37[m[K,
                 from [01m[K/home/keti/catkin_ws/src/ipe_v4_2/src/ipecallback.cpp:34[m[K:
[01m[K/usr/include/c++/11/bits/stl_pair.h:300:19:[m[K [01;36m[Knote: [m[Kcandidate: ‘[01m[Ktemplate<class _U1, class _U2, typename std::enable_if<(std::_PCC<((! std::is_same<double, _U1>::value) || (! std::is_same<IPEDataPacket, _U2>::value)), double, IPEDataPacket>::_ConstructiblePair<_U1, _U2>() && std::_PCC<((! std::is_same<double, _U1>::value) || (! std::is_same<IPEDataPacket, _U2>::value)), double, IPEDataPacket>::_ImplicitlyConvertiblePair<_U1, _U2>()), bool>::type <anonymous> > constexpr std::pair<_T1, _T2>::pair(const std::pair<_U1, _U2>&) [with _U1 = _U1; _U2 = _U2; typename std::enable_if<(std::_PCC<((! std::is_same<_T1, _U1>::value) || (! std::is_same<_T2, _U2>::value)), _T1, _T2>::_ConstructiblePair<_U1, _U2>() && std::_PCC<((! std::is_same<_T1, _U1>::value) || (! std::is_same<_T2, _U2>::value)), _T1, _T2>::_ImplicitlyConvertiblePair<_U1, _U2>()), bool>::type <anonymous> = <anonymous>; _T1 = double; _T2 = IPEDataPacket][m[K’
  300 |         constexpr [01;36m[Kpair[m[K(const pair<_U1, _U2>& __p)
      |                   [01;36m[K^~~~[m[K
[01m[K/usr/include/c++/11/bits/stl_pair.h:300:19:[m[K [01;36m[Knote: [m[K  template argument deduction/substitution failed:
[01m[K/home/keti/catkin_ws/src/ipe_v4_2/src/ipecallback.cpp:47:22:[m[K [01;36m[Knote: [m[K  candidate expects 1 argument, 0 provided
   47 |     RosKapDataPacket [01;36m[Kpacket[m[K;
      |                      [01;36m[K^~~~~~[m[K
In file included from [01m[K/usr/include/c++/11/bits/stl_algobase.h:64[m[K,
                 from [01m[K/usr/include/c++/11/bits/char_traits.h:39[m[K,
                 from [01m[K/usr/include/c++/11/string:40[m[K,
                 from [01m[K/opt/ros/noetic/include/ros/platform.h:38[m[K,
                 from [01m[K/opt/ros/noetic/include/ros/time.h:53[m[K,
                 from [01m[K/opt/ros/noetic/include/ros/ros.h:38[m[K,
                 from [01m[K/home/keti/catkin_ws/src/ipe_v4_2/include/ipecallback.h:37[m[K,
                 from [01m[K/home/keti/catkin_ws/src/ipe_v4_2/src/ipecallback.cpp:34[m[K:
[01m[K/usr/include/c++/11/bits/stl_pair.h:276:26:[m[K [01;36m[Knote: [m[Kcandidate: ‘[01m[Ktemplate<class _U1, class _U2, typename std::enable_if<(_ConstructiblePair<_U1, _U2>() && (! _ImplicitlyConvertiblePair<_U1, _U2>())), bool>::type <anonymous> > constexpr std::pair<_T1, _T2>::pair(const _T1&, const _T2&) [with _U1 = _U1; _U2 = _U2; typename std::enable_if<(std::_PCC<true, _T1, _T2>::_ConstructiblePair<_U1, _U2>() && (! std::_PCC<true, _T1, _T2>::_ImplicitlyConvertiblePair<_U1, _U2>())), bool>::type <anonymous> = <anonymous>; _T1 = double; _T2 = IPEDataPacket][m[K’
  276 |       explicit constexpr [01;36m[Kpair[m[K(const _T1& __a, const _T2& __b)
      |                          [01;36m[K^~~~[m[K
[01m[K/usr/include/c++/11/bits/stl_pair.h:276:26:[m[K [01;36m[Knote: [m[K  template argument deduction/substitution failed:
[01m[K/home/keti/catkin_ws/src/ipe_v4_2/src/ipecallback.cpp:47:22:[m[K [01;36m[Knote: [m[K  candidate expects 2 arguments, 0 provided
   47 |     RosKapDataPacket [01;36m[Kpacket[m[K;
      |                      [01;36m[K^~~~~~[m[K
In file included from [01m[K/usr/include/c++/11/bits/stl_algobase.h:64[m[K,
                 from [01m[K/usr/include/c++/11/bits/char_traits.h:39[m[K,
                 from [01m[K/usr/include/c++/11/string:40[m[K,
                 from [01m[K/opt/ros/noetic/include/ros/platform.h:38[m[K,
                 from [01m[K/opt/ros/noetic/include/ros/time.h:53[m[K,
                 from [01m[K/opt/ros/noetic/include/ros/ros.h:38[m[K,
                 from [01m[K/home/keti/catkin_ws/src/ipe_v4_2/include/ipecallback.h:37[m[K,
                 from [01m[K/home/keti/catkin_ws/src/ipe_v4_2/src/ipecallback.cpp:34[m[K:
[01m[K/usr/include/c++/11/bits/stl_pair.h:266:17:[m[K [01;36m[Knote: [m[Kcandidate: ‘[01m[Ktemplate<class _U1, class _U2, typename std::enable_if<(_ConstructiblePair<_U1, _U2>() && _ImplicitlyConvertiblePair<_U1, _U2>()), bool>::type <anonymous> > constexpr std::pair<_T1, _T2>::pair(const _T1&, const _T2&) [with _U1 = _U1; _U2 = _U2; typename std::enable_if<(std::_PCC<true, _T1, _T2>::_ConstructiblePair<_U1, _U2>() && std::_PCC<true, _T1, _T2>::_ImplicitlyConvertiblePair<_U1, _U2>()), bool>::type <anonymous> = <anonymous>; _T1 = double; _T2 = IPEDataPacket][m[K’
  266 |       constexpr [01;36m[Kpair[m[K(const _T1& __a, const _T2& __b)
      |                 [01;36m[K^~~~[m[K
[01m[K/usr/include/c++/11/bits/stl_pair.h:266:17:[m[K [01;36m[Knote: [m[K  template argument deduction/substitution failed:
[01m[K/home/keti/catkin_ws/src/ipe_v4_2/src/ipecallback.cpp:47:22:[m[K [01;36m[Knote: [m[K  candidate expects 2 arguments, 0 provided
   47 |     RosKapDataPacket [01;36m[Kpacket[m[K;
      |                      [01;36m[K^~~~~~[m[K
In file included from [01m[K/usr/include/c++/11/bits/stl_algobase.h:64[m[K,
                 from [01m[K/usr/include/c++/11/bits/char_traits.h:39[m[K,
                 from [01m[K/usr/include/c++/11/string:40[m[K,
                 from [01m[K/opt/ros/noetic/include/ros/platform.h:38[m[K,
                 from [01m[K/opt/ros/noetic/include/ros/time.h:53[m[K,
                 from [01m[K/opt/ros/noetic/include/ros/ros.h:38[m[K,
                 from [01m[K/home/keti/catkin_ws/src/ipe_v4_2/include/ipecallback.h:37[m[K,
                 from [01m[K/home/keti/catkin_ws/src/ipe_v4_2/src/ipecallback.cpp:34[m[K:
[01m[K/usr/include/c++/11/bits/stl_pair.h:245:26:[m[K [01;36m[Knote: [m[Kcandidate: ‘[01m[Ktemplate<class _U1, class _U2, typename std::enable_if<std::__and_<std::is_default_constructible<_U1>, std::is_default_constructible<_Dp>, std::__not_<std::__and_<std::__is_implicitly_default_constructible<_U1>, std::__is_implicitly_default_constructible<_U2> > > >::value, bool>::type <anonymous> > constexpr std::pair<_T1, _T2>::pair() [with _U1 = _U1; _U2 = _U2; typename std::enable_if<std::__and_<std::is_default_constructible<_U1>, std::is_default_constructible<_U2>, std::__not_<std::__and_<std::__is_implicitly_default_constructible<_U1>, std::__is_implicitly_default_constructible<_U2> > > >::value, bool>::type <anonymous> = <anonymous>; _T1 = double; _T2 = IPEDataPacket][m[K’
  245 |       explicit constexpr [01;36m[Kpair[m[K()
      |                          [01;36m[K^~~~[m[K
[01m[K/usr/include/c++/11/bits/stl_pair.h:245:26:[m[K [01;36m[Knote: [m[K  template argument deduction/substitution failed:
[01m[K/usr/include/c++/11/bits/stl_pair.h:244:59:[m[K [01;31m[Kerror: [m[Kno type named ‘[01m[Ktype[m[K’ in ‘[01m[Kstruct std::enable_if<false, bool>[m[K’
  244 |                                    ::value, bool>::type = [01;31m[Kfalse[m[K>
      |                                                           [01;31m[K^~~~~[m[K
[01m[K/usr/include/c++/11/bits/stl_pair.h:232:26:[m[K [01;36m[Knote: [m[Kcandidate: ‘[01m[Ktemplate<class _U1, class _U2, typename std::enable_if<std::__and_<std::__is_implicitly_default_constructible<_U1>, std::__is_implicitly_default_constructible<_U2> >::value, bool>::type <anonymous> > constexpr std::pair<_T1, _T2>::pair() [with _U1 = _U1; _U2 = _U2; typename std::enable_if<std::__and_<std::__is_implicitly_default_constructible<_U1>, std::__is_implicitly_default_constructible<_U2> >::value, bool>::type <anonymous> = <anonymous>; _T1 = double; _T2 = IPEDataPacket][m[K’
  232 |       _GLIBCXX_CONSTEXPR [01;36m[Kpair[m[K()
      |                          [01;36m[K^~~~[m[K
[01m[K/usr/include/c++/11/bits/stl_pair.h:232:26:[m[K [01;36m[Knote: [m[K  template argument deduction/substitution failed:
[01m[K/usr/include/c++/11/bits/stl_pair.h:230:59:[m[K [01;31m[Kerror: [m[Kno type named ‘[01m[Ktype[m[K’ in ‘[01m[Kstruct std::enable_if<false, bool>[m[K’
  230 |                                    ::value, bool>::type = [01;31m[Ktrue[m[K>
      |                                                           [01;31m[K^~~~[m[K
[01m[K/usr/include/c++/11/bits/stl_pair.h:315:17:[m[K [01;36m[Knote: [m[Kcandidate: ‘[01m[Kstd::pair<_T1, _T2>::pair(std::pair<_T1, _T2>&&) [with _T1 = double; _T2 = IPEDataPacket][m[K’
  315 |       constexpr [01;36m[Kpair[m[K(pair&&) = default;         ///< Move constructor
      |                 [01;36m[K^~~~[m[K
[01m[K/usr/include/c++/11/bits/stl_pair.h:315:17:[m[K [01;36m[Knote: [m[K  candidate expects 1 argument, 0 provided
[01m[K/usr/include/c++/11/bits/stl_pair.h:314:17:[m[K [01;36m[Knote: [m[Kcandidate: ‘[01m[Kstd::pair<_T1, _T2>::pair(const std::pair<_T1, _T2>&) [with _T1 = double; _T2 = IPEDataPacket][m[K’
  314 |       constexpr [01;36m[Kpair[m[K(const pair&) = default;    ///< Copy constructor
      |                 [01;36m[K^~~~[m[K
[01m[K/usr/include/c++/11/bits/stl_pair.h:314:17:[m[K [01;36m[Knote: [m[K  candidate expects 1 argument, 0 provided
[01m[K/home/keti/catkin_ws/src/ipe_v4_2/src/ipecallback.cpp:50:33:[m[K [01;31m[Kerror: [m[Kno matching function for call to ‘[01m[Kstd::pair<double, IPEDataPacket>::pair()[m[K’
   50 |         return RosKapDataPacket([01;31m[K)[m[K;
      |                                 [01;31m[K^[m[K
In file included from [01m[K/usr/include/c++/11/bits/stl_algobase.h:64[m[K,
                 from [01m[K/usr/include/c++/11/bits/char_traits.h:39[m[K,
                 from [01m[K/usr/include/c++/11/string:40[m[K,
                 from [01m[K/opt/ros/noetic/include/ros/platform.h:38[m[K,
                 from [01m[K/opt/ros/noetic/include/ros/time.h:53[m[K,
                 from [01m[K/opt/ros/noetic/include/ros/ros.h:38[m[K,
                 from [01m[K/home/keti/catkin_ws/src/ipe_v4_2/include/ipecallback.h:37[m[K,
                 from [01m[K/home/keti/catkin_ws/src/ipe_v4_2/src/ipecallback.cpp:34[m[K:
[01m[K/usr/include/c++/11/bits/stl_pair.h:452:9:[m[K [01;36m[Knote: [m[Kcandidate: ‘[01m[Ktemplate<class ... _Args1, long unsigned int ..._Indexes1, class ... _Args2, long unsigned int ..._Indexes2> std::pair<_T1, _T2>::pair(std::tuple<_Args1 ...>&, std::tuple<_Args2 ...>&, std::_Index_tuple<_Indexes1 ...>, std::_Index_tuple<_Indexes2 ...>) [with _Args1 = {_Args1 ...}; long unsigned int ..._Indexes1 = {_Indexes1 ...}; _Args2 = {_Args2 ...}; long unsigned int ..._Indexes2 = {_Indexes2 ...}; _T1 = double; _T2 = IPEDataPacket][m[K’
  452 |         [01;36m[Kpair[m[K(tuple<_Args1...>&, tuple<_Args2...>&,
      |         [01;36m[K^~~~[m[K
[01m[K/usr/include/c++/11/bits/stl_pair.h:452:9:[m[K [01;36m[Knote: [m[K  template argument deduction/substitution failed:
[01m[K/home/keti/catkin_ws/src/ipe_v4_2/src/ipecallback.cpp:50:33:[m[K [01;36m[Knote: [m[K  candidate expects 4 arguments, 0 provided
   50 |         return RosKapDataPacket([01;36m[K)[m[K;
      |                                 [01;36m[K^[m[K
In file included from [01m[K/usr/include/c++/11/bits/stl_algobase.h:64[m[K,
                 from [01m[K/usr/include/c++/11/bits/char_traits.h:39[m[K,
                 from [01m[K/usr/include/c++/11/string:40[m[K,
                 from [01m[K/opt/ros/noetic/include/ros/platform.h:38[m[K,
                 from [01m[K/opt/ros/noetic/include/ros/time.h:53[m[K,
                 from [01m[K/opt/ros/noetic/include/ros/ros.h:38[m[K,
                 from [01m[K/home/keti/catkin_ws/src/ipe_v4_2/include/ipecallback.h:37[m[K,
                 from [01m[K/home/keti/catkin_ws/src/ipe_v4_2/src/ipecallback.cpp:34[m[K:
[01m[K/usr/include/c++/11/bits/stl_pair.h:387:9:[m[K [01;36m[Knote: [m[Kcandidate: ‘[01m[Ktemplate<class ... _Args1, class ... _Args2> std::pair<_T1, _T2>::pair(std::piecewise_construct_t, std::tuple<_Args1 ...>, std::tuple<_Args2 ...>) [with _Args1 = {_Args1 ...}; _Args2 = {_Args2 ...}; _T1 = double; _T2 = IPEDataPacket][m[K’
  387 |         [01;36m[Kpair[m[K(piecewise_construct_t, tuple<_Args1...>, tuple<_Args2...>);
      |         [01;36m[K^~~~[m[K
[01m[K/usr/include/c++/11/bits/stl_pair.h:387:9:[m[K [01;36m[Knote: [m[K  template argument deduction/substitution failed:
[01m[K/home/keti/catkin_ws/src/ipe_v4_2/src/ipecallback.cpp:50:33:[m[K [01;36m[Knote: [m[K  candidate expects 3 arguments, 0 provided
   50 |         return RosKapDataPacket([01;36m[K)[m[K;
      |                                 [01;36m[K^[m[K
In file included from [01m[K/usr/include/c++/11/bits/stl_algobase.h:64[m[K,
                 from [01m[K/usr/include/c++/11/bits/char_traits.h:39[m[K,
                 from [01m[K/usr/include/c++/11/string:40[m[K,
                 from [01m[K/opt/ros/noetic/include/ros/platform.h:38[m[K,
                 from [01m[K/opt/ros/noetic/include/ros/time.h:53[m[K,
                 from [01m[K/opt/ros/noetic/include/ros/ros.h:38[m[K,
                 from [01m[K/home/keti/catkin_ws/src/ipe_v4_2/include/ipecallback.h:37[m[K,
                 from [01m[K/home/keti/catkin_ws/src/ipe_v4_2/src/ipecallback.cpp:34[m[K:
[01m[K/usr/include/c++/11/bits/stl_pair.h:381:28:[m[K [01;36m[Knote: [m[Kcandidate: ‘[01m[Ktemplate<class _U1, class _U2, typename std::enable_if<(std::_PCC<((! std::is_same<double, _U1>::value) || (! std::is_same<IPEDataPacket, _U2>::value)), double, IPEDataPacket>::_MoveConstructiblePair<_U1, _U2>() && (! std::_PCC<((! std::is_same<double, _U1>::value) || (! std::is_same<IPEDataPacket, _U2>::value)), double, IPEDataPacket>::_ImplicitlyMoveConvertiblePair<_U1, _U2>())), bool>::type <anonymous> > constexpr std::pair<_T1, _T2>::pair(std::pair<_U1, _U2>&&) [with _U1 = _U1; _U2 = _U2; typename std::enable_if<(std::_PCC<((! std::is_same<_T1, _U1>::value) || (! std::is_same<_T2, _U2>::value)), _T1, _T2>::_MoveConstructiblePair<_U1, _U2>() && (! std::_PCC<((! std::is_same<_T1, _U1>::value) || (! std::is_same<_T2, _U2>::value)), _T1, _T2>::_ImplicitlyMoveConvertiblePair<_U1, _U2>())), bool>::type <anonymous> = <anonymous>; _T1 = double; _T2 = IPEDataPacket][m[K’
  381 |         explicit constexpr [01;36m[Kpair[m[K(pair<_U1, _U2>&& __p)
      |                            [01;36m[K^~~~[m[K
[01m[K/usr/include/c++/11/bits/stl_pair.h:381:28:[m[K [01;36m[Knote: [m[K  template argument deduction/substitution failed:
[01m[K/home/keti/catkin_ws/src/ipe_v4_2/src/ipecallback.cpp:50:33:[m[K [01;36m[Knote: [m[K  candidate expects 1 argument, 0 provided
   50 |         return RosKapDataPacket([01;36m[K)[m[K;
      |                                 [01;36m[K^[m[K
In file included from [01m[K/usr/include/c++/11/bits/stl_algobase.h:64[m[K,
                 from [01m[K/usr/include/c++/11/bits/char_traits.h:39[m[K,
                 from [01m[K/usr/include/c++/11/string:40[m[K,
                 from [01m[K/opt/ros/noetic/include/ros/platform.h:38[m[K,
                 from [01m[K/opt/ros/noetic/include/ros/time.h:53[m[K,
                 from [01m[K/opt/ros/noetic/include/ros/ros.h:38[m[K,
                 from [01m[K/home/keti/catkin_ws/src/ipe_v4_2/include/ipecallback.h:37[m[K,
                 from [01m[K/home/keti/catkin_ws/src/ipe_v4_2/src/ipecallback.cpp:34[m[K:
[01m[K/usr/include/c++/11/bits/stl_pair.h:371:19:[m[K [01;36m[Knote: [m[Kcandidate: ‘[01m[Ktemplate<class _U1, class _U2, typename std::enable_if<(std::_PCC<((! std::is_same<double, _U1>::value) || (! std::is_same<IPEDataPacket, _U2>::value)), double, IPEDataPacket>::_MoveConstructiblePair<_U1, _U2>() && std::_PCC<((! std::is_same<double, _U1>::value) || (! std::is_same<IPEDataPacket, _U2>::value)), double, IPEDataPacket>::_ImplicitlyMoveConvertiblePair<_U1, _U2>()), bool>::type <anonymous> > constexpr std::pair<_T1, _T2>::pair(std::pair<_U1, _U2>&&) [with _U1 = _U1; _U2 = _U2; typename std::enable_if<(std::_PCC<((! std::is_same<_T1, _U1>::value) || (! std::is_same<_T2, _U2>::value)), _T1, _T2>::_MoveConstructiblePair<_U1, _U2>() && std::_PCC<((! std::is_same<_T1, _U1>::value) || (! std::is_same<_T2, _U2>::value)), _T1, _T2>::_ImplicitlyMoveConvertiblePair<_U1, _U2>()), bool>::type <anonymous> = <anonymous>; _T1 = double; _T2 = IPEDataPacket][m[K’
  371 |         constexpr [01;36m[Kpair[m[K(pair<_U1, _U2>&& __p)
      |                   [01;36m[K^~~~[m[K
[01m[K/usr/include/c++/11/bits/stl_pair.h:371:19:[m[K [01;36m[Knote: [m[K  template argument deduction/substitution failed:
[01m[K/home/keti/catkin_ws/src/ipe_v4_2/src/ipecallback.cpp:50:33:[m[K [01;36m[Knote: [m[K  candidate expects 1 argument, 0 provided
   50 |         return RosKapDataPacket([01;36m[K)[m[K;
      |                                 [01;36m[K^[m[K
In file included from [01m[K/usr/include/c++/11/bits/stl_algobase.h:64[m[K,
                 from [01m[K/usr/include/c++/11/bits/char_traits.h:39[m[K,
                 from [01m[K/usr/include/c++/11/string:40[m[K,
                 from [01m[K/opt/ros/noetic/include/ros/platform.h:38[m[K,
                 from [01m[K/opt/ros/noetic/include/ros/time.h:53[m[K,
                 from [01m[K/opt/ros/noetic/include/ros/ros.h:38[m[K,
                 from [01m[K/home/keti/catkin_ws/src/ipe_v4_2/include/ipecallback.h:37[m[K,
                 from [01m[K/home/keti/catkin_ws/src/ipe_v4_2/src/ipecallback.cpp:34[m[K:
[01m[K/usr/include/c++/11/bits/stl_pair.h:361:28:[m[K [01;36m[Knote: [m[Kcandidate: ‘[01m[Ktemplate<class _U1, class _U2, typename std::enable_if<(_MoveConstructiblePair<_U1, _U2>() && (! _ImplicitlyMoveConvertiblePair<_U1, _U2>())), bool>::type <anonymous> > constexpr std::pair<_T1, _T2>::pair(_U1&&, _U2&&) [with _U1 = _U1; _U2 = _U2; typename std::enable_if<(std::_PCC<true, _T1, _T2>::_MoveConstructiblePair<_U1, _U2>() && (! std::_PCC<true, _T1, _T2>::_ImplicitlyMoveConvertiblePair<_U1, _U2>())), bool>::type <anonymous> = <anonymous>; _T1 = double; _T2 = IPEDataPacket][m[K’
  361 |         explicit constexpr [01;36m[Kpair[m[K(_U1&& __x, _U2&& __y)
      |                            [01;36m[K^~~~[m[K
[01m[K/usr/include/c++/11/bits/stl_pair.h:361:28:[m[K [01;36m[Knote: [m[K  template argument deduction/substitution failed:
[01m[K/home/keti/catkin_ws/src/ipe_v4_2/src/ipecallback.cpp:50:33:[m[K [01;36m[Knote: [m[K  candidate expects 2 arguments, 0 provided
   50 |         return RosKapDataPacket([01;36m[K)[m[K;
      |                                 [01;36m[K^[m[K
In file included from [01m[K/usr/include/c++/11/bits/stl_algobase.h:64[m[K,
                 from [01m[K/usr/include/c++/11/bits/char_traits.h:39[m[K,
                 from [01m[K/usr/include/c++/11/string:40[m[K,
                 from [01m[K/opt/ros/noetic/include/ros/platform.h:38[m[K,
                 from [01m[K/opt/ros/noetic/include/ros/time.h:53[m[K,
                 from [01m[K/opt/ros/noetic/include/ros/ros.h:38[m[K,
                 from [01m[K/home/keti/catkin_ws/src/ipe_v4_2/include/ipecallback.h:37[m[K,
                 from [01m[K/home/keti/catkin_ws/src/ipe_v4_2/src/ipecallback.cpp:34[m[K:
[01m[K/usr/include/c++/11/bits/stl_pair.h:352:19:[m[K [01;36m[Knote: [m[Kcandidate: ‘[01m[Ktemplate<class _U1, class _U2, typename std::enable_if<(_MoveConstructiblePair<_U1, _U2>() && _ImplicitlyMoveConvertiblePair<_U1, _U2>()), bool>::type <anonymous> > constexpr std::pair<_T1, _T2>::pair(_U1&&, _U2&&) [with _U1 = _U1; _U2 = _U2; typename std::enable_if<(std::_PCC<true, _T1, _T2>::_MoveConstructiblePair<_U1, _U2>() && std::_PCC<true, _T1, _T2>::_ImplicitlyMoveConvertiblePair<_U1, _U2>()), bool>::type <anonymous> = <anonymous>; _T1 = double; _T2 = IPEDataPacket][m[K’
  352 |         constexpr [01;36m[Kpair[m[K(_U1&& __x, _U2&& __y)
      |                   [01;36m[K^~~~[m[K
[01m[K/usr/include/c++/11/bits/stl_pair.h:352:19:[m[K [01;36m[Knote: [m[K  template argument deduction/substitution failed:
[01m[K/home/keti/catkin_ws/src/ipe_v4_2/src/ipecallback.cpp:50:33:[m[K [01;36m[Knote: [m[K  candidate expects 2 arguments, 0 provided
   50 |         return RosKapDataPacket([01;36m[K)[m[K;
      |                                 [01;36m[K^[m[K
In file included from [01m[K/usr/include/c++/11/bits/stl_algobase.h:64[m[K,
                 from [01m[K/usr/include/c++/11/bits/char_traits.h:39[m[K,
                 from [01m[K/usr/include/c++/11/string:40[m[K,
                 from [01m[K/opt/ros/noetic/include/ros/platform.h:38[m[K,
                 from [01m[K/opt/ros/noetic/include/ros/time.h:53[m[K,
                 from [01m[K/opt/ros/noetic/include/ros/ros.h:38[m[K,
                 from [01m[K/home/keti/catkin_ws/src/ipe_v4_2/include/ipecallback.h:37[m[K,
                 from [01m[K/home/keti/catkin_ws/src/ipe_v4_2/src/ipecallback.cpp:34[m[K:
[01m[K/usr/include/c++/11/bits/stl_pair.h:343:17:[m[K [01;36m[Knote: [m[Kcandidate: ‘[01m[Ktemplate<class _U2, typename std::enable_if<_CopyMovePair<false, double, _U2>(), bool>::type <anonymous> > std::pair<_T1, _T2>::pair(const _T1&, _U2&&) [with _U2 = _U2; typename std::enable_if<std::_PCC<true, _T1, _T2>::_CopyMovePair<false, _T1, _U2>(), bool>::type <anonymous> = <anonymous>; _T1 = double; _T2 = IPEDataPacket][m[K’
  343 |        explicit [01;36m[Kpair[m[K(const _T1& __x, _U2&& __y)
      |                 [01;36m[K^~~~[m[K
[01m[K/usr/include/c++/11/bits/stl_pair.h:343:17:[m[K [01;36m[Knote: [m[K  template argument deduction/substitution failed:
[01m[K/home/keti/catkin_ws/src/ipe_v4_2/src/ipecallback.cpp:50:33:[m[K [01;36m[Knote: [m[K  candidate expects 2 arguments, 0 provided
   50 |         return RosKapDataPacket([01;36m[K)[m[K;
      |                                 [01;36m[K^[m[K
In file included from [01m[K/usr/include/c++/11/bits/stl_algobase.h:64[m[K,
                 from [01m[K/usr/include/c++/11/bits/char_traits.h:39[m[K,
                 from [01m[K/usr/include/c++/11/string:40[m[K,
                 from [01m[K/opt/ros/noetic/include/ros/platform.h:38[m[K,
                 from [01m[K/opt/ros/noetic/include/ros/time.h:53[m[K,
                 from [01m[K/opt/ros/noetic/include/ros/ros.h:38[m[K,
                 from [01m[K/home/keti/catkin_ws/src/ipe_v4_2/include/ipecallback.h:37[m[K,
                 from [01m[K/home/keti/catkin_ws/src/ipe_v4_2/src/ipecallback.cpp:34[m[K:
[01m[K/usr/include/c++/11/bits/stl_pair.h:336:18:[m[K [01;36m[Knote: [m[Kcandidate: ‘[01m[Ktemplate<class _U2, typename std::enable_if<_CopyMovePair<true, double, _U2>(), bool>::type <anonymous> > constexpr std::pair<_T1, _T2>::pair(const _T1&, _U2&&) [with _U2 = _U2; typename std::enable_if<std::_PCC<true, _T1, _T2>::_CopyMovePair<true, _T1, _U2>(), bool>::type <anonymous> = <anonymous>; _T1 = double; _T2 = IPEDataPacket][m[K’
  336 |        constexpr [01;36m[Kpair[m[K(const _T1& __x, _U2&& __y)
      |                  [01;36m[K^~~~[m[K
[01m[K/usr/include/c++/11/bits/stl_pair.h:336:18:[m[K [01;36m[Knote: [m[K  template argument deduction/substitution failed:
[01m[K/home/keti/catkin_ws/src/ipe_v4_2/src/ipecallback.cpp:50:33:[m[K [01;36m[Knote: [m[K  candidate expects 2 arguments, 0 provided
   50 |         return RosKapDataPacket([01;36m[K)[m[K;
      |                                 [01;36m[K^[m[K
In file included from [01m[K/usr/include/c++/11/bits/stl_algobase.h:64[m[K,
                 from [01m[K/usr/include/c++/11/bits/char_traits.h:39[m[K,
                 from [01m[K/usr/include/c++/11/string:40[m[K,
                 from [01m[K/opt/ros/noetic/include/ros/platform.h:38[m[K,
                 from [01m[K/opt/ros/noetic/include/ros/time.h:53[m[K,
                 from [01m[K/opt/ros/noetic/include/ros/ros.h:38[m[K,
                 from [01m[K/home/keti/catkin_ws/src/ipe_v4_2/include/ipecallback.h:37[m[K,
                 from [01m[K/home/keti/catkin_ws/src/ipe_v4_2/src/ipecallback.cpp:34[m[K:
[01m[K/usr/include/c++/11/bits/stl_pair.h:329:27:[m[K [01;36m[Knote: [m[Kcandidate: ‘[01m[Ktemplate<class _U1, typename std::enable_if<_MoveCopyPair<false, _U1, IPEDataPacket>(), bool>::type <anonymous> > constexpr std::pair<_T1, _T2>::pair(_U1&&, const _T2&) [with _U1 = _U1; typename std::enable_if<std::_PCC<true, _T1, _T2>::_MoveCopyPair<false, _U1, _T2>(), bool>::type <anonymous> = <anonymous>; _T1 = double; _T2 = IPEDataPacket][m[K’
  329 |        explicit constexpr [01;36m[Kpair[m[K(_U1&& __x, const _T2& __y)
      |                           [01;36m[K^~~~[m[K
[01m[K/usr/include/c++/11/bits/stl_pair.h:329:27:[m[K [01;36m[Knote: [m[K  template argument deduction/substitution failed:
[01m[K/home/keti/catkin_ws/src/ipe_v4_2/src/ipecallback.cpp:50:33:[m[K [01;36m[Knote: [m[K  candidate expects 2 arguments, 0 provided
   50 |         return RosKapDataPacket([01;36m[K)[m[K;
      |                                 [01;36m[K^[m[K
In file included from [01m[K/usr/include/c++/11/bits/stl_algobase.h:64[m[K,
                 from [01m[K/usr/include/c++/11/bits/char_traits.h:39[m[K,
                 from [01m[K/usr/include/c++/11/string:40[m[K,
                 from [01m[K/opt/ros/noetic/include/ros/platform.h:38[m[K,
                 from [01m[K/opt/ros/noetic/include/ros/time.h:53[m[K,
                 from [01m[K/opt/ros/noetic/include/ros/ros.h:38[m[K,
                 from [01m[K/home/keti/catkin_ws/src/ipe_v4_2/include/ipecallback.h:37[m[K,
                 from [01m[K/home/keti/catkin_ws/src/ipe_v4_2/src/ipecallback.cpp:34[m[K:
[01m[K/usr/include/c++/11/bits/stl_pair.h:322:18:[m[K [01;36m[Knote: [m[Kcandidate: ‘[01m[Ktemplate<class _U1, typename std::enable_if<_MoveCopyPair<true, _U1, IPEDataPacket>(), bool>::type <anonymous> > constexpr std::pair<_T1, _T2>::pair(_U1&&, const _T2&) [with _U1 = _U1; typename std::enable_if<std::_PCC<true, _T1, _T2>::_MoveCopyPair<true, _U1, _T2>(), bool>::type <anonymous> = <anonymous>; _T1 = double; _T2 = IPEDataPacket][m[K’
  322 |        constexpr [01;36m[Kpair[m[K(_U1&& __x, const _T2& __y)
      |                  [01;36m[K^~~~[m[K
[01m[K/usr/include/c++/11/bits/stl_pair.h:322:18:[m[K [01;36m[Knote: [m[K  template argument deduction/substitution failed:
[01m[K/home/keti/catkin_ws/src/ipe_v4_2/src/ipecallback.cpp:50:33:[m[K [01;36m[Knote: [m[K  candidate expects 2 arguments, 0 provided
   50 |         return RosKapDataPacket([01;36m[K)[m[K;
      |                                 [01;36m[K^[m[K
In file included from [01m[K/usr/include/c++/11/bits/stl_algobase.h:64[m[K,
                 from [01m[K/usr/include/c++/11/bits/char_traits.h:39[m[K,
                 from [01m[K/usr/include/c++/11/string:40[m[K,
                 from [01m[K/opt/ros/noetic/include/ros/platform.h:38[m[K,
                 from [01m[K/opt/ros/noetic/include/ros/time.h:53[m[K,
                 from [01m[K/opt/ros/noetic/include/ros/ros.h:38[m[K,
                 from [01m[K/home/keti/catkin_ws/src/ipe_v4_2/include/ipecallback.h:37[m[K,
                 from [01m[K/home/keti/catkin_ws/src/ipe_v4_2/src/ipecallback.cpp:34[m[K:
[01m[K/usr/include/c++/11/bits/stl_pair.h:309:28:[m[K [01;36m[Knote: [m[Kcandidate: ‘[01m[Ktemplate<class _U1, class _U2, typename std::enable_if<(std::_PCC<((! std::is_same<double, _U1>::value) || (! std::is_same<IPEDataPacket, _U2>::value)), double, IPEDataPacket>::_ConstructiblePair<_U1, _U2>() && (! std::_PCC<((! std::is_same<double, _U1>::value) || (! std::is_same<IPEDataPacket, _U2>::value)), double, IPEDataPacket>::_ImplicitlyConvertiblePair<_U1, _U2>())), bool>::type <anonymous> > constexpr std::pair<_T1, _T2>::pair(const std::pair<_U1, _U2>&) [with _U1 = _U1; _U2 = _U2; typename std::enable_if<(std::_PCC<((! std::is_same<_T1, _U1>::value) || (! std::is_same<_T2, _U2>::value)), _T1, _T2>::_ConstructiblePair<_U1, _U2>() && (! std::_PCC<((! std::is_same<_T1, _U1>::value) || (! std::is_same<_T2, _U2>::value)), _T1, _T2>::_ImplicitlyConvertiblePair<_U1, _U2>())), bool>::type <anonymous> = <anonymous>; _T1 = double; _T2 = IPEDataPacket][m[K’
  309 |         explicit constexpr [01;36m[Kpair[m[K(const pair<_U1, _U2>& __p)
      |                            [01;36m[K^~~~[m[K
[01m[K/usr/include/c++/11/bits/stl_pair.h:309:28:[m[K [01;36m[Knote: [m[K  template argument deduction/substitution failed:
[01m[K/home/keti/catkin_ws/src/ipe_v4_2/src/ipecallback.cpp:50:33:[m[K [01;36m[Knote: [m[K  candidate expects 1 argument, 0 provided
   50 |         return RosKapDataPacket([01;36m[K)[m[K;
      |                                 [01;36m[K^[m[K
In file included from [01m[K/usr/include/c++/11/bits/stl_algobase.h:64[m[K,
                 from [01m[K/usr/include/c++/11/bits/char_traits.h:39[m[K,
                 from [01m[K/usr/include/c++/11/string:40[m[K,
                 from [01m[K/opt/ros/noetic/include/ros/platform.h:38[m[K,
                 from [01m[K/opt/ros/noetic/include/ros/time.h:53[m[K,
                 from [01m[K/opt/ros/noetic/include/ros/ros.h:38[m[K,
                 from [01m[K/home/keti/catkin_ws/src/ipe_v4_2/include/ipecallback.h:37[m[K,
                 from [01m[K/home/keti/catkin_ws/src/ipe_v4_2/src/ipecallback.cpp:34[m[K:
[01m[K/usr/include/c++/11/bits/stl_pair.h:300:19:[m[K [01;36m[Knote: [m[Kcandidate: ‘[01m[Ktemplate<class _U1, class _U2, typename std::enable_if<(std::_PCC<((! std::is_same<double, _U1>::value) || (! std::is_same<IPEDataPacket, _U2>::value)), double, IPEDataPacket>::_ConstructiblePair<_U1, _U2>() && std::_PCC<((! std::is_same<double, _U1>::value) || (! std::is_same<IPEDataPacket, _U2>::value)), double, IPEDataPacket>::_ImplicitlyConvertiblePair<_U1, _U2>()), bool>::type <anonymous> > constexpr std::pair<_T1, _T2>::pair(const std::pair<_U1, _U2>&) [with _U1 = _U1; _U2 = _U2; typename std::enable_if<(std::_PCC<((! std::is_same<_T1, _U1>::value) || (! std::is_same<_T2, _U2>::value)), _T1, _T2>::_ConstructiblePair<_U1, _U2>() && std::_PCC<((! std::is_same<_T1, _U1>::value) || (! std::is_same<_T2, _U2>::value)), _T1, _T2>::_ImplicitlyConvertiblePair<_U1, _U2>()), bool>::type <anonymous> = <anonymous>; _T1 = double; _T2 = IPEDataPacket][m[K’
  300 |         constexpr [01;36m[Kpair[m[K(const pair<_U1, _U2>& __p)
      |                   [01;36m[K^~~~[m[K
[01m[K/usr/include/c++/11/bits/stl_pair.h:300:19:[m[K [01;36m[Knote: [m[K  template argument deduction/substitution failed:
[01m[K/home/keti/catkin_ws/src/ipe_v4_2/src/ipecallback.cpp:50:33:[m[K [01;36m[Knote: [m[K  candidate expects 1 argument, 0 provided
   50 |         return RosKapDataPacket([01;36m[K)[m[K;
      |                                 [01;36m[K^[m[K
In file included from [01m[K/usr/include/c++/11/bits/stl_algobase.h:64[m[K,
                 from [01m[K/usr/include/c++/11/bits/char_traits.h:39[m[K,
                 from [01m[K/usr/include/c++/11/string:40[m[K,
                 from [01m[K/opt/ros/noetic/include/ros/platform.h:38[m[K,
                 from [01m[K/opt/ros/noetic/include/ros/time.h:53[m[K,
                 from [01m[K/opt/ros/noetic/include/ros/ros.h:38[m[K,
                 from [01m[K/home/keti/catkin_ws/src/ipe_v4_2/include/ipecallback.h:37[m[K,
                 from [01m[K/home/keti/catkin_ws/src/ipe_v4_2/src/ipecallback.cpp:34[m[K:
[01m[K/usr/include/c++/11/bits/stl_pair.h:276:26:[m[K [01;36m[Knote: [m[Kcandidate: ‘[01m[Ktemplate<class _U1, class _U2, typename std::enable_if<(_ConstructiblePair<_U1, _U2>() && (! _ImplicitlyConvertiblePair<_U1, _U2>())), bool>::type <anonymous> > constexpr std::pair<_T1, _T2>::pair(const _T1&, const _T2&) [with _U1 = _U1; _U2 = _U2; typename std::enable_if<(std::_PCC<true, _T1, _T2>::_ConstructiblePair<_U1, _U2>() && (! std::_PCC<true, _T1, _T2>::_ImplicitlyConvertiblePair<_U1, _U2>())), bool>::type <anonymous> = <anonymous>; _T1 = double; _T2 = IPEDataPacket][m[K’
  276 |       explicit constexpr [01;36m[Kpair[m[K(const _T1& __a, const _T2& __b)
      |                          [01;36m[K^~~~[m[K
[01m[K/usr/include/c++/11/bits/stl_pair.h:276:26:[m[K [01;36m[Knote: [m[K  template argument deduction/substitution failed:
[01m[K/home/keti/catkin_ws/src/ipe_v4_2/src/ipecallback.cpp:50:33:[m[K [01;36m[Knote: [m[K  candidate expects 2 arguments, 0 provided
   50 |         return RosKapDataPacket([01;36m[K)[m[K;
      |                                 [01;36m[K^[m[K
In file included from [01m[K/usr/include/c++/11/bits/stl_algobase.h:64[m[K,
                 from [01m[K/usr/include/c++/11/bits/char_traits.h:39[m[K,
                 from [01m[K/usr/include/c++/11/string:40[m[K,
                 from [01m[K/opt/ros/noetic/include/ros/platform.h:38[m[K,
                 from [01m[K/opt/ros/noetic/include/ros/time.h:53[m[K,
                 from [01m[K/opt/ros/noetic/include/ros/ros.h:38[m[K,
                 from [01m[K/home/keti/catkin_ws/src/ipe_v4_2/include/ipecallback.h:37[m[K,
                 from [01m[K/home/keti/catkin_ws/src/ipe_v4_2/src/ipecallback.cpp:34[m[K:
[01m[K/usr/include/c++/11/bits/stl_pair.h:266:17:[m[K [01;36m[Knote: [m[Kcandidate: ‘[01m[Ktemplate<class _U1, class _U2, typename std::enable_if<(_ConstructiblePair<_U1, _U2>() && _ImplicitlyConvertiblePair<_U1, _U2>()), bool>::type <anonymous> > constexpr std::pair<_T1, _T2>::pair(const _T1&, const _T2&) [with _U1 = _U1; _U2 = _U2; typename std::enable_if<(std::_PCC<true, _T1, _T2>::_ConstructiblePair<_U1, _U2>() && std::_PCC<true, _T1, _T2>::_ImplicitlyConvertiblePair<_U1, _U2>()), bool>::type <anonymous> = <anonymous>; _T1 = double; _T2 = IPEDataPacket][m[K’
  266 |       constexpr [01;36m[Kpair[m[K(const _T1& __a, const _T2& __b)
      |                 [01;36m[K^~~~[m[K
[01m[K/usr/include/c++/11/bits/stl_pair.h:266:17:[m[K [01;36m[Knote: [m[K  template argument deduction/substitution failed:
[01m[K/home/keti/catkin_ws/src/ipe_v4_2/src/ipecallback.cpp:50:33:[m[K [01;36m[Knote: [m[K  candidate expects 2 arguments, 0 provided
   50 |         return RosKapDataPacket([01;36m[K)[m[K;
      |                                 [01;36m[K^[m[K
In file included from [01m[K/usr/include/c++/11/bits/stl_algobase.h:64[m[K,
                 from [01m[K/usr/include/c++/11/bits/char_traits.h:39[m[K,
                 from [01m[K/usr/include/c++/11/string:40[m[K,
                 from [01m[K/opt/ros/noetic/include/ros/platform.h:38[m[K,
                 from [01m[K/opt/ros/noetic/include/ros/time.h:53[m[K,
                 from [01m[K/opt/ros/noetic/include/ros/ros.h:38[m[K,
                 from [01m[K/home/keti/catkin_ws/src/ipe_v4_2/include/ipecallback.h:37[m[K,
                 from [01m[K/home/keti/catkin_ws/src/ipe_v4_2/src/ipecallback.cpp:34[m[K:
[01m[K/usr/include/c++/11/bits/stl_pair.h:245:26:[m[K [01;36m[Knote: [m[Kcandidate: ‘[01m[Ktemplate<class _U1, class _U2, typename std::enable_if<std::__and_<std::is_default_constructible<_U1>, std::is_default_constructible<_Dp>, std::__not_<std::__and_<std::__is_implicitly_default_constructible<_U1>, std::__is_implicitly_default_constructible<_U2> > > >::value, bool>::type <anonymous> > constexpr std::pair<_T1, _T2>::pair() [with _U1 = _U1; _U2 = _U2; typename std::enable_if<std::__and_<std::is_default_constructible<_U1>, std::is_default_constructible<_U2>, std::__not_<std::__and_<std::__is_implicitly_default_constructible<_U1>, std::__is_implicitly_default_constructible<_U2> > > >::value, bool>::type <anonymous> = <anonymous>; _T1 = double; _T2 = IPEDataPacket][m[K’
  245 |       explicit constexpr [01;36m[Kpair[m[K()
      |                          [01;36m[K^~~~[m[K
[01m[K/usr/include/c++/11/bits/stl_pair.h:245:26:[m[K [01;36m[Knote: [m[K  template argument deduction/substitution failed:
[01m[K/usr/include/c++/11/bits/stl_pair.h:244:59:[m[K [01;31m[Kerror: [m[Kno type named ‘[01m[Ktype[m[K’ in ‘[01m[Kstruct std::enable_if<false, bool>[m[K’
  244 |                                    ::value, bool>::type = [01;31m[Kfalse[m[K>
      |                                                           [01;31m[K^~~~~[m[K
[01m[K/usr/include/c++/11/bits/stl_pair.h:232:26:[m[K [01;36m[Knote: [m[Kcandidate: ‘[01m[Ktemplate<class _U1, class _U2, typename std::enable_if<std::__and_<std::__is_implicitly_default_constructible<_U1>, std::__is_implicitly_default_constructible<_U2> >::value, bool>::type <anonymous> > constexpr std::pair<_T1, _T2>::pair() [with _U1 = _U1; _U2 = _U2; typename std::enable_if<std::__and_<std::__is_implicitly_default_constructible<_U1>, std::__is_implicitly_default_constructible<_U2> >::value, bool>::type <anonymous> = <anonymous>; _T1 = double; _T2 = IPEDataPacket][m[K’
  232 |       _GLIBCXX_CONSTEXPR [01;36m[Kpair[m[K()
      |                          [01;36m[K^~~~[m[K
[01m[K/usr/include/c++/11/bits/stl_pair.h:232:26:[m[K [01;36m[Knote: [m[K  template argument deduction/substitution failed:
[01m[K/usr/include/c++/11/bits/stl_pair.h:230:59:[m[K [01;31m[Kerror: [m[Kno type named ‘[01m[Ktype[m[K’ in ‘[01m[Kstruct std::enable_if<false, bool>[m[K’
  230 |                                    ::value, bool>::type = [01;31m[Ktrue[m[K>
      |                                                           [01;31m[K^~~~[m[K
[01m[K/usr/include/c++/11/bits/stl_pair.h:315:17:[m[K [01;36m[Knote: [m[Kcandidate: ‘[01m[Kstd::pair<_T1, _T2>::pair(std::pair<_T1, _T2>&&) [with _T1 = double; _T2 = IPEDataPacket][m[K’
  315 |       constexpr [01;36m[Kpair[m[K(pair&&) = default;         ///< Move constructor
      |                 [01;36m[K^~~~[m[K
[01m[K/usr/include/c++/11/bits/stl_pair.h:315:17:[m[K [01;36m[Knote: [m[K  candidate expects 1 argument, 0 provided
[01m[K/usr/include/c++/11/bits/stl_pair.h:314:17:[m[K [01;36m[Knote: [m[Kcandidate: ‘[01m[Kstd::pair<_T1, _T2>::pair(const std::pair<_T1, _T2>&) [with _T1 = double; _T2 = IPEDataPacket][m[K’
  314 |       constexpr [01;36m[Kpair[m[K(const pair&) = default;    ///< Copy constructor
      |                 [01;36m[K^~~~[m[K
[01m[K/usr/include/c++/11/bits/stl_pair.h:314:17:[m[K [01;36m[Knote: [m[K  candidate expects 1 argument, 0 provided
In file included from [01m[K/home/keti/catkin_ws/src/ipe_v4_2/include/ipecallback.h:39[m[K,
                 from [01m[K/home/keti/catkin_ws/src/ipe_v4_2/include/uwbsubscriber.h:50[m[K,
                 from [01m[K/home/keti/catkin_ws/src/ipe_v4_2/src/uwbsubscriber.cpp:33[m[K:
[01m[K/home/keti/catkin_ws/src/ipe_v4_2/include/ipedatapacket.h:97:25:[m[K [01;31m[Kerror: [m[K‘[01m[Kipe[m[K’ does not name a type
   97 |     IPEDataPacket(const [01;31m[Kipe[m[K::Anchor::ConstPtr& msg) :
      |                         [01;31m[K^~~[m[K
[01m[K/home/keti/catkin_ws/src/ipe_v4_2/include/ipedatapacket.h:97:36:[m[K [01;31m[Kerror: [m[Kexpected unqualified-id before ‘[01m[K::[m[K’ token
   97 |     IPEDataPacket(const ipe::Anchor[01;31m[K::[m[KConstPtr& msg) :
      |                                    [01;31m[K^~[m[K
[01m[K/home/keti/catkin_ws/src/ipe_v4_2/include/ipedatapacket.h:97:36:[m[K [01;31m[Kerror: [m[Kexpected ‘[01m[K)[m[K’ before ‘[01m[K::[m[K’ token
   97 |     IPEDataPacket[34m[K([m[Kconst ipe::Anchor[01;31m[K:[m[K[32m[K:[m[KConstPtr& msg) :
      |                  [34m[K~[m[K                 [01;31m[K^[m[K[32m[K~[m[K
      |                                    [32m[K)[m[K
[01m[K/home/keti/catkin_ws/src/ipe_v4_2/include/ipedatapacket.h:97:30:[m[K [01;31m[Kerror: [m[Kexpected ‘[01m[K;[m[K’ at end of member declaration
   97 |     IPEDataPacket(const ipe::[01;31m[KAnchor[m[K::ConstPtr& msg) :
      |                              [01;31m[K^~~~~~[m[K
      |                                    [32m[K;[m[K
[01m[K/home/keti/catkin_ws/src/ipe_v4_2/include/ipedatapacket.h:97:38:[m[K [01;31m[Kerror: [m[K‘[01m[KConstPtr[m[K’ in namespace ‘[01m[K::[m[K’ does not name a type
   97 |     IPEDataPacket(const ipe::Anchor::[01;31m[KConstPtr[m[K& msg) :
      |                                      [01;31m[K^~~~~~~~[m[K
In file included from [01m[K/home/keti/catkin_ws/src/ipe_v4_2/src/uwbsubscriber.cpp:33[m[K:
[01m[K/home/keti/catkin_ws/src/ipe_v4_2/include/uwbsubscriber.h:127:26:[m[K [01;31m[Kerror: [m[K‘[01m[Kipe[m[K’ does not name a type
  127 |     void _callback(const [01;31m[Kipe[m[K::Anchor::ConstPtr& msg);
      |                          [01;31m[K^~~[m[K
[01m[K/home/keti/catkin_ws/src/ipe_v4_2/include/uwbsubscriber.h:127:37:[m[K [01;31m[Kerror: [m[Kexpected unqualified-id before ‘[01m[K::[m[K’ token
  127 |     void _callback(const ipe::Anchor[01;31m[K::[m[KConstPtr& msg);
      |                                     [01;31m[K^~[m[K
[01m[K/home/keti/catkin_ws/src/ipe_v4_2/include/uwbsubscriber.h:127:37:[m[K [01;31m[Kerror: [m[Kexpected ‘[01m[K)[m[K’ before ‘[01m[K::[m[K’ token
  127 |     void _callback[34m[K([m[Kconst ipe::Anchor[01;31m[K:[m[K[32m[K:[m[KConstPtr& msg);
      |                   [34m[K~[m[K                 [01;31m[K^[m[K[32m[K~[m[K
      |                                     [32m[K)[m[K
[01m[K/home/keti/catkin_ws/src/ipe_v4_2/include/uwbsubscriber.h:127:31:[m[K [01;31m[Kerror: [m[Kexpected ‘[01m[K;[m[K’ at end of member declaration
  127 |     void _callback(const ipe::[01;31m[KAnchor[m[K::ConstPtr& msg);
      |                               [01;31m[K^~~~~~[m[K
      |                                     [32m[K;[m[K
[01m[K/home/keti/catkin_ws/src/ipe_v4_2/include/uwbsubscriber.h:127:39:[m[K [01;31m[Kerror: [m[K‘[01m[KConstPtr[m[K’ in namespace ‘[01m[K::[m[K’ does not name a type
  127 |     void _callback(const ipe::Anchor::[01;31m[KConstPtr[m[K& msg);
      |                                       [01;31m[K^~~~~~~~[m[K
[01m[K/home/keti/catkin_ws/src/ipe_v4_2/include/uwbsubscriber.h:128:25:[m[K [01;31m[Kerror: [m[K‘[01m[Kipe[m[K’ does not name a type
  128 |     void _setRxid(const [01;31m[Kipe[m[K::Anchor::ConstPtr& msg);
      |                         [01;31m[K^~~[m[K
[01m[K/home/keti/catkin_ws/src/ipe_v4_2/include/uwbsubscriber.h:128:36:[m[K [01;31m[Kerror: [m[Kexpected unqualified-id before ‘[01m[K::[m[K’ token
  128 |     void _setRxid(const ipe::Anchor[01;31m[K::[m[KConstPtr& msg);
      |                                    [01;31m[K^~[m[K
[01m[K/home/keti/catkin_ws/src/ipe_v4_2/include/uwbsubscriber.h:128:36:[m[K [01;31m[Kerror: [m[Kexpected ‘[01m[K)[m[K’ before ‘[01m[K::[m[K’ token
  128 |     void _setRxid[34m[K([m[Kconst ipe::Anchor[01;31m[K:[m[K[32m[K:[m[KConstPtr& msg);
      |                  [34m[K~[m[K                 [01;31m[K^[m[K[32m[K~[m[K
      |                                    [32m[K)[m[K
[01m[K/home/keti/catkin_ws/src/ipe_v4_2/include/uwbsubscriber.h:128:30:[m[K [01;31m[Kerror: [m[Kexpected ‘[01m[K;[m[K’ at end of member declaration
  128 |     void _setRxid(const ipe::[01;31m[KAnchor[m[K::ConstPtr& msg);
      |                              [01;31m[K^~~~~~[m[K
      |                                    [32m[K;[m[K
[01m[K/home/keti/catkin_ws/src/ipe_v4_2/include/uwbsubscriber.h:128:38:[m[K [01;31m[Kerror: [m[K‘[01m[KConstPtr[m[K’ in namespace ‘[01m[K::[m[K’ does not name a type
  128 |     void _setRxid(const ipe::Anchor::[01;31m[KConstPtr[m[K& msg);
      |                                      [01;31m[K^~~~~~~~[m[K
[01m[K/home/keti/catkin_ws/src/ipe_v4_2/src/uwbsubscriber.cpp:[m[K In constructor ‘[01m[KUwbSubscriber::UwbSubscriber(ros::NodeHandle&, const string&, IPECallback*)[m[K’:
[01m[K/home/keti/catkin_ws/src/ipe_v4_2/src/uwbsubscriber.cpp:108:61:[m[K [01;31m[Kerror: [m[Kcall of overloaded ‘[01m[KIPEDataPacket()[m[K’ is ambiguous
  108 | : node(_node), o_ipeCallback(_ipeCallback), m_uwbNum(_uwbNum[01;31m[K)[m[K{
      |                                                             [01;31m[K^[m[K
In file included from [01m[K/home/keti/catkin_ws/src/ipe_v4_2/include/ipecallback.h:39[m[K,
                 from [01m[K/home/keti/catkin_ws/src/ipe_v4_2/include/uwbsubscriber.h:50[m[K,
                 from [01m[K/home/keti/catkin_ws/src/ipe_v4_2/src/uwbsubscriber.cpp:33[m[K:
[01m[K/home/keti/catkin_ws/src/ipe_v4_2/include/ipedatapacket.h:97:5:[m[K [01;36m[Knote: [m[Kcandidate: ‘[01m[KIPEDataPacket::IPEDataPacket(...)[m[K’
   97 |     [01;36m[KIPEDataPacket[m[K(const ipe::Anchor::ConstPtr& msg) :
      |     [01;36m[K^~~~~~~~~~~~~[m[K
[01m[K/home/keti/catkin_ws/src/ipe_v4_2/include/ipedatapacket.h:79:5:[m[K [01;36m[Knote: [m[Kcandidate: ‘[01m[KIPEDataPacket::IPEDataPacket()[m[K’
   79 |     [01;36m[KIPEDataPacket[m[K() = default;
      |     [01;36m[K^~~~~~~~~~~~~[m[K
In file included from [01m[K/home/keti/catkin_ws/src/ipe_v4_2/include/slamsubscriber_ipe_v4_2.h:11[m[K,
                 from [01m[K/home/keti/catkin_ws/src/ipe_v4_2/src/slamsubscriber_ipe_v4_2.cpp:2[m[K:
[01m[K/home/keti/catkin_ws/src/ipe_v4_2/include/uwbsubscriber.h:127:26:[m[K [01;31m[Kerror: [m[K‘[01m[Kipe[m[K’ does not name a type
  127 |     void _callback(const [01;31m[Kipe[m[K::Anchor::ConstPtr& msg);
      |                          [01;31m[K^~~[m[K
[01m[K/home/keti/catkin_ws/src/ipe_v4_2/include/uwbsubscriber.h:127:37:[m[K [01;31m[Kerror: [m[Kexpected unqualified-id before ‘[01m[K::[m[K’ token
  127 |     void _callback(const ipe::Anchor[01;31m[K::[m[KConstPtr& msg);
      |                                     [01;31m[K^~[m[K
[01m[K/home/keti/catkin_ws/src/ipe_v4_2/include/uwbsubscriber.h:127:37:[m[K [01;31m[Kerror: [m[Kexpected ‘[01m[K)[m[K’ before ‘[01m[K::[m[K’ token
  127 |     void _callback[34m[K([m[Kconst ipe::Anchor[01;31m[K:[m[K[32m[K:[m[KConstPtr& msg);
      |                   [34m[K~[m[K                 [01;31m[K^[m[K[32m[K~[m[K
      |                                     [32m[K)[m[K
[01m[K/home/keti/catkin_ws/src/ipe_v4_2/include/uwbsubscriber.h:127:31:[m[K [01;31m[Kerror: [m[Kexpected ‘[01m[K;[m[K’ at end of member declaration
  127 |     void _callback(const ipe::[01;31m[KAnchor[m[K::ConstPtr& msg);
      |                               [01;31m[K^~~~~~[m[K
      |                                     [32m[K;[m[K
[01m[K/home/keti/catkin_ws/src/ipe_v4_2/include/uwbsubscriber.h:127:39:[m[K [01;31m[Kerror: [m[K‘[01m[KConstPtr[m[K’ in namespace ‘[01m[K::[m[K’ does not name a type
  127 |     void _callback(const ipe::Anchor::[01;31m[KConstPtr[m[K& msg);
      |                                       [01;31m[K^~~~~~~~[m[K
[01m[K/home/keti/catkin_ws/src/ipe_v4_2/include/uwbsubscriber.h:128:25:[m[K [01;31m[Kerror: [m[K‘[01m[Kipe[m[K’ does not name a type
  128 |     void _setRxid(const [01;31m[Kipe[m[K::Anchor::ConstPtr& msg);
      |                         [01;31m[K^~~[m[K
[01m[K/home/keti/catkin_ws/src/ipe_v4_2/include/uwbsubscriber.h:128:36:[m[K [01;31m[Kerror: [m[Kexpected unqualified-id before ‘[01m[K::[m[K’ token
  128 |     void _setRxid(const ipe::Anchor[01;31m[K::[m[KConstPtr& msg);
      |                                    [01;31m[K^~[m[K
[01m[K/home/keti/catkin_ws/src/ipe_v4_2/include/uwbsubscriber.h:128:36:[m[K [01;31m[Kerror: [m[Kexpected ‘[01m[K)[m[K’ before ‘[01m[K::[m[K’ token
  128 |     void _setRxid[34m[K([m[Kconst ipe::Anchor[01;31m[K:[m[K[32m[K:[m[KConstPtr& msg);
      |                  [34m[K~[m[K                 [01;31m[K^[m[K[32m[K~[m[K
      |                                    [32m[K)[m[K
[01m[K/home/keti/catkin_ws/src/ipe_v4_2/include/uwbsubscriber.h:128:30:[m[K [01;31m[Kerror: [m[Kexpected ‘[01m[K;[m[K’ at end of member declaration
  128 |     void _setRxid(const ipe::[01;31m[KAnchor[m[K::ConstPtr& msg);
      |                              [01;31m[K^~~~~~[m[K
      |                                    [32m[K;[m[K
[01m[K/home/keti/catkin_ws/src/ipe_v4_2/include/uwbsubscriber.h:128:38:[m[K [01;31m[Kerror: [m[K‘[01m[KConstPtr[m[K’ in namespace ‘[01m[K::[m[K’ does not name a type
  128 |     void _setRxid(const ipe::Anchor::[01;31m[KConstPtr[m[K& msg);
      |                                      [01;31m[K^~~~~~~~[m[K
[01m[K/home/keti/catkin_ws/src/ipe_v4_2/src/uwbsubscriber.cpp:[m[K In member function ‘[01m[Kvoid UwbSubscriber::setupSubscriber(const string&)[m[K’:
[01m[K/home/keti/catkin_ws/src/ipe_v4_2/src/uwbsubscriber.cpp:143:31:[m[K [01;31m[Kerror: [m[K‘[01m[Kipe[m[K’ was not declared in this scope; did you mean ‘[01m[Kpipe[m[K’?
  143 |     r_sh_UWB = node.subscribe<[01;31m[Kipe[m[K::Anchor>(topic_name, 10, &UwbSubscriber::_callback, this);
      |                               [01;31m[K^~~[m[K
      |                               [32m[Kpipe[m[K
[01m[K/home/keti/catkin_ws/src/ipe_v4_2/src/uwbsubscriber.cpp:143:21:[m[K [01;31m[Kerror: [m[Kparse error in template argument list
  143 |     r_sh_UWB = node.[01;31m[Ksubscribe<ipe::Anchor>[m[K(topic_name, 10, &UwbSubscriber::_callback, this);
      |                     [01;31m[K^~~~~~~~~~~~~~~~~~~~~~[m[K
[01m[K/home/keti/catkin_ws/src/ipe_v4_2/src/uwbsubscriber.cpp:143:43:[m[K [01;31m[Kerror: [m[Kno matching function for call to ‘[01m[Kros::NodeHandle::subscribe<<expression error> >(std::string&, int, void (UwbSubscriber::*)(...), UwbSubscriber*)[m[K’
  143 |     r_sh_UWB = [01;31m[Knode.subscribe<ipe::Anchor>(topic_name, 10, &UwbSubscriber::_callback, this)[m[K;
      |                [01;31m[K~~~~~~~~~~~~~~~~~~~~~~~~~~~^~~~~~~~~~~~~~~~~~~~~~~~~~~~~~~~~~~~~~~~~~~~~~~~~[m[K
In file included from [01m[K/opt/ros/noetic/include/ros/ros.h:45[m[K,
                 from [01m[K/home/keti/catkin_ws/src/ipe_v4_2/include/uwbsubscriber.h:42[m[K,
                 from [01m[K/home/keti/catkin_ws/src/ipe_v4_2/src/uwbsubscriber.cpp:33[m[K:
[01m[K/opt/ros/noetic/include/ros/node_handle.h:402:14:[m[K [01;36m[Knote: [m[Kcandidate: ‘[01m[Ktemplate<class M, class T> ros::Subscriber ros::NodeHandle::subscribe(const string&, uint32_t, void (T::*)(M), T*, const ros::TransportHints&)[m[K’
  402 |   Subscriber [01;36m[Ksubscribe[m[K(const std::string& topic, uint32_t queue_size, void(T::*fp)(M), T* obj,
      |              [01;36m[K^~~~~~~~~[m[K
[01m[K/opt/ros/noetic/include/ros/node_handle.h:402:14:[m[K [01;36m[Knote: [m[K  template argument deduction/substitution failed:
[01m[K/home/keti/catkin_ws/src/ipe_v4_2/src/uwbsubscriber.cpp:143:43:[m[K [01;31m[Kerror: [m[Ktemplate argument 1 is invalid
  143 |     r_sh_UWB = [01;31m[Knode.subscribe<ipe::Anchor>(topic_name, 10, &UwbSubscriber::_callback, this)[m[K;
      |                [01;31m[K~~~~~~~~~~~~~~~~~~~~~~~~~~~^~~~~~~~~~~~~~~~~~~~~~~~~~~~~~~~~~~~~~~~~~~~~~~~~[m[K
In file included from [01m[K/opt/ros/noetic/include/ros/ros.h:45[m[K,
                 from [01m[K/home/keti/catkin_ws/src/ipe_v4_2/include/uwbsubscriber.h:42[m[K,
                 from [01m[K/home/keti/catkin_ws/src/ipe_v4_2/src/uwbsubscriber.cpp:33[m[K:
[01m[K/opt/ros/noetic/include/ros/node_handle.h:413:14:[m[K [01;36m[Knote: [m[Kcandidate: ‘[01m[Ktemplate<class M, class T> ros::Subscriber ros::NodeHandle::subscribe(const string&, uint32_t, void (T::*)(M) const, T*, const ros::TransportHints&)[m[K’
  413 |   Subscriber [01;36m[Ksubscribe[m[K(const std::string& topic, uint32_t queue_size, void(T::*fp)(M) const, T* obj,
      |              [01;36m[K^~~~~~~~~[m[K
[01m[K/opt/ros/noetic/include/ros/node_handle.h:413:14:[m[K [01;36m[Knote: [m[K  template argument deduction/substitution failed:
[01m[K/home/keti/catkin_ws/src/ipe_v4_2/src/uwbsubscriber.cpp:143:43:[m[K [01;31m[Kerror: [m[Ktemplate argument 1 is invalid
  143 |     r_sh_UWB = [01;31m[Knode.subscribe<ipe::Anchor>(topic_name, 10, &UwbSubscriber::_callback, this)[m[K;
      |                [01;31m[K~~~~~~~~~~~~~~~~~~~~~~~~~~~^~~~~~~~~~~~~~~~~~~~~~~~~~~~~~~~~~~~~~~~~~~~~~~~~[m[K
In file included from [01m[K/opt/ros/noetic/include/ros/ros.h:45[m[K,
                 from [01m[K/home/keti/catkin_ws/src/ipe_v4_2/include/uwbsubscriber.h:42[m[K,
                 from [01m[K/home/keti/catkin_ws/src/ipe_v4_2/src/uwbsubscriber.cpp:33[m[K:
[01m[K/opt/ros/noetic/include/ros/node_handle.h:465:14:[m[K [01;36m[Knote: [m[Kcandidate: ‘[01m[Ktemplate<class M, class T> ros::Subscriber ros::NodeHandle::subscribe(const string&, uint32_t, void (T::*)(const boost::shared_ptr<const M>&), T*, const ros::TransportHints&)[m[K’
  465 |   Subscriber [01;36m[Ksubscribe[m[K(const std::string& topic, uint32_t queue_size,
      |              [01;36m[K^~~~~~~~~[m[K
[01m[K/opt/ros/noetic/include/ros/node_handle.h:465:14:[m[K [01;36m[Knote: [m[K  template argument deduction/substitution failed:
[01m[K/home/keti/catkin_ws/src/ipe_v4_2/src/uwbsubscriber.cpp:143:43:[m[K [01;31m[Kerror: [m[Ktemplate argument 1 is invalid
  143 |     r_sh_UWB = [01;31m[Knode.subscribe<ipe::Anchor>(topic_name, 10, &UwbSubscriber::_callback, this)[m[K;
      |                [01;31m[K~~~~~~~~~~~~~~~~~~~~~~~~~~~^~~~~~~~~~~~~~~~~~~~~~~~~~~~~~~~~~~~~~~~~~~~~~~~~[m[K
In file included from [01m[K/opt/ros/noetic/include/ros/ros.h:45[m[K,
                 from [01m[K/home/keti/catkin_ws/src/ipe_v4_2/include/uwbsubscriber.h:42[m[K,
                 from [01m[K/home/keti/catkin_ws/src/ipe_v4_2/src/uwbsubscriber.cpp:33[m[K:
[01m[K/opt/ros/noetic/include/ros/node_handle.h:475:14:[m[K [01;36m[Knote: [m[Kcandidate: ‘[01m[Ktemplate<class M, class T> ros::Subscriber ros::NodeHandle::subscribe(const string&, uint32_t, void (T::*)(const boost::shared_ptr<const M>&) const, T*, const ros::TransportHints&)[m[K’
  475 |   Subscriber [01;36m[Ksubscribe[m[K(const std::string& topic, uint32_t queue_size,
      |              [01;36m[K^~~~~~~~~[m[K
[01m[K/opt/ros/noetic/include/ros/node_handle.h:475:14:[m[K [01;36m[Knote: [m[K  template argument deduction/substitution failed:
[01m[K/home/keti/catkin_ws/src/ipe_v4_2/src/uwbsubscriber.cpp:143:43:[m[K [01;31m[Kerror: [m[Ktemplate argument 1 is invalid
  143 |     r_sh_UWB = [01;31m[Knode.subscribe<ipe::Anchor>(topic_name, 10, &UwbSubscriber::_callback, this)[m[K;
      |                [01;31m[K~~~~~~~~~~~~~~~~~~~~~~~~~~~^~~~~~~~~~~~~~~~~~~~~~~~~~~~~~~~~~~~~~~~~~~~~~~~~[m[K
In file included from [01m[K/opt/ros/noetic/include/ros/ros.h:45[m[K,
                 from [01m[K/home/keti/catkin_ws/src/ipe_v4_2/include/uwbsubscriber.h:42[m[K,
                 from [01m[K/home/keti/catkin_ws/src/ipe_v4_2/src/uwbsubscriber.cpp:33[m[K:
[01m[K/opt/ros/noetic/include/ros/node_handle.h:529:14:[m[K [01;36m[Knote: [m[Kcandidate: ‘[01m[Ktemplate<class M, class T> ros::Subscriber ros::NodeHandle::subscribe(const string&, uint32_t, void (T::*)(M), const boost::shared_ptr<U>&, const ros::TransportHints&)[m[K’
  529 |   Subscriber [01;36m[Ksubscribe[m[K(const std::string& topic, uint32_t queue_size, void(T::*fp)(M),
      |              [01;36m[K^~~~~~~~~[m[K
[01m[K/opt/ros/noetic/include/ros/node_handle.h:529:14:[m[K [01;36m[Knote: [m[K  template argument deduction/substitution failed:
[01m[K/home/keti/catkin_ws/src/ipe_v4_2/src/uwbsubscriber.cpp:143:43:[m[K [01;31m[Kerror: [m[Ktemplate argument 1 is invalid
  143 |     r_sh_UWB = [01;31m[Knode.subscribe<ipe::Anchor>(topic_name, 10, &UwbSubscriber::_callback, this)[m[K;
      |                [01;31m[K~~~~~~~~~~~~~~~~~~~~~~~~~~~^~~~~~~~~~~~~~~~~~~~~~~~~~~~~~~~~~~~~~~~~~~~~~~~~[m[K
In file included from [01m[K/opt/ros/noetic/include/ros/ros.h:45[m[K,
                 from [01m[K/home/keti/catkin_ws/src/ipe_v4_2/include/uwbsubscriber.h:42[m[K,
                 from [01m[K/home/keti/catkin_ws/src/ipe_v4_2/src/uwbsubscriber.cpp:33[m[K:
[01m[K/opt/ros/noetic/include/ros/node_handle.h:540:14:[m[K [01;36m[Knote: [m[Kcandidate: ‘[01m[Ktemplate<class M, class T> ros::Subscriber ros::NodeHandle::subscribe(const string&, uint32_t, void (T::*)(M) const, const boost::shared_ptr<U>&, const ros::TransportHints&)[m[K’
  540 |   Subscriber [01;36m[Ksubscribe[m[K(const std::string& topic, uint32_t queue_size, void(T::*fp)(M) const,
      |              [01;36m[K^~~~~~~~~[m[K
[01m[K/opt/ros/noetic/include/ros/node_handle.h:540:14:[m[K [01;36m[Knote: [m[K  template argument deduction/substitution failed:
[01m[K/home/keti/catkin_ws/src/ipe_v4_2/src/uwbsubscriber.cpp:143:43:[m[K [01;31m[Kerror: [m[Ktemplate argument 1 is invalid
  143 |     r_sh_UWB = [01;31m[Knode.subscribe<ipe::Anchor>(topic_name, 10, &UwbSubscriber::_callback, this)[m[K;
      |                [01;31m[K~~~~~~~~~~~~~~~~~~~~~~~~~~~^~~~~~~~~~~~~~~~~~~~~~~~~~~~~~~~~~~~~~~~~~~~~~~~~[m[K
In file included from [01m[K/opt/ros/noetic/include/ros/ros.h:45[m[K,
                 from [01m[K/home/keti/catkin_ws/src/ipe_v4_2/include/uwbsubscriber.h:42[m[K,
                 from [01m[K/home/keti/catkin_ws/src/ipe_v4_2/src/uwbsubscriber.cpp:33[m[K:
[01m[K/opt/ros/noetic/include/ros/node_handle.h:594:14:[m[K [01;36m[Knote: [m[Kcandidate: ‘[01m[Ktemplate<class M, class T> ros::Subscriber ros::NodeHandle::subscribe(const string&, uint32_t, void (T::*)(const boost::shared_ptr<const M>&), const boost::shared_ptr<U>&, const ros::TransportHints&)[m[K’
  594 |   Subscriber [01;36m[Ksubscribe[m[K(const std::string& topic, uint32_t queue_size,
      |              [01;36m[K^~~~~~~~~[m[K
[01m[K/opt/ros/noetic/include/ros/node_handle.h:594:14:[m[K [01;36m[Knote: [m[K  template argument deduction/substitution failed:
[01m[K/home/keti/catkin_ws/src/ipe_v4_2/src/uwbsubscriber.cpp:143:43:[m[K [01;31m[Kerror: [m[Ktemplate argument 1 is invalid
  143 |     r_sh_UWB = [01;31m[Knode.subscribe<ipe::Anchor>(topic_name, 10, &UwbSubscriber::_callback, this)[m[K;
      |                [01;31m[K~~~~~~~~~~~~~~~~~~~~~~~~~~~^~~~~~~~~~~~~~~~~~~~~~~~~~~~~~~~~~~~~~~~~~~~~~~~~[m[K
In file included from [01m[K/opt/ros/noetic/include/ros/ros.h:45[m[K,
                 from [01m[K/home/keti/catkin_ws/src/ipe_v4_2/include/uwbsubscriber.h:42[m[K,
                 from [01m[K/home/keti/catkin_ws/src/ipe_v4_2/src/uwbsubscriber.cpp:33[m[K:
[01m[K/opt/ros/noetic/include/ros/node_handle.h:605:14:[m[K [01;36m[Knote: [m[Kcandidate: ‘[01m[Ktemplate<class M, class T> ros::Subscriber ros::NodeHandle::subscribe(const string&, uint32_t, void (T::*)(const boost::shared_ptr<const M>&) const, const boost::shared_ptr<U>&, const ros::TransportHints&)[m[K’
  605 |   Subscriber [01;36m[Ksubscribe[m[K(const std::string& topic, uint32_t queue_size,
      |              [01;36m[K^~~~~~~~~[m[K
[01m[K/opt/ros/noetic/include/ros/node_handle.h:605:14:[m[K [01;36m[Knote: [m[K  template argument deduction/substitution failed:
[01m[K/home/keti/catkin_ws/src/ipe_v4_2/src/uwbsubscriber.cpp:143:43:[m[K [01;31m[Kerror: [m[Ktemplate argument 1 is invalid
  143 |     r_sh_UWB = [01;31m[Knode.subscribe<ipe::Anchor>(topic_name, 10, &UwbSubscriber::_callback, this)[m[K;
      |                [01;31m[K~~~~~~~~~~~~~~~~~~~~~~~~~~~^~~~~~~~~~~~~~~~~~~~~~~~~~~~~~~~~~~~~~~~~~~~~~~~~[m[K
In file included from [01m[K/opt/ros/noetic/include/ros/ros.h:45[m[K,
                 from [01m[K/home/keti/catkin_ws/src/ipe_v4_2/include/uwbsubscriber.h:42[m[K,
                 from [01m[K/home/keti/catkin_ws/src/ipe_v4_2/src/uwbsubscriber.cpp:33[m[K:
[01m[K/opt/ros/noetic/include/ros/node_handle.h:656:14:[m[K [01;36m[Knote: [m[Kcandidate: ‘[01m[Ktemplate<class M> ros::Subscriber ros::NodeHandle::subscribe(const string&, uint32_t, void (*)(M), const ros::TransportHints&)[m[K’
  656 |   Subscriber [01;36m[Ksubscribe[m[K(const std::string& topic, uint32_t queue_size, void(*fp)(M), const TransportHints& transport_hints = TransportHints())
      |              [01;36m[K^~~~~~~~~[m[K
[01m[K/opt/ros/noetic/include/ros/node_handle.h:656:14:[m[K [01;36m[Knote: [m[K  template argument deduction/substitution failed:
[01m[K/home/keti/catkin_ws/src/ipe_v4_2/src/uwbsubscriber.cpp:143:43:[m[K [01;31m[Kerror: [m[Ktemplate argument 1 is invalid
  143 |     r_sh_UWB = [01;31m[Knode.subscribe<ipe::Anchor>(topic_name, 10, &UwbSubscriber::_callback, this)[m[K;
      |                [01;31m[K~~~~~~~~~~~~~~~~~~~~~~~~~~~^~~~~~~~~~~~~~~~~~~~~~~~~~~~~~~~~~~~~~~~~~~~~~~~~[m[K
In file included from [01m[K/opt/ros/noetic/include/ros/ros.h:45[m[K,
                 from [01m[K/home/keti/catkin_ws/src/ipe_v4_2/include/uwbsubscriber.h:42[m[K,
                 from [01m[K/home/keti/catkin_ws/src/ipe_v4_2/src/uwbsubscriber.cpp:33[m[K:
[01m[K/opt/ros/noetic/include/ros/node_handle.h:704:14:[m[K [01;36m[Knote: [m[Kcandidate: ‘[01m[Ktemplate<class M> ros::Subscriber ros::NodeHandle::subscribe(const string&, uint32_t, void (*)(const boost::shared_ptr<const M>&), const ros::TransportHints&)[m[K’
  704 |   Subscriber [01;36m[Ksubscribe[m[K(const std::string& topic, uint32_t queue_size, void(*fp)(const boost::shared_ptr<M const>&), const TransportHints& transport_hints = TransportHints())
      |              [01;36m[K^~~~~~~~~[m[K
[01m[K/opt/ros/noetic/include/ros/node_handle.h:704:14:[m[K [01;36m[Knote: [m[K  template argument deduction/substitution failed:
[01m[K/home/keti/catkin_ws/src/ipe_v4_2/src/uwbsubscriber.cpp:143:43:[m[K [01;31m[Kerror: [m[Ktemplate argument 1 is invalid
  143 |     r_sh_UWB = [01;31m[Knode.subscribe<ipe::Anchor>(topic_name, 10, &UwbSubscriber::_callback, this)[m[K;
      |                [01;31m[K~~~~~~~~~~~~~~~~~~~~~~~~~~~^~~~~~~~~~~~~~~~~~~~~~~~~~~~~~~~~~~~~~~~~~~~~~~~~[m[K
In file included from [01m[K/opt/ros/noetic/include/ros/ros.h:45[m[K,
                 from [01m[K/home/keti/catkin_ws/src/ipe_v4_2/include/uwbsubscriber.h:42[m[K,
                 from [01m[K/home/keti/catkin_ws/src/ipe_v4_2/src/uwbsubscriber.cpp:33[m[K:
[01m[K/opt/ros/noetic/include/ros/node_handle.h:750:14:[m[K [01;36m[Knote: [m[Kcandidate: ‘[01m[Ktemplate<class M> ros::Subscriber ros::NodeHandle::subscribe(const string&, uint32_t, const boost::function<void(const boost::shared_ptr<const M>&)>&, const VoidConstPtr&, const ros::TransportHints&)[m[K’
  750 |   Subscriber [01;36m[Ksubscribe[m[K(const std::string& topic, uint32_t queue_size, const boost::function<void (const boost::shared_ptr<M const>&)>& callback,
      |              [01;36m[K^~~~~~~~~[m[K
[01m[K/opt/ros/noetic/include/ros/node_handle.h:750:14:[m[K [01;36m[Knote: [m[K  template argument deduction/substitution failed:
[01m[K/home/keti/catkin_ws/src/ipe_v4_2/src/uwbsubscriber.cpp:143:43:[m[K [01;31m[Kerror: [m[Ktemplate argument 1 is invalid
  143 |     r_sh_UWB = [01;31m[Knode.subscribe<ipe::Anchor>(topic_name, 10, &UwbSubscriber::_callback, this)[m[K;
      |                [01;31m[K~~~~~~~~~~~~~~~~~~~~~~~~~~~^~~~~~~~~~~~~~~~~~~~~~~~~~~~~~~~~~~~~~~~~~~~~~~~~[m[K
In file included from [01m[K/opt/ros/noetic/include/ros/ros.h:45[m[K,
                 from [01m[K/home/keti/catkin_ws/src/ipe_v4_2/include/uwbsubscriber.h:42[m[K,
                 from [01m[K/home/keti/catkin_ws/src/ipe_v4_2/src/uwbsubscriber.cpp:33[m[K:
[01m[K/opt/ros/noetic/include/ros/node_handle.h:799:14:[m[K [01;36m[Knote: [m[Kcandidate: ‘[01m[Ktemplate<class M, class C> ros::Subscriber ros::NodeHandle::subscribe(const string&, uint32_t, const boost::function<void(C)>&, const VoidConstPtr&, const ros::TransportHints&)[m[K’
  799 |   Subscriber [01;36m[Ksubscribe[m[K(const std::string& topic, uint32_t queue_size, const boost::function<void (C)>& callback,
      |              [01;36m[K^~~~~~~~~[m[K
[01m[K/opt/ros/noetic/include/ros/node_handle.h:799:14:[m[K [01;36m[Knote: [m[K  template argument deduction/substitution failed:
[01m[K/home/keti/catkin_ws/src/ipe_v4_2/src/uwbsubscriber.cpp:143:43:[m[K [01;31m[Kerror: [m[Ktemplate argument 1 is invalid
  143 |     r_sh_UWB = [01;31m[Knode.subscribe<ipe::Anchor>(topic_name, 10, &UwbSubscriber::_callback, this)[m[K;
      |                [01;31m[K~~~~~~~~~~~~~~~~~~~~~~~~~~~^~~~~~~~~~~~~~~~~~~~~~~~~~~~~~~~~~~~~~~~~~~~~~~~~[m[K
[01m[K/home/keti/catkin_ws/src/ipe_v4_2/src/slamsubscriber_ipe_v4_2.cpp:[m[K In constructor ‘[01m[KSlamSubscriber::SlamSubscriber(ros::NodeHandle&, IPECallback*)[m[K’:
[01m[K/home/keti/catkin_ws/src/ipe_v4_2/src/slamsubscriber_ipe_v4_2.cpp:6:33:[m[K [01;31m[Kerror: [m[Kcall of overloaded ‘[01m[KIPEDataPacket()[m[K’ is ambiguous
    6 |     : o_ipeCallback(_ipeCallback[01;31m[K)[m[K
      |                                 [01;31m[K^[m[K
In file included from [01m[K/home/keti/catkin_ws/src/ipe_v4_2/include/ipecallback.h:39[m[K,
                 from [01m[K/home/keti/catkin_ws/src/ipe_v4_2/include/slamsubscriber_ipe_v4_2.h:9[m[K,
                 from [01m[K/home/keti/catkin_ws/src/ipe_v4_2/src/slamsubscriber_ipe_v4_2.cpp:2[m[K:
[01m[K/home/keti/catkin_ws/src/ipe_v4_2/include/ipedatapacket.h:97:5:[m[K [01;36m[Knote: [m[Kcandidate: ‘[01m[KIPEDataPacket::IPEDataPacket(...)[m[K’
   97 |     [01;36m[KIPEDataPacket[m[K(const ipe::Anchor::ConstPtr& msg) :
      |     [01;36m[K^~~~~~~~~~~~~[m[K
[01m[K/home/keti/catkin_ws/src/ipe_v4_2/include/ipedatapacket.h:79:5:[m[K [01;36m[Knote: [m[Kcandidate: ‘[01m[KIPEDataPacket::IPEDataPacket()[m[K’
   79 |     [01;36m[KIPEDataPacket[m[K() = default;
      |     [01;36m[K^~~~~~~~~~~~~[m[K
[01m[K/home/keti/catkin_ws/src/ipe_v4_2/src/uwbsubscriber.cpp:[m[K At global scope:
[01m[K/home/keti/catkin_ws/src/ipe_v4_2/src/uwbsubscriber.cpp:147:37:[m[K [01;31m[Kerror: [m[K‘[01m[Kipe[m[K’ does not name a type
  147 | void UwbSubscriber::_callback(const [01;31m[Kipe[m[K::Anchor::ConstPtr& msg) {
      |                                     [01;31m[K^~~[m[K
[01m[K/home/keti/catkin_ws/src/ipe_v4_2/src/uwbsubscriber.cpp:147:48:[m[K [01;31m[Kerror: [m[Kexpected unqualified-id before ‘[01m[K::[m[K’ token
  147 | void UwbSubscriber::_callback(const ipe::Anchor[01;31m[K::[m[KConstPtr& msg) {
      |                                                [01;31m[K^~[m[K
[01m[K/home/keti/catkin_ws/src/ipe_v4_2/src/uwbsubscriber.cpp:147:48:[m[K [01;31m[Kerror: [m[Kexpected ‘[01m[K)[m[K’ before ‘[01m[K::[m[K’ token
  147 | void UwbSubscriber::_callback[34m[K([m[Kconst ipe::Anchor[01;31m[K:[m[K[32m[K:[m[KConstPtr& msg) {
      |                              [34m[K~[m[K                 [01;31m[K^[m[K[32m[K~[m[K
      |                                                [32m[K)[m[K
[01m[K/home/keti/catkin_ws/src/ipe_v4_2/src/uwbsubscriber.cpp:147:48:[m[K [01;31m[Kerror: [m[Kexpected initializer before ‘[01m[K::[m[K’ token
  147 | void UwbSubscriber::_callback(const ipe::Anchor[01;31m[K::[m[KConstPtr& msg) {
      |                                                [01;31m[K^~[m[K
[01m[K/home/keti/catkin_ws/src/ipe_v4_2/src/uwbsubscriber.cpp:158:36:[m[K [01;31m[Kerror: [m[K‘[01m[Kipe[m[K’ does not name a type
  158 | void UwbSubscriber::_setRxid(const [01;31m[Kipe[m[K::Anchor::ConstPtr& msg) {
      |                                    [01;31m[K^~~[m[K
[01m[K/home/keti/catkin_ws/src/ipe_v4_2/src/uwbsubscriber.cpp:158:47:[m[K [01;31m[Kerror: [m[Kexpected unqualified-id before ‘[01m[K::[m[K’ token
  158 | void UwbSubscriber::_setRxid(const ipe::Anchor[01;31m[K::[m[KConstPtr& msg) {
      |                                               [01;31m[K^~[m[K
[01m[K/home/keti/catkin_ws/src/ipe_v4_2/src/uwbsubscriber.cpp:158:47:[m[K [01;31m[Kerror: [m[Kexpected ‘[01m[K)[m[K’ before ‘[01m[K::[m[K’ token
  158 | void UwbSubscriber::_setRxid[34m[K([m[Kconst ipe::Anchor[01;31m[K:[m[K[32m[K:[m[KConstPtr& msg) {
      |                             [34m[K~[m[K                 [01;31m[K^[m[K[32m[K~[m[K
      |                                               [32m[K)[m[K
[01m[K/home/keti/catkin_ws/src/ipe_v4_2/src/uwbsubscriber.cpp:158:47:[m[K [01;31m[Kerror: [m[Kexpected initializer before ‘[01m[K::[m[K’ token
  158 | void UwbSubscriber::_setRxid(const ipe::Anchor[01;31m[K::[m[KConstPtr& msg) {
      |                                               [01;31m[K^~[m[K
make[2]: *** [CMakeFiles/ipe_v4_2.dir/build.make:76: CMakeFiles/ipe_v4_2.dir/src/ipecallback.cpp.o] Error 1
make[2]: *** Waiting for unfinished jobs....
make[2]: *** [CMakeFiles/ipe_v4_2.dir/build.make:115: CMakeFiles/ipe_v4_2.dir/src/uwbsubscriber.cpp.o] Error 1
make[2]: *** [CMakeFiles/ipe_v4_2.dir/build.make:128: CMakeFiles/ipe_v4_2.dir/src/slamsubscriber_ipe_v4_2.cpp.o] Error 1
In file included from [01m[K/home/keti/catkin_ws/src/ipe_v4_2/include/ipecallback.h:39[m[K,
                 from [01m[K/home/keti/catkin_ws/src/ipe_v4_2/include/ipeinterface.h:53[m[K,
                 from [01m[K/home/keti/catkin_ws/src/ipe_v4_2/src/ipeinterface.cpp:34[m[K:
[01m[K/home/keti/catkin_ws/src/ipe_v4_2/include/ipedatapacket.h:97:25:[m[K [01;31m[Kerror: [m[K‘[01m[Kipe[m[K’ does not name a type
   97 |     IPEDataPacket(const [01;31m[Kipe[m[K::Anchor::ConstPtr& msg) :
      |                         [01;31m[K^~~[m[K
[01m[K/home/keti/catkin_ws/src/ipe_v4_2/include/ipedatapacket.h:97:36:[m[K [01;31m[Kerror: [m[Kexpected unqualified-id before ‘[01m[K::[m[K’ token
   97 |     IPEDataPacket(const ipe::Anchor[01;31m[K::[m[KConstPtr& msg) :
      |                                    [01;31m[K^~[m[K
[01m[K/home/keti/catkin_ws/src/ipe_v4_2/include/ipedatapacket.h:97:36:[m[K [01;31m[Kerror: [m[Kexpected ‘[01m[K)[m[K’ before ‘[01m[K::[m[K’ token
   97 |     IPEDataPacket[34m[K([m[Kconst ipe::Anchor[01;31m[K:[m[K[32m[K:[m[KConstPtr& msg) :
      |                  [34m[K~[m[K                 [01;31m[K^[m[K[32m[K~[m[K
      |                                    [32m[K)[m[K
[01m[K/home/keti/catkin_ws/src/ipe_v4_2/include/ipedatapacket.h:97:30:[m[K [01;31m[Kerror: [m[Kexpected ‘[01m[K;[m[K’ at end of member declaration
   97 |     IPEDataPacket(const ipe::[01;31m[KAnchor[m[K::ConstPtr& msg) :
      |                              [01;31m[K^~~~~~[m[K
      |                                    [32m[K;[m[K
[01m[K/home/keti/catkin_ws/src/ipe_v4_2/include/ipedatapacket.h:97:38:[m[K [01;31m[Kerror: [m[K‘[01m[KConstPtr[m[K’ in namespace ‘[01m[K::[m[K’ does not name a type
   97 |     IPEDataPacket(const ipe::Anchor::[01;31m[KConstPtr[m[K& msg) :
      |                                      [01;31m[K^~~~~~~~[m[K
In file included from [01m[K/home/keti/catkin_ws/src/ipe_v4_2/include/ipecallback.h:39[m[K,
                 from [01m[K/home/keti/catkin_ws/src/ipe_v4_2/include/ipeinterface.h:53[m[K,
                 from [01m[K/home/keti/catkin_ws/src/ipe_v4_2/src/main.cpp:35[m[K:
[01m[K/home/keti/catkin_ws/src/ipe_v4_2/include/ipedatapacket.h:97:25:[m[K [01;31m[Kerror: [m[K‘[01m[Kipe[m[K’ does not name a type
   97 |     IPEDataPacket(const [01;31m[Kipe[m[K::Anchor::ConstPtr& msg) :
      |                         [01;31m[K^~~[m[K
[01m[K/home/keti/catkin_ws/src/ipe_v4_2/include/ipedatapacket.h:97:36:[m[K [01;31m[Kerror: [m[Kexpected unqualified-id before ‘[01m[K::[m[K’ token
   97 |     IPEDataPacket(const ipe::Anchor[01;31m[K::[m[KConstPtr& msg) :
      |                                    [01;31m[K^~[m[K
[01m[K/home/keti/catkin_ws/src/ipe_v4_2/include/ipedatapacket.h:97:36:[m[K [01;31m[Kerror: [m[Kexpected ‘[01m[K)[m[K’ before ‘[01m[K::[m[K’ token
   97 |     IPEDataPacket[34m[K([m[Kconst ipe::Anchor[01;31m[K:[m[K[32m[K:[m[KConstPtr& msg) :
      |                  [34m[K~[m[K                 [01;31m[K^[m[K[32m[K~[m[K
      |                                    [32m[K)[m[K
[01m[K/home/keti/catkin_ws/src/ipe_v4_2/include/ipedatapacket.h:97:30:[m[K [01;31m[Kerror: [m[Kexpected ‘[01m[K;[m[K’ at end of member declaration
   97 |     IPEDataPacket(const ipe::[01;31m[KAnchor[m[K::ConstPtr& msg) :
      |                              [01;31m[K^~~~~~[m[K
      |                                    [32m[K;[m[K
[01m[K/home/keti/catkin_ws/src/ipe_v4_2/include/ipedatapacket.h:97:38:[m[K [01;31m[Kerror: [m[K‘[01m[KConstPtr[m[K’ in namespace ‘[01m[K::[m[K’ does not name a type
   97 |     IPEDataPacket(const ipe::Anchor::[01;31m[KConstPtr[m[K& msg) :
      |                                      [01;31m[K^~~~~~~~[m[K
In file included from [01m[K/home/keti/catkin_ws/src/ipe_v4_2/include/ipeinterface.h:56[m[K,
                 from [01m[K/home/keti/catkin_ws/src/ipe_v4_2/src/ipeinterface.cpp:34[m[K:
[01m[K/home/keti/catkin_ws/src/ipe_v4_2/include/uwbsubscriber.h:127:26:[m[K [01;31m[Kerror: [m[K‘[01m[Kipe[m[K’ does not name a type
  127 |     void _callback(const [01;31m[Kipe[m[K::Anchor::ConstPtr& msg);
      |                          [01;31m[K^~~[m[K
[01m[K/home/keti/catkin_ws/src/ipe_v4_2/include/uwbsubscriber.h:127:37:[m[K [01;31m[Kerror: [m[Kexpected unqualified-id before ‘[01m[K::[m[K’ token
  127 |     void _callback(const ipe::Anchor[01;31m[K::[m[KConstPtr& msg);
      |                                     [01;31m[K^~[m[K
[01m[K/home/keti/catkin_ws/src/ipe_v4_2/include/uwbsubscriber.h:127:37:[m[K [01;31m[Kerror: [m[Kexpected ‘[01m[K)[m[K’ before ‘[01m[K::[m[K’ token
  127 |     void _callback[34m[K([m[Kconst ipe::Anchor[01;31m[K:[m[K[32m[K:[m[KConstPtr& msg);
      |                   [34m[K~[m[K                 [01;31m[K^[m[K[32m[K~[m[K
      |                                     [32m[K)[m[K
[01m[K/home/keti/catkin_ws/src/ipe_v4_2/include/uwbsubscriber.h:127:31:[m[K [01;31m[Kerror: [m[Kexpected ‘[01m[K;[m[K’ at end of member declaration
  127 |     void _callback(const ipe::[01;31m[KAnchor[m[K::ConstPtr& msg);
      |                               [01;31m[K^~~~~~[m[K
      |                                     [32m[K;[m[K
[01m[K/home/keti/catkin_ws/src/ipe_v4_2/include/uwbsubscriber.h:127:39:[m[K [01;31m[Kerror: [m[K‘[01m[KConstPtr[m[K’ in namespace ‘[01m[K::[m[K’ does not name a type
  127 |     void _callback(const ipe::Anchor::[01;31m[KConstPtr[m[K& msg);
      |                                       [01;31m[K^~~~~~~~[m[K
[01m[K/home/keti/catkin_ws/src/ipe_v4_2/include/uwbsubscriber.h:128:25:[m[K [01;31m[Kerror: [m[K‘[01m[Kipe[m[K’ does not name a type
  128 |     void _setRxid(const [01;31m[Kipe[m[K::Anchor::ConstPtr& msg);
      |                         [01;31m[K^~~[m[K
[01m[K/home/keti/catkin_ws/src/ipe_v4_2/include/uwbsubscriber.h:128:36:[m[K [01;31m[Kerror: [m[Kexpected unqualified-id before ‘[01m[K::[m[K’ token
  128 |     void _setRxid(const ipe::Anchor[01;31m[K::[m[KConstPtr& msg);
      |                                    [01;31m[K^~[m[K
[01m[K/home/keti/catkin_ws/src/ipe_v4_2/include/uwbsubscriber.h:128:36:[m[K [01;31m[Kerror: [m[Kexpected ‘[01m[K)[m[K’ before ‘[01m[K::[m[K’ token
  128 |     void _setRxid[34m[K([m[Kconst ipe::Anchor[01;31m[K:[m[K[32m[K:[m[KConstPtr& msg);
      |                  [34m[K~[m[K                 [01;31m[K^[m[K[32m[K~[m[K
      |                                    [32m[K)[m[K
[01m[K/home/keti/catkin_ws/src/ipe_v4_2/include/uwbsubscriber.h:128:30:[m[K [01;31m[Kerror: [m[Kexpected ‘[01m[K;[m[K’ at end of member declaration
  128 |     void _setRxid(const ipe::[01;31m[KAnchor[m[K::ConstPtr& msg);
      |                              [01;31m[K^~~~~~[m[K
      |                                    [32m[K;[m[K
In file included from [01m[K/home/keti/catkin_ws/src/ipe_v4_2/include/ipeinterface.h:56[m[K,
                 from [01m[K/home/keti/catkin_ws/src/ipe_v4_2/src/main.cpp:35[m[K:
[01m[K/home/keti/catkin_ws/src/ipe_v4_2/include/uwbsubscriber.h:127:26:[m[K [01;31m[Kerror: [m[K‘[01m[Kipe[m[K’ does not name a type
  127 |     void _callback(const [01;31m[Kipe[m[K::Anchor::ConstPtr& msg);
      |                          [01;31m[K^~~[m[K
[01m[K/home/keti/catkin_ws/src/ipe_v4_2/include/uwbsubscriber.h:127:37:[m[K [01;31m[Kerror: [m[Kexpected unqualified-id before ‘[01m[K::[m[K’ token
  127 |     void _callback(const ipe::Anchor[01;31m[K::[m[KConstPtr& msg);
      |                                     [01;31m[K^~[m[K
[01m[K/home/keti/catkin_ws/src/ipe_v4_2/include/uwbsubscriber.h:127:37:[m[K [01;31m[Kerror: [m[Kexpected ‘[01m[K)[m[K’ before ‘[01m[K::[m[K’ token
  127 |     void _callback[34m[K([m[Kconst ipe::Anchor[01;31m[K:[m[K[32m[K:[m[KConstPtr& msg);
      |                   [34m[K~[m[K                 [01;31m[K^[m[K[32m[K~[m[K
      |                                     [32m[K)[m[K
[01m[K/home/keti/catkin_ws/src/ipe_v4_2/include/uwbsubscriber.h:127:31:[m[K [01;31m[Kerror: [m[Kexpected ‘[01m[K;[m[K’ at end of member declaration
  127 |     void _callback(const ipe::[01;31m[KAnchor[m[K::ConstPtr& msg);
      |                               [01;31m[K^~~~~~[m[K
      |                                     [32m[K;[m[K
[01m[K/home/keti/catkin_ws/src/ipe_v4_2/include/uwbsubscriber.h:128:38:[m[K [01;31m[Kerror: [m[K‘[01m[KConstPtr[m[K’ in namespace ‘[01m[K::[m[K’ does not name a type
  128 |     void _setRxid(const ipe::Anchor::[01;31m[KConstPtr[m[K& msg);
      |                                      [01;31m[K^~~~~~~~[m[K
[01m[K/home/keti/catkin_ws/src/ipe_v4_2/include/uwbsubscriber.h:127:39:[m[K [01;31m[Kerror: [m[K‘[01m[KConstPtr[m[K’ in namespace ‘[01m[K::[m[K’ does not name a type
  127 |     void _callback(const ipe::Anchor::[01;31m[KConstPtr[m[K& msg);
      |                                       [01;31m[K^~~~~~~~[m[K
[01m[K/home/keti/catkin_ws/src/ipe_v4_2/include/uwbsubscriber.h:128:25:[m[K [01;31m[Kerror: [m[K‘[01m[Kipe[m[K’ does not name a type
  128 |     void _setRxid(const [01;31m[Kipe[m[K::Anchor::ConstPtr& msg);
      |                         [01;31m[K^~~[m[K
[01m[K/home/keti/catkin_ws/src/ipe_v4_2/include/uwbsubscriber.h:128:36:[m[K [01;31m[Kerror: [m[Kexpected unqualified-id before ‘[01m[K::[m[K’ token
  128 |     void _setRxid(const ipe::Anchor[01;31m[K::[m[KConstPtr& msg);
      |                                    [01;31m[K^~[m[K
[01m[K/home/keti/catkin_ws/src/ipe_v4_2/include/uwbsubscriber.h:128:36:[m[K [01;31m[Kerror: [m[Kexpected ‘[01m[K)[m[K’ before ‘[01m[K::[m[K’ token
  128 |     void _setRxid[34m[K([m[Kconst ipe::Anchor[01;31m[K:[m[K[32m[K:[m[KConstPtr& msg);
      |                  [34m[K~[m[K                 [01;31m[K^[m[K[32m[K~[m[K
      |                                    [32m[K)[m[K
[01m[K/home/keti/catkin_ws/src/ipe_v4_2/include/uwbsubscriber.h:128:30:[m[K [01;31m[Kerror: [m[Kexpected ‘[01m[K;[m[K’ at end of member declaration
  128 |     void _setRxid(const ipe::[01;31m[KAnchor[m[K::ConstPtr& msg);
      |                              [01;31m[K^~~~~~[m[K
      |                                    [32m[K;[m[K
[01m[K/home/keti/catkin_ws/src/ipe_v4_2/include/uwbsubscriber.h:128:38:[m[K [01;31m[Kerror: [m[K‘[01m[KConstPtr[m[K’ in namespace ‘[01m[K::[m[K’ does not name a type
  128 |     void _setRxid(const ipe::Anchor::[01;31m[KConstPtr[m[K& msg);
      |                                      [01;31m[K^~~~~~~~[m[K
[01m[K/home/keti/catkin_ws/src/ipe_v4_2/src/ipeinterface.cpp:[m[K In member function ‘[01m[Kvoid IPEInterface::testPositioning()[m[K’:
[01m[K/home/keti/catkin_ws/src/ipe_v4_2/src/ipeinterface.cpp:250:48:[m[K [01;31m[Kerror: [m[K‘[01m[Kipe[m[K’ was not declared in this scope; did you mean ‘[01m[Kpipe[m[K’?
  250 |             publishers[topic] = r_nh.advertise<[01;31m[Kipe[m[K::Anchor>(topic, 10);
      |                                                [01;31m[K^~~[m[K
      |                                                [32m[Kpipe[m[K
[01m[K/home/keti/catkin_ws/src/ipe_v4_2/src/ipeinterface.cpp:250:38:[m[K [01;31m[Kerror: [m[Kparse error in template argument list
  250 |             publishers[topic] = r_nh.[01;31m[Kadvertise<ipe::Anchor>[m[K(topic, 10);
      |                                      [01;31m[K^~~~~~~~~~~~~~~~~~~~~~[m[K
[01m[K/home/keti/catkin_ws/src/ipe_v4_2/src/ipeinterface.cpp:250:60:[m[K [01;31m[Kerror: [m[Kno matching function for call to ‘[01m[Kros::NodeHandle::advertise<<expression error> >(const std::__cxx11::basic_string<char>&, int)[m[K’
  250 |             publishers[topic] = [01;31m[Kr_nh.advertise<ipe::Anchor>(topic, 10)[m[K;
      |                                 [01;31m[K~~~~~~~~~~~~~~~~~~~~~~~~~~~^~~~~~~~~~~[m[K
In file included from [01m[K/opt/ros/noetic/include/ros/ros.h:45[m[K,
                 from [01m[K/home/keti/catkin_ws/src/ipe_v4_2/include/ipeinterface.h:37[m[K,
                 from [01m[K/home/keti/catkin_ws/src/ipe_v4_2/src/ipeinterface.cpp:34[m[K:
[01m[K/opt/ros/noetic/include/ros/node_handle.h:249:15:[m[K [01;36m[Knote: [m[Kcandidate: ‘[01m[Ktemplate<class M> ros::Publisher ros::NodeHandle::advertise(const string&, uint32_t, bool)[m[K’
  249 |     Publisher [01;36m[Kadvertise[m[K(const std::string& topic, uint32_t queue_size, bool latch = false)
      |               [01;36m[K^~~~~~~~~[m[K
[01m[K/opt/ros/noetic/include/ros/node_handle.h:249:15:[m[K [01;36m[Knote: [m[K  template argument deduction/substitution failed:
[01m[K/home/keti/catkin_ws/src/ipe_v4_2/src/ipeinterface.cpp:250:60:[m[K [01;31m[Kerror: [m[Ktemplate argument 1 is invalid
  250 |             publishers[topic] = [01;31m[Kr_nh.advertise<ipe::Anchor>(topic, 10)[m[K;
      |                                 [01;31m[K~~~~~~~~~~~~~~~~~~~~~~~~~~~^~~~~~~~~~~[m[K
In file included from [01m[K/opt/ros/noetic/include/ros/ros.h:45[m[K,
                 from [01m[K/home/keti/catkin_ws/src/ipe_v4_2/include/ipeinterface.h:37[m[K,
                 from [01m[K/home/keti/catkin_ws/src/ipe_v4_2/src/ipeinterface.cpp:34[m[K:
[01m[K/opt/ros/noetic/include/ros/node_handle.h:315:13:[m[K [01;36m[Knote: [m[Kcandidate: ‘[01m[Ktemplate<class M> ros::Publisher ros::NodeHandle::advertise(const string&, uint32_t, const SubscriberStatusCallback&, const SubscriberStatusCallback&, const VoidConstPtr&, bool)[m[K’
  315 |   Publisher [01;36m[Kadvertise[m[K(const std::string& topic, uint32_t queue_size,
      |             [01;36m[K^~~~~~~~~[m[K
[01m[K/opt/ros/noetic/include/ros/node_handle.h:315:13:[m[K [01;36m[Knote: [m[K  template argument deduction/substitution failed:
[01m[K/home/keti/catkin_ws/src/ipe_v4_2/src/ipeinterface.cpp:250:60:[m[K [01;31m[Kerror: [m[Ktemplate argument 1 is invalid
  250 |             publishers[topic] = [01;31m[Kr_nh.advertise<ipe::Anchor>(topic, 10)[m[K;
      |                                 [01;31m[K~~~~~~~~~~~~~~~~~~~~~~~~~~~^~~~~~~~~~~[m[K
[01m[K/home/keti/catkin_ws/src/ipe_v4_2/src/ipeinterface.cpp:267:17:[m[K [01;31m[Kerror: [m[K‘[01m[Kipe[m[K’ has not been declared
  267 |                 [01;31m[Kipe[m[K::Anchor::ConstPtr uwb_data = message.instantiate<ipe::Anchor>();
      |                 [01;31m[K^~~[m[K
[01m[K/home/keti/catkin_ws/src/ipe_v4_2/src/ipeinterface.cpp:268:21:[m[K [01;31m[Kerror: [m[K‘[01m[Kuwb_data[m[K’ was not declared in this scope; did you mean ‘[01m[Kuwbdata[m[K’?
  268 |                 if ([01;31m[Kuwb_data[m[K != NULL) {
      |                     [01;31m[K^~~~~~~~[m[K
      |                     [32m[Kuwbdata[m[K
make[2]: *** [CMakeFiles/ipe_v4_2.dir/build.make:89: CMakeFiles/ipe_v4_2.dir/src/main.cpp.o] Error 1
make[2]: *** [CMakeFiles/ipe_v4_2.dir/build.make:63: CMakeFiles/ipe_v4_2.dir/src/ipeinterface.cpp.o] Error 1
make[1]: *** [CMakeFiles/Makefile2:209: CMakeFiles/ipe_v4_2.dir/all] Error 2
make: *** [Makefile:141: all] Error 2
