6,4,4,2,4,1,4.2711473868271,1693384935.67371,-0.525,-0.01,-0.3,0,0
NaN,NaN,NaN,NaN,NaN,2,5.86971038467828,NaN,0.525,7.88,-0.3,0,NaN
NaN,NaN,NaN,NaN,NaN,3,8.2742492106535,NaN,-0.525,7.84,10.5,0,NaN
NaN,NaN,NaN,NaN,NaN,4,11.8149354632177,NaN,0.525,0,15.1,0,NaN
NaN,NaN,NaN,NaN,NaN,0,0,NaN,0.505,0,0,NaN,NaN
NaN,NaN,NaN,NaN,NaN,0,0,NaN,0.505,0,0,NaN,NaN
NaN,NaN,NaN,NaN,NaN,NaN,NaN,NaN,-0.505,NaN,NaN,NaN,NaN
NaN,NaN,NaN,NaN,NaN,NaN,NaN,NaN,-0.505,NaN,NaN,NaN,NaN
6,4,4,1,4,2,5.1831168229165,1693384935.68161,-0.525,-0.01,-0.3,0,0
NaN,NaN,NaN,NaN,NaN,1,5.03142127037679,NaN,0.525,7.88,-0.3,0,NaN
NaN,NaN,NaN,NaN,NaN,3,7.7819984579798,NaN,-0.525,7.84,10.5,0,NaN
NaN,NaN,NaN,NaN,NaN,4,12.1957164611186,NaN,0.525,0,15.1,0,NaN
NaN,NaN,NaN,NaN,NaN,0,0,NaN,0.505,0,0,NaN,NaN
NaN,NaN,NaN,NaN,NaN,0,0,NaN,0.505,0,0,NaN,NaN
NaN,NaN,NaN,NaN,NaN,NaN,NaN,NaN,-0.505,NaN,NaN,NaN,NaN
NaN,NaN,NaN,NaN,NaN,NaN,NaN,NaN,-0.505,NaN,NaN,NaN,NaN
6,4,4,2,4,1,4.23049642477097,1693384935.77334,-0.525,-0.01,-0.3,0,0
NaN,NaN,NaN,NaN,NaN,2,5.85962456135203,NaN,0.525,7.88,-0.3,0,NaN
NaN,NaN,NaN,NaN,NaN,3,8.31442120655431,NaN,-0.525,7.84,10.5,0,NaN
NaN,NaN,NaN,NaN,NaN,4,11.8550200337241,NaN,0.525,0,15.1,0,NaN
NaN,NaN,NaN,NaN,NaN,0,0,NaN,0.505,0,0,NaN,NaN
NaN,NaN,NaN,NaN,NaN,0,0,NaN,0.505,0,0,NaN,NaN
NaN,NaN,NaN,NaN,NaN,NaN,NaN,NaN,-0.505,NaN,NaN,NaN,NaN
NaN,NaN,NaN,NaN,NaN,NaN,NaN,NaN,-0.505,NaN,NaN,NaN,NaN
6,4,4,1,4,1,5.06176846566494,1693384935.78165,-0.525,-0.01,-0.3,0,0
NaN,NaN,NaN,NaN,NaN,2,5.19322635747759,NaN,0.525,7.88,-0.3,0,NaN
NaN,NaN,NaN,NaN,NaN,3,7.83224105859875,NaN,-0.525,7.84,10.5,0,NaN
NaN,NaN,NaN,NaN,NaN,4,12.1957164611186,NaN,0.525,0,15.1,0,NaN
NaN,NaN,NaN,NaN,NaN,0,0,NaN,0.505,0,0,NaN,NaN
NaN,NaN,NaN,NaN,NaN,0,0,NaN,0.505,0,0,NaN,NaN
NaN,NaN,NaN,NaN,NaN,NaN,NaN,NaN,-0.505,NaN,NaN,NaN,NaN
NaN,NaN,NaN,NaN,NaN,NaN,NaN,NaN,-0.505,NaN,NaN,NaN,NaN
6,4,4,4,4,1,5.23366028702666,1693384935.84402,-0.525,-0.01,-0.3,0,0
NaN,NaN,NaN,NaN,NaN,2,6.51465271522588,NaN,0.525,7.88,-0.3,0,NaN
NaN,NaN,NaN,NaN,NaN,3,7.68150375903052,NaN,-0.525,7.84,10.5,0,NaN
NaN,NaN,NaN,NaN,NaN,4,10.9429429314056,NaN,0.525,0,15.1,0,NaN
NaN,NaN,NaN,NaN,NaN,0,0,NaN,0.505,0,0,NaN,NaN
NaN,NaN,NaN,NaN,NaN,0,0,NaN,0.505,0,0,NaN,NaN
NaN,NaN,NaN,NaN,NaN,NaN,NaN,NaN,-0.505,NaN,NaN,NaN,NaN
NaN,NaN,NaN,NaN,NaN,NaN,NaN,NaN,-0.505,NaN,NaN,NaN,NaN
6,4,4,3,4,1,5.80919099358938,1693384935.84556,-0.525,-0.01,-0.3,0,0
NaN,NaN,NaN,NaN,NaN,2,6.03104468562454,NaN,0.525,7.88,-0.3,0,NaN
NaN,NaN,NaN,NaN,NaN,3,6.97764286847643,NaN,-0.525,7.84,10.5,0,NaN
NaN,NaN,NaN,NaN,NaN,4,11.3138278226248,NaN,0.525,0,15.1,0,NaN
NaN,NaN,NaN,NaN,NaN,0,0,NaN,0.505,0,0,NaN,NaN
NaN,NaN,NaN,NaN,NaN,0,0,NaN,0.505,0,0,NaN,NaN
NaN,NaN,NaN,NaN,NaN,NaN,NaN,NaN,-0.505,NaN,NaN,NaN,NaN
NaN,NaN,NaN,NaN,NaN,NaN,NaN,NaN,-0.505,NaN,NaN,NaN,NaN
6,4,4,2,4,1,4.22033174051519,1693384935.87396,-0.525,-0.01,-0.3,0,0
NaN,NaN,NaN,NaN,NaN,2,5.89996610159753,NaN,0.525,7.88,-0.3,0,NaN
NaN,NaN,NaN,NaN,NaN,3,8.28429236567614,NaN,-0.525,7.84,10.5,0,NaN
NaN,NaN,NaN,NaN,NaN,4,11.8149354632177,NaN,0.525,0,15.1,0,NaN
NaN,NaN,NaN,NaN,NaN,0,0,NaN,0.505,0,0,NaN,NaN
NaN,NaN,NaN,NaN,NaN,0,0,NaN,0.505,0,0,NaN,NaN
NaN,NaN,NaN,NaN,NaN,NaN,NaN,NaN,-0.505,NaN,NaN,NaN,NaN
NaN,NaN,NaN,NaN,NaN,NaN,NaN,NaN,-0.505,NaN,NaN,NaN,NaN
6,4,4,1,4,2,5.21344415909483,1693384935.88128,-0.525,-0.01,-0.3,0,0
NaN,NaN,NaN,NaN,NaN,1,5.02130461135351,NaN,0.525,7.88,-0.3,0,NaN
NaN,NaN,NaN,NaN,NaN,3,7.81214439190674,NaN,-0.525,7.84,10.5,0,NaN
NaN,NaN,NaN,NaN,NaN,4,12.0854954387481,NaN,0.525,0,15.1,0,NaN
NaN,NaN,NaN,NaN,NaN,0,0,NaN,0.505,0,0,NaN,NaN
NaN,NaN,NaN,NaN,NaN,0,0,NaN,0.505,0,0,NaN,NaN
NaN,NaN,NaN,NaN,NaN,NaN,NaN,NaN,-0.505,NaN,NaN,NaN,NaN
NaN,NaN,NaN,NaN,NaN,NaN,NaN,NaN,-0.505,NaN,NaN,NaN,NaN
6,4,4,4,4,1,5.24376772940984,1693384935.94321,-0.525,-0.01,-0.3,0,0
NaN,NaN,NaN,NaN,NaN,2,6.47437255647217,NaN,0.525,7.88,-0.3,0,NaN
NaN,NaN,NaN,NaN,NaN,3,7.66140326572097,NaN,-0.525,7.84,10.5,0,NaN
NaN,NaN,NaN,NaN,NaN,4,10.8827937589573,NaN,0.525,0,15.1,0,NaN
NaN,NaN,NaN,NaN,NaN,0,0,NaN,0.505,0,0,NaN,NaN
NaN,NaN,NaN,NaN,NaN,0,0,NaN,0.505,0,0,NaN,NaN
NaN,NaN,NaN,NaN,NaN,NaN,NaN,NaN,-0.505,NaN,NaN,NaN,NaN
NaN,NaN,NaN,NaN,NaN,NaN,NaN,NaN,-0.505,NaN,NaN,NaN,NaN
6,4,4,3,4,1,5.79910337897161,1693384935.94557,-0.525,-0.01,-0.3,0,0
NaN,NaN,NaN,NaN,NaN,2,6.02096337806501,NaN,0.525,7.88,-0.3,0,NaN
NaN,NaN,NaN,NaN,NaN,3,7.00782419870818,NaN,-0.525,7.84,10.5,0,NaN
NaN,NaN,NaN,NaN,NaN,4,11.2737349622918,NaN,0.525,0,15.1,0,NaN
NaN,NaN,NaN,NaN,NaN,0,0,NaN,0.505,0,0,NaN,NaN
NaN,NaN,NaN,NaN,NaN,0,0,NaN,0.505,0,0,NaN,NaN
NaN,NaN,NaN,NaN,NaN,NaN,NaN,NaN,-0.505,NaN,NaN,NaN,NaN
NaN,NaN,NaN,NaN,NaN,NaN,NaN,NaN,-0.505,NaN,NaN,NaN,NaN
6,4,4,2,4,1,4.25082344963891,1693384935.9736,-0.525,-0.01,-0.3,0,0
NaN,NaN,NaN,NaN,NaN,2,5.92013513359281,NaN,0.525,7.88,-0.3,0,NaN
NaN,NaN,NaN,NaN,NaN,3,8.31442120655431,NaN,-0.525,7.84,10.5,0,NaN
NaN,NaN,NaN,NaN,NaN,4,11.82495665954,NaN,0.525,0,15.1,0,NaN
NaN,NaN,NaN,NaN,NaN,0,0,NaN,0.505,0,0,NaN,NaN
NaN,NaN,NaN,NaN,NaN,0,0,NaN,0.505,0,0,NaN,NaN
NaN,NaN,NaN,NaN,NaN,NaN,NaN,NaN,-0.505,NaN,NaN,NaN,NaN
NaN,NaN,NaN,NaN,NaN,NaN,NaN,NaN,-0.505,NaN,NaN,NaN,NaN
6,4,4,1,4,2,5.2033354687162,1693384935.9828,-0.525,-0.01,-0.3,0,0
NaN,NaN,NaN,NaN,NaN,1,5.01118748402013,NaN,0.525,7.88,-0.3,0,NaN
NaN,NaN,NaN,NaN,NaN,3,7.8925281120817,NaN,-0.525,7.84,10.5,0,NaN
NaN,NaN,NaN,NaN,NaN,4,12.255835344847,NaN,0.525,0,15.1,0,NaN
NaN,NaN,NaN,NaN,NaN,0,0,NaN,0.505,0,0,NaN,NaN
NaN,NaN,NaN,NaN,NaN,0,0,NaN,0.505,0,0,NaN,NaN
NaN,NaN,NaN,NaN,NaN,NaN,NaN,NaN,-0.505,NaN,NaN,NaN,NaN
NaN,NaN,NaN,NaN,NaN,NaN,NaN,NaN,-0.505,NaN,NaN,NaN,NaN
6,4,4,4,4,1,5.23366028702666,1693384936.043,-0.525,-0.01,-0.3,0,0
NaN,NaN,NaN,NaN,NaN,2,6.51465271522588,NaN,0.525,7.88,-0.3,0,NaN
NaN,NaN,NaN,NaN,NaN,3,7.63125153562638,NaN,-0.525,7.84,10.5,0,NaN
NaN,NaN,NaN,NaN,NaN,4,10.9730169051178,NaN,0.525,0,15.1,0,NaN
NaN,NaN,NaN,NaN,NaN,0,0,NaN,0.505,0,0,NaN,NaN
NaN,NaN,NaN,NaN,NaN,0,0,NaN,0.505,0,0,NaN,NaN
NaN,NaN,NaN,NaN,NaN,NaN,NaN,NaN,-0.505,NaN,NaN,NaN,NaN
NaN,NaN,NaN,NaN,NaN,NaN,NaN,NaN,-0.505,NaN,NaN,NaN,NaN
6,4,4,3,4,1,5.83945202908629,1693384936.04602,-0.525,-0.01,-0.3,0,0
NaN,NaN,NaN,NaN,NaN,2,6.02096337806501,NaN,0.525,7.88,-0.3,0,NaN
NaN,NaN,NaN,NaN,NaN,3,7.03800397840183,NaN,-0.525,7.84,10.5,0,NaN
NaN,NaN,NaN,NaN,NaN,4,11.2436648829463,NaN,0.525,0,15.1,0,NaN
NaN,NaN,NaN,NaN,NaN,0,0,NaN,0.505,0,0,NaN,NaN
NaN,NaN,NaN,NaN,NaN,0,0,NaN,0.505,0,0,NaN,NaN
NaN,NaN,NaN,NaN,NaN,NaN,NaN,NaN,-0.505,NaN,NaN,NaN,NaN
NaN,NaN,NaN,NaN,NaN,NaN,NaN,NaN,-0.505,NaN,NaN,NaN,NaN
6,4,4,2,4,1,4.22033174051519,1693384936.07528,-0.525,-0.01,-0.3,0,0
NaN,NaN,NaN,NaN,NaN,2,5.87979591482562,NaN,0.525,7.88,-0.3,0,NaN
NaN,NaN,NaN,NaN,NaN,3,8.34454911903573,NaN,-0.525,7.84,10.5,0,NaN
NaN,NaN,NaN,NaN,NaN,4,11.8550200337241,NaN,0.525,0,15.1,0,NaN
NaN,NaN,NaN,NaN,NaN,0,0,NaN,0.505,0,0,NaN,NaN
NaN,NaN,NaN,NaN,NaN,0,0,NaN,0.505,0,0,NaN,NaN
NaN,NaN,NaN,NaN,NaN,NaN,NaN,NaN,-0.505,NaN,NaN,NaN,NaN
NaN,NaN,NaN,NaN,NaN,NaN,NaN,NaN,-0.505,NaN,NaN,NaN,NaN
6,4,4,1,4,1,5.01118748402013,1693384936.0812,-0.525,-0.01,-0.3,0,0
NaN,NaN,NaN,NaN,NaN,2,5.21344415909483,NaN,0.525,7.88,-0.3,0,NaN
NaN,NaN,NaN,NaN,NaN,3,7.7819984579798,NaN,-0.525,7.84,10.5,0,NaN
NaN,NaN,NaN,NaN,NaN,4,12.1856965332311,NaN,0.525,0,15.1,0,NaN
NaN,NaN,NaN,NaN,NaN,0,0,NaN,0.505,0,0,NaN,NaN
NaN,NaN,NaN,NaN,NaN,0,0,NaN,0.505,0,0,NaN,NaN
NaN,NaN,NaN,NaN,NaN,NaN,NaN,NaN,-0.505,NaN,NaN,NaN,NaN
NaN,NaN,NaN,NaN,NaN,NaN,NaN,NaN,-0.505,NaN,NaN,NaN,NaN
6,4,4,4,4,1,5.21344415909483,1693384936.1429,-0.525,-0.01,-0.3,0,0
NaN,NaN,NaN,NaN,NaN,2,6.54486057911091,NaN,0.525,7.88,-0.3,0,NaN
NaN,NaN,NaN,NaN,NaN,3,7.64130224503651,NaN,-0.525,7.84,10.5,0,NaN
NaN,NaN,NaN,NaN,NaN,4,10.9429429314056,NaN,0.525,0,15.1,0,NaN
NaN,NaN,NaN,NaN,NaN,0,0,NaN,0.505,0,0,NaN,NaN
NaN,NaN,NaN,NaN,NaN,0,0,NaN,0.505,0,0,NaN,NaN
NaN,NaN,NaN,NaN,NaN,NaN,NaN,NaN,-0.505,NaN,NaN,NaN,NaN
NaN,NaN,NaN,NaN,NaN,NaN,NaN,NaN,-0.505,NaN,NaN,NaN,NaN
6,4,4,3,4,1,5.83945202908629,1693384936.14676,-0.525,-0.01,-0.3,0,0
NaN,NaN,NaN,NaN,NaN,2,6.02096337806501,NaN,0.525,7.88,-0.3,0,NaN
NaN,NaN,NaN,NaN,NaN,3,7.08830021937559,NaN,-0.525,7.84,10.5,0,NaN
NaN,NaN,NaN,NaN,NaN,4,11.3038046692253,NaN,0.525,0,15.1,0,NaN
NaN,NaN,NaN,NaN,NaN,0,0,NaN,0.505,0,0,NaN,NaN
NaN,NaN,NaN,NaN,NaN,0,0,NaN,0.505,0,0,NaN,NaN
NaN,NaN,NaN,NaN,NaN,NaN,NaN,NaN,-0.505,NaN,NaN,NaN,NaN
NaN,NaN,NaN,NaN,NaN,NaN,NaN,NaN,-0.505,NaN,NaN,NaN,NaN
6,4,4,2,4,1,4.25082344963891,1693384936.17646,-0.525,-0.01,-0.3,0,0
NaN,NaN,NaN,NaN,NaN,2,5.86971038467828,NaN,0.525,7.88,-0.3,0,NaN
NaN,NaN,NaN,NaN,NaN,3,8.2742492106535,NaN,-0.525,7.84,10.5,0,NaN
NaN,NaN,NaN,NaN,NaN,4,11.8049142309464,NaN,0.525,0,15.1,0,NaN
NaN,NaN,NaN,NaN,NaN,0,0,NaN,0.505,0,0,NaN,NaN
NaN,NaN,NaN,NaN,NaN,0,0,NaN,0.505,0,0,NaN,NaN
NaN,NaN,NaN,NaN,NaN,NaN,NaN,NaN,-0.505,NaN,NaN,NaN,NaN
NaN,NaN,NaN,NaN,NaN,NaN,NaN,NaN,-0.505,NaN,NaN,NaN,NaN
6,4,4,1,4,1,5.0415374639092,1693384936.18188,-0.525,-0.01,-0.3,0,0
NaN,NaN,NaN,NaN,NaN,2,5.17300686255103,NaN,0.525,7.88,-0.3,0,NaN
NaN,NaN,NaN,NaN,NaN,3,7.81214439190674,NaN,-0.525,7.84,10.5,0,NaN
NaN,NaN,NaN,NaN,NaN,4,12.1355964006719,NaN,0.525,0,15.1,0,NaN
NaN,NaN,NaN,NaN,NaN,0,0,NaN,0.505,0,0,NaN,NaN
NaN,NaN,NaN,NaN,NaN,0,0,NaN,0.505,0,0,NaN,NaN
NaN,NaN,NaN,NaN,NaN,NaN,NaN,NaN,-0.505,NaN,NaN,NaN,NaN
NaN,NaN,NaN,NaN,NaN,NaN,NaN,NaN,-0.505,NaN,NaN,NaN,NaN
6,4,4,4,4,1,5.24376772940984,1693384936.24342,-0.525,-0.01,-0.3,0,0
NaN,NaN,NaN,NaN,NaN,2,6.47437255647217,NaN,0.525,7.88,-0.3,0,NaN
NaN,NaN,NaN,NaN,NaN,3,7.62120069280425,NaN,-0.525,7.84,10.5,0,NaN
NaN,NaN,NaN,NaN,NaN,4,10.922893389574,NaN,0.525,0,15.1,0,NaN
NaN,NaN,NaN,NaN,NaN,0,0,NaN,0.505,0,0,NaN,NaN
NaN,NaN,NaN,NaN,NaN,0,0,NaN,0.505,0,0,NaN,NaN
NaN,NaN,NaN,NaN,NaN,NaN,NaN,NaN,-0.505,NaN,NaN,NaN,NaN
NaN,NaN,NaN,NaN,NaN,NaN,NaN,NaN,-0.505,NaN,NaN,NaN,NaN
6,4,4,3,4,1,5.82936531708213,1693384936.24615,-0.525,-0.01,-0.3,0,0
NaN,NaN,NaN,NaN,NaN,2,6.01088179887111,NaN,0.525,7.88,-0.3,0,NaN
NaN,NaN,NaN,NaN,NaN,3,7.03800397840183,NaN,-0.525,7.84,10.5,0,NaN
NaN,NaN,NaN,NaN,NaN,4,11.2837582391684,NaN,0.525,0,15.1,0,NaN
NaN,NaN,NaN,NaN,NaN,0,0,NaN,0.505,0,0,NaN,NaN
NaN,NaN,NaN,NaN,NaN,0,0,NaN,0.505,0,0,NaN,NaN
NaN,NaN,NaN,NaN,NaN,NaN,NaN,NaN,-0.505,NaN,NaN,NaN,NaN
NaN,NaN,NaN,NaN,NaN,NaN,NaN,NaN,-0.505,NaN,NaN,NaN,NaN
6,4,4,2,4,1,4.28130821128309,1693384936.27608,-0.525,-0.01,-0.3,0,0
NaN,NaN,NaN,NaN,NaN,2,5.89996610159753,NaN,0.525,7.88,-0.3,0,NaN
NaN,NaN,NaN,NaN,NaN,3,8.34454911903573,NaN,-0.525,7.84,10.5,0,NaN
NaN,NaN,NaN,NaN,NaN,4,11.82495665954,NaN,0.525,0,15.1,0,NaN
NaN,NaN,NaN,NaN,NaN,0,0,NaN,0.505,0,0,NaN,NaN
NaN,NaN,NaN,NaN,NaN,0,0,NaN,0.505,0,0,NaN,NaN
NaN,NaN,NaN,NaN,NaN,NaN,NaN,NaN,-0.505,NaN,NaN,NaN,NaN
NaN,NaN,NaN,NaN,NaN,NaN,NaN,NaN,-0.505,NaN,NaN,NaN,NaN
6,4,4,1,4,1,5.02130461135351,1693384936.28226,-0.525,-0.01,-0.3,0,0
NaN,NaN,NaN,NaN,NaN,2,5.2033354687162,NaN,0.525,7.88,-0.3,0,NaN
NaN,NaN,NaN,NaN,NaN,3,7.82219278719209,NaN,-0.525,7.84,10.5,0,NaN
NaN,NaN,NaN,NaN,NaN,4,12.2257760489876,NaN,0.525,0,15.1,0,NaN
NaN,NaN,NaN,NaN,NaN,0,0,NaN,0.505,0,0,NaN,NaN
NaN,NaN,NaN,NaN,NaN,0,0,NaN,0.505,0,0,NaN,NaN
NaN,NaN,NaN,NaN,NaN,NaN,NaN,NaN,-0.505,NaN,NaN,NaN,NaN
NaN,NaN,NaN,NaN,NaN,NaN,NaN,NaN,-0.505,NaN,NaN,NaN,NaN
6,4,4,4,4,1,5.22355243105686,1693384936.34363,-0.525,-0.01,-0.3,0,0
NaN,NaN,NaN,NaN,NaN,2,6.50458299970106,NaN,0.525,7.88,-0.3,0,NaN
NaN,NaN,NaN,NaN,NaN,3,7.64130224503651,NaN,-0.525,7.84,10.5,0,NaN
NaN,NaN,NaN,NaN,NaN,4,10.9329181831751,NaN,0.525,0,15.1,0,NaN
NaN,NaN,NaN,NaN,NaN,0,0,NaN,0.505,0,0,NaN,NaN
NaN,NaN,NaN,NaN,NaN,0,0,NaN,0.505,0,0,NaN,NaN
NaN,NaN,NaN,NaN,NaN,NaN,NaN,NaN,-0.505,NaN,NaN,NaN,NaN
NaN,NaN,NaN,NaN,NaN,NaN,NaN,NaN,-0.505,NaN,NaN,NaN,NaN
6,4,4,3,4,1,5.81927830576954,1693384936.34583,-0.525,-0.01,-0.3,0,0
NaN,NaN,NaN,NaN,NaN,2,6.02096337806501,NaN,0.525,7.88,-0.3,0,NaN
NaN,NaN,NaN,NaN,NaN,3,7.02794422288623,NaN,-0.525,7.84,10.5,0,NaN
NaN,NaN,NaN,NaN,NaN,4,11.2536882842915,NaN,0.525,0,15.1,0,NaN
NaN,NaN,NaN,NaN,NaN,0,0,NaN,0.505,0,0,NaN,NaN
NaN,NaN,NaN,NaN,NaN,0,0,NaN,0.505,0,0,NaN,NaN
NaN,NaN,NaN,NaN,NaN,NaN,NaN,NaN,-0.505,NaN,NaN,NaN,NaN
NaN,NaN,NaN,NaN,NaN,NaN,NaN,NaN,-0.505,NaN,NaN,NaN,NaN
6,4,4,2,4,1,4.22033174051519,1693384936.37605,-0.525,-0.01,-0.3,0,0
NaN,NaN,NaN,NaN,NaN,2,5.87979591482562,NaN,0.525,7.88,-0.3,0,NaN
NaN,NaN,NaN,NaN,NaN,3,8.36463388320134,NaN,-0.525,7.84,10.5,0,NaN
NaN,NaN,NaN,NaN,NaN,4,11.7848716581896,NaN,0.525,0,15.1,0,NaN
NaN,NaN,NaN,NaN,NaN,0,0,NaN,0.505,0,0,NaN,NaN
NaN,NaN,NaN,NaN,NaN,0,0,NaN,0.505,0,0,NaN,NaN
NaN,NaN,NaN,NaN,NaN,NaN,NaN,NaN,-0.505,NaN,NaN,NaN,NaN
NaN,NaN,NaN,NaN,NaN,NaN,NaN,NaN,-0.505,NaN,NaN,NaN,NaN
6,4,4,1,4,1,5.02130461135351,1693384936.38149,-0.525,-0.01,-0.3,0,0
NaN,NaN,NaN,NaN,NaN,2,5.19322635747759,NaN,0.525,7.88,-0.3,0,NaN
NaN,NaN,NaN,NaN,NaN,3,7.80209587226407,NaN,-0.525,7.84,10.5,0,NaN
NaN,NaN,NaN,NaN,NaN,4,12.175676572577,NaN,0.525,0,15.1,0,NaN
NaN,NaN,NaN,NaN,NaN,0,0,NaN,0.505,0,0,NaN,NaN
NaN,NaN,NaN,NaN,NaN,0,0,NaN,0.505,0,0,NaN,NaN
NaN,NaN,NaN,NaN,NaN,NaN,NaN,NaN,-0.505,NaN,NaN,NaN,NaN
NaN,NaN,NaN,NaN,NaN,NaN,NaN,NaN,-0.505,NaN,NaN,NaN,NaN
6,4,4,4,4,1,5.24376772940984,1693384936.44387,-0.525,-0.01,-0.3,0,0
NaN,NaN,NaN,NaN,NaN,2,6.51465271522588,NaN,0.525,7.88,-0.3,0,NaN
NaN,NaN,NaN,NaN,NaN,3,7.68150375903052,NaN,-0.525,7.84,10.5,0,NaN
NaN,NaN,NaN,NaN,NaN,4,10.872768736619,NaN,0.525,0,15.1,0,NaN
NaN,NaN,NaN,NaN,NaN,0,0,NaN,0.505,0,0,NaN,NaN
NaN,NaN,NaN,NaN,NaN,0,0,NaN,0.505,0,0,NaN,NaN
NaN,NaN,NaN,NaN,NaN,NaN,NaN,NaN,-0.505,NaN,NaN,NaN,NaN
NaN,NaN,NaN,NaN,NaN,NaN,NaN,NaN,-0.505,NaN,NaN,NaN,NaN
6,4,4,3,4,1,5.80919099358938,1693384936.44576,-0.525,-0.01,-0.3,0,0
NaN,NaN,NaN,NaN,NaN,2,6.01088179887111,NaN,0.525,7.88,-0.3,0,NaN
NaN,NaN,NaN,NaN,NaN,3,7.04806356384504,NaN,-0.525,7.84,10.5,0,NaN
NaN,NaN,NaN,NaN,NaN,4,11.2536882842915,NaN,0.525,0,15.1,0,NaN
NaN,NaN,NaN,NaN,NaN,0,0,NaN,0.505,0,0,NaN,NaN
NaN,NaN,NaN,NaN,NaN,0,0,NaN,0.505,0,0,NaN,NaN
NaN,NaN,NaN,NaN,NaN,NaN,NaN,NaN,-0.505,NaN,NaN,NaN,NaN
NaN,NaN,NaN,NaN,NaN,NaN,NaN,NaN,-0.505,NaN,NaN,NaN,NaN
6,4,4,2,4,1,4.23049642477097,1693384936.48052,-0.525,-0.01,-0.3,0,0
NaN,NaN,NaN,NaN,NaN,2,5.88988115330012,NaN,0.525,7.88,-0.3,0,NaN
NaN,NaN,NaN,NaN,NaN,3,8.29433541641523,NaN,-0.525,7.84,10.5,0,NaN
NaN,NaN,NaN,NaN,NaN,4,11.7548075271354,NaN,0.525,0,15.1,0,NaN
NaN,NaN,NaN,NaN,NaN,0,0,NaN,0.505,0,0,NaN,NaN
NaN,NaN,NaN,NaN,NaN,0,0,NaN,0.505,0,0,NaN,NaN
NaN,NaN,NaN,NaN,NaN,NaN,NaN,NaN,-0.505,NaN,NaN,NaN,NaN
NaN,NaN,NaN,NaN,NaN,NaN,NaN,NaN,-0.505,NaN,NaN,NaN,NaN
6,4,4,1,4,2,5.24376772940984,1693384936.48335,-0.525,-0.01,-0.3,0,0
NaN,NaN,NaN,NaN,NaN,1,5.01118748402013,NaN,0.525,7.88,-0.3,0,NaN
NaN,NaN,NaN,NaN,NaN,3,7.7819984579798,NaN,-0.525,7.84,10.5,0,NaN
NaN,NaN,NaN,NaN,NaN,4,12.175676572577,NaN,0.525,0,15.1,0,NaN
NaN,NaN,NaN,NaN,NaN,0,0,NaN,0.505,0,0,NaN,NaN
NaN,NaN,NaN,NaN,NaN,0,0,NaN,0.505,0,0,NaN,NaN
NaN,NaN,NaN,NaN,NaN,NaN,NaN,NaN,-0.505,NaN,NaN,NaN,NaN
NaN,NaN,NaN,NaN,NaN,NaN,NaN,NaN,-0.505,NaN,NaN,NaN,NaN
6,4,4,4,4,1,5.22355243105686,1693384936.54318,-0.525,-0.01,-0.3,0,0
NaN,NaN,NaN,NaN,NaN,2,6.47437255647217,NaN,0.525,7.88,-0.3,0,NaN
NaN,NaN,NaN,NaN,NaN,3,7.62120069280425,NaN,-0.525,7.84,10.5,0,NaN
NaN,NaN,NaN,NaN,NaN,4,10.922893389574,NaN,0.525,0,15.1,0,NaN
NaN,NaN,NaN,NaN,NaN,0,0,NaN,0.505,0,0,NaN,NaN
NaN,NaN,NaN,NaN,NaN,0,0,NaN,0.505,0,0,NaN,NaN
NaN,NaN,NaN,NaN,NaN,NaN,NaN,NaN,-0.505,NaN,NaN,NaN,NaN
NaN,NaN,NaN,NaN,NaN,NaN,NaN,NaN,-0.505,NaN,NaN,NaN,NaN
6,4,4,3,4,1,5.74866071359234,1693384936.54565,-0.525,-0.01,-0.3,0,0
NaN,NaN,NaN,NaN,NaN,2,6.03104468562454,NaN,0.525,7.88,-0.3,0,NaN
NaN,NaN,NaN,NaN,NaN,3,7.00782419870818,NaN,-0.525,7.84,10.5,0,NaN
NaN,NaN,NaN,NaN,NaN,4,11.2637116440363,NaN,0.525,0,15.1,0,NaN
NaN,NaN,NaN,NaN,NaN,0,0,NaN,0.505,0,0,NaN,NaN
NaN,NaN,NaN,NaN,NaN,0,0,NaN,0.505,0,0,NaN,NaN
NaN,NaN,NaN,NaN,NaN,NaN,NaN,NaN,-0.505,NaN,NaN,NaN,NaN
NaN,NaN,NaN,NaN,NaN,NaN,NaN,NaN,-0.505,NaN,NaN,NaN,NaN
6,4,4,2,4,1,4.2609858014314,1693384936.57424,-0.525,-0.01,-0.3,0,0
NaN,NaN,NaN,NaN,NaN,2,5.89996610159753,NaN,0.525,7.88,-0.3,0,NaN
NaN,NaN,NaN,NaN,NaN,3,8.32446394670552,NaN,-0.525,7.84,10.5,0,NaN
NaN,NaN,NaN,NaN,NaN,4,11.77485031752,NaN,0.525,0,15.1,0,NaN
NaN,NaN,NaN,NaN,NaN,0,0,NaN,0.505,0,0,NaN,NaN
NaN,NaN,NaN,NaN,NaN,0,0,NaN,0.505,0,0,NaN,NaN
NaN,NaN,NaN,NaN,NaN,NaN,NaN,NaN,-0.505,NaN,NaN,NaN,NaN
NaN,NaN,NaN,NaN,NaN,NaN,NaN,NaN,-0.505,NaN,NaN,NaN,NaN
6,4,4,1,4,1,5.06176846566494,1693384936.58222,-0.525,-0.01,-0.3,0,0
NaN,NaN,NaN,NaN,NaN,2,5.1831168229165,NaN,0.525,7.88,-0.3,0,NaN
NaN,NaN,NaN,NaN,NaN,3,7.81214439190674,NaN,-0.525,7.84,10.5,0,NaN
NaN,NaN,NaN,NaN,NaN,4,12.2357958466133,NaN,0.525,0,15.1,0,NaN
NaN,NaN,NaN,NaN,NaN,0,0,NaN,0.505,0,0,NaN,NaN
NaN,NaN,NaN,NaN,NaN,0,0,NaN,0.505,0,0,NaN,NaN
NaN,NaN,NaN,NaN,NaN,NaN,NaN,NaN,-0.505,NaN,NaN,NaN,NaN
NaN,NaN,NaN,NaN,NaN,NaN,NaN,NaN,-0.505,NaN,NaN,NaN,NaN
6,4,4,4,4,1,5.24376772940984,1693384936.64474,-0.525,-0.01,-0.3,0,0
NaN,NaN,NaN,NaN,NaN,2,6.52472221630929,NaN,0.525,7.88,-0.3,0,NaN
NaN,NaN,NaN,NaN,NaN,3,7.64130224503651,NaN,-0.525,7.84,10.5,0,NaN
NaN,NaN,NaN,NaN,NaN,4,10.9529676343902,NaN,0.525,0,15.1,0,NaN
NaN,NaN,NaN,NaN,NaN,0,0,NaN,0.505,0,0,NaN,NaN
NaN,NaN,NaN,NaN,NaN,0,0,NaN,0.505,0,0,NaN,NaN
NaN,NaN,NaN,NaN,NaN,NaN,NaN,NaN,-0.505,NaN,NaN,NaN,NaN
NaN,NaN,NaN,NaN,NaN,NaN,NaN,NaN,-0.505,NaN,NaN,NaN,NaN
6,4,4,3,4,1,5.77892723608803,1693384936.6462,-0.525,-0.01,-0.3,0,0
NaN,NaN,NaN,NaN,NaN,2,6.02096337806501,NaN,0.525,7.88,-0.3,0,NaN
NaN,NaN,NaN,NaN,NaN,3,7.03800397840183,NaN,-0.525,7.84,10.5,0,NaN
NaN,NaN,NaN,NaN,NaN,4,11.3038046692253,NaN,0.525,0,15.1,0,NaN
NaN,NaN,NaN,NaN,NaN,0,0,NaN,0.505,0,0,NaN,NaN
NaN,NaN,NaN,NaN,NaN,0,0,NaN,0.505,0,0,NaN,NaN
NaN,NaN,NaN,NaN,NaN,NaN,NaN,NaN,-0.505,NaN,NaN,NaN,NaN
NaN,NaN,NaN,NaN,NaN,NaN,NaN,NaN,-0.505,NaN,NaN,NaN,NaN
6,4,4,2,4,1,4.24066032593982,1693384936.67431,-0.525,-0.01,-0.3,0,0
NaN,NaN,NaN,NaN,NaN,2,5.93021922023124,NaN,0.525,7.88,-0.3,0,NaN
NaN,NaN,NaN,NaN,NaN,3,8.32446394670552,NaN,-0.525,7.84,10.5,0,NaN
NaN,NaN,NaN,NaN,NaN,4,11.8449989447024,NaN,0.525,0,15.1,0,NaN
NaN,NaN,NaN,NaN,NaN,0,0,NaN,0.505,0,0,NaN,NaN
NaN,NaN,NaN,NaN,NaN,0,0,NaN,0.505,0,0,NaN,NaN
NaN,NaN,NaN,NaN,NaN,NaN,NaN,NaN,-0.505,NaN,NaN,NaN,NaN
NaN,NaN,NaN,NaN,NaN,NaN,NaN,NaN,-0.505,NaN,NaN,NaN,NaN
6,4,4,1,4,2,5.16289647387975,1693384936.68148,-0.525,-0.01,-0.3,0,0
NaN,NaN,NaN,NaN,NaN,1,4.99095181303126,NaN,0.525,7.88,-0.3,0,NaN
NaN,NaN,NaN,NaN,NaN,3,7.7819984579798,NaN,-0.525,7.84,10.5,0,NaN
NaN,NaN,NaN,NaN,NaN,4,12.175676572577,NaN,0.525,0,15.1,0,NaN
NaN,NaN,NaN,NaN,NaN,0,0,NaN,0.505,0,0,NaN,NaN
NaN,NaN,NaN,NaN,NaN,0,0,NaN,0.505,0,0,NaN,NaN
NaN,NaN,NaN,NaN,NaN,NaN,NaN,NaN,-0.505,NaN,NaN,NaN,NaN
NaN,NaN,NaN,NaN,NaN,NaN,NaN,NaN,-0.505,NaN,NaN,NaN,NaN
6,4,4,4,4,1,5.22355243105686,1693384936.74394,-0.525,-0.01,-0.3,0,0
NaN,NaN,NaN,NaN,NaN,2,6.55492944279342,NaN,0.525,7.88,-0.3,0,NaN
NaN,NaN,NaN,NaN,NaN,3,7.66140326572097,NaN,-0.525,7.84,10.5,0,NaN
NaN,NaN,NaN,NaN,NaN,4,10.8928187352953,NaN,0.525,0,15.1,0,NaN
NaN,NaN,NaN,NaN,NaN,0,0,NaN,0.505,0,0,NaN,NaN
NaN,NaN,NaN,NaN,NaN,0,0,NaN,0.505,0,0,NaN,NaN
NaN,NaN,NaN,NaN,NaN,NaN,NaN,NaN,-0.505,NaN,NaN,NaN,NaN
NaN,NaN,NaN,NaN,NaN,NaN,NaN,NaN,-0.505,NaN,NaN,NaN,NaN
6,4,4,3,4,1,5.80919099358938,1693384936.74546,-0.525,-0.01,-0.3,0,0
NaN,NaN,NaN,NaN,NaN,2,6.05120649127098,NaN,0.525,7.88,-0.3,0,NaN
NaN,NaN,NaN,NaN,NaN,3,7.03800397840183,NaN,-0.525,7.84,10.5,0,NaN
NaN,NaN,NaN,NaN,NaN,4,11.223617955009,NaN,0.525,0,15.1,0,NaN
NaN,NaN,NaN,NaN,NaN,0,0,NaN,0.505,0,0,NaN,NaN
NaN,NaN,NaN,NaN,NaN,0,0,NaN,0.505,0,0,NaN,NaN
NaN,NaN,NaN,NaN,NaN,NaN,NaN,NaN,-0.505,NaN,NaN,NaN,NaN
NaN,NaN,NaN,NaN,NaN,NaN,NaN,NaN,-0.505,NaN,NaN,NaN,NaN
6,4,4,2,4,1,4.23049642477097,1693384936.77426,-0.525,-0.01,-0.3,0,0
NaN,NaN,NaN,NaN,NaN,2,5.87979591482562,NaN,0.525,7.88,-0.3,0,NaN
NaN,NaN,NaN,NaN,NaN,3,8.2642059509671,NaN,-0.525,7.84,10.5,0,NaN
NaN,NaN,NaN,NaN,NaN,4,11.82495665954,NaN,0.525,0,15.1,0,NaN
NaN,NaN,NaN,NaN,NaN,0,0,NaN,0.505,0,0,NaN,NaN
NaN,NaN,NaN,NaN,NaN,0,0,NaN,0.505,0,0,NaN,NaN
NaN,NaN,NaN,NaN,NaN,NaN,NaN,NaN,-0.505,NaN,NaN,NaN,NaN
NaN,NaN,NaN,NaN,NaN,NaN,NaN,NaN,-0.505,NaN,NaN,NaN,NaN
6,4,4,1,4,2,5.22355243105686,1693384936.78213,-0.525,-0.01,-0.3,0,0
NaN,NaN,NaN,NaN,NaN,1,5.06176846566494,NaN,0.525,7.88,-0.3,0,NaN
NaN,NaN,NaN,NaN,NaN,3,7.80209587226407,NaN,-0.525,7.84,10.5,0,NaN
NaN,NaN,NaN,NaN,NaN,4,12.255835344847,NaN,0.525,0,15.1,0,NaN
NaN,NaN,NaN,NaN,NaN,0,0,NaN,0.505,0,0,NaN,NaN
NaN,NaN,NaN,NaN,NaN,0,0,NaN,0.505,0,0,NaN,NaN
NaN,NaN,NaN,NaN,NaN,NaN,NaN,NaN,-0.505,NaN,NaN,NaN,NaN
NaN,NaN,NaN,NaN,NaN,NaN,NaN,NaN,-0.505,NaN,NaN,NaN,NaN
6,4,4,4,4,1,5.22355243105686,1693384936.84319,-0.525,-0.01,-0.3,0,0
NaN,NaN,NaN,NaN,NaN,2,6.53479150394257,NaN,0.525,7.88,-0.3,0,NaN
NaN,NaN,NaN,NaN,NaN,3,7.68150375903052,NaN,-0.525,7.84,10.5,0,NaN
NaN,NaN,NaN,NaN,NaN,4,10.9329181831751,NaN,0.525,0,15.1,0,NaN
NaN,NaN,NaN,NaN,NaN,0,0,NaN,0.505,0,0,NaN,NaN
NaN,NaN,NaN,NaN,NaN,0,0,NaN,0.505,0,0,NaN,NaN
NaN,NaN,NaN,NaN,NaN,NaN,NaN,NaN,-0.505,NaN,NaN,NaN,NaN
NaN,NaN,NaN,NaN,NaN,NaN,NaN,NaN,-0.505,NaN,NaN,NaN,NaN
6,4,4,3,4,1,5.7890154603352,1693384936.84556,-0.525,-0.01,-0.3,0,0
NaN,NaN,NaN,NaN,NaN,2,6.00079994667378,NaN,0.525,7.88,-0.3,0,NaN
NaN,NaN,NaN,NaN,NaN,3,7.00782419870818,NaN,-0.525,7.84,10.5,0,NaN
NaN,NaN,NaN,NaN,NaN,4,11.2536882842915,NaN,0.525,0,15.1,0,NaN
NaN,NaN,NaN,NaN,NaN,0,0,NaN,0.505,0,0,NaN,NaN
NaN,NaN,NaN,NaN,NaN,0,0,NaN,0.505,0,0,NaN,NaN
NaN,NaN,NaN,NaN,NaN,NaN,NaN,NaN,-0.505,NaN,NaN,NaN,NaN
NaN,NaN,NaN,NaN,NaN,NaN,NaN,NaN,-0.505,NaN,NaN,NaN,NaN
6,4,4,2,4,1,4.2609858014314,1693384936.87366,-0.525,-0.01,-0.3,0,0
NaN,NaN,NaN,NaN,NaN,2,5.89996610159753,NaN,0.525,7.88,-0.3,0,NaN
NaN,NaN,NaN,NaN,NaN,3,8.28429236567614,NaN,-0.525,7.84,10.5,0,NaN
NaN,NaN,NaN,NaN,NaN,4,11.7848716581896,NaN,0.525,0,15.1,0,NaN
NaN,NaN,NaN,NaN,NaN,0,0,NaN,0.505,0,0,NaN,NaN
NaN,NaN,NaN,NaN,NaN,0,0,NaN,0.505,0,0,NaN,NaN
NaN,NaN,NaN,NaN,NaN,NaN,NaN,NaN,-0.505,NaN,NaN,NaN,NaN
NaN,NaN,NaN,NaN,NaN,NaN,NaN,NaN,-0.505,NaN,NaN,NaN,NaN
6,4,4,1,4,2,5.21344415909483,1693384936.88203,-0.525,-0.01,-0.3,0,0
NaN,NaN,NaN,NaN,NaN,1,5.01118748402013,NaN,0.525,7.88,-0.3,0,NaN
NaN,NaN,NaN,NaN,NaN,3,7.84228920660288,NaN,-0.525,7.84,10.5,0,NaN
NaN,NaN,NaN,NaN,NaN,4,12.2057363563203,NaN,0.525,0,15.1,0,NaN
NaN,NaN,NaN,NaN,NaN,0,0,NaN,0.505,0,0,NaN,NaN
NaN,NaN,NaN,NaN,NaN,0,0,NaN,0.505,0,0,NaN,NaN
NaN,NaN,NaN,NaN,NaN,NaN,NaN,NaN,-0.505,NaN,NaN,NaN,NaN
NaN,NaN,NaN,NaN,NaN,NaN,NaN,NaN,-0.505,NaN,NaN,NaN,NaN
6,4,4,4,4,1,5.24376772940984,1693384936.94376,-0.525,-0.01,-0.3,0,0
NaN,NaN,NaN,NaN,NaN,2,6.57506653958726,NaN,0.525,7.88,-0.3,0,NaN
NaN,NaN,NaN,NaN,NaN,3,7.65135282156038,NaN,-0.525,7.84,10.5,0,NaN
NaN,NaN,NaN,NaN,NaN,4,10.9128685504775,NaN,0.525,0,15.1,0,NaN
NaN,NaN,NaN,NaN,NaN,0,0,NaN,0.505,0,0,NaN,NaN
NaN,NaN,NaN,NaN,NaN,0,0,NaN,0.505,0,0,NaN,NaN
NaN,NaN,NaN,NaN,NaN,NaN,NaN,NaN,-0.505,NaN,NaN,NaN,NaN
NaN,NaN,NaN,NaN,NaN,NaN,NaN,NaN,-0.505,NaN,NaN,NaN,NaN
6,4,4,3,4,1,5.76883870462678,1693384936.94629,-0.525,-0.01,-0.3,0,0
NaN,NaN,NaN,NaN,NaN,2,5.97055273823119,NaN,0.525,7.88,-0.3,0,NaN
NaN,NaN,NaN,NaN,NaN,3,7.02794422288623,NaN,-0.525,7.84,10.5,0,NaN
NaN,NaN,NaN,NaN,NaN,4,11.2737349622918,NaN,0.525,0,15.1,0,NaN
NaN,NaN,NaN,NaN,NaN,0,0,NaN,0.505,0,0,NaN,NaN
NaN,NaN,NaN,NaN,NaN,0,0,NaN,0.505,0,0,NaN,NaN
NaN,NaN,NaN,NaN,NaN,NaN,NaN,NaN,-0.505,NaN,NaN,NaN,NaN
NaN,NaN,NaN,NaN,NaN,NaN,NaN,NaN,-0.505,NaN,NaN,NaN,NaN
6,4,4,2,4,1,4.29146828020434,1693384936.97397,-0.525,-0.01,-0.3,0,0
NaN,NaN,NaN,NaN,NaN,2,5.87979591482562,NaN,0.525,7.88,-0.3,0,NaN
NaN,NaN,NaN,NaN,NaN,3,8.34454911903573,NaN,-0.525,7.84,10.5,0,NaN
NaN,NaN,NaN,NaN,NaN,4,11.8049142309464,NaN,0.525,0,15.1,0,NaN
NaN,NaN,NaN,NaN,NaN,0,0,NaN,0.505,0,0,NaN,NaN
NaN,NaN,NaN,NaN,NaN,0,0,NaN,0.505,0,0,NaN,NaN
NaN,NaN,NaN,NaN,NaN,NaN,NaN,NaN,-0.505,NaN,NaN,NaN,NaN
NaN,NaN,NaN,NaN,NaN,NaN,NaN,NaN,-0.505,NaN,NaN,NaN,NaN
6,4,4,1,4,1,5.0415374639092,1693384936.98262,-0.525,-0.01,-0.3,0,0
NaN,NaN,NaN,NaN,NaN,2,5.2033354687162,NaN,0.525,7.88,-0.3,0,NaN
NaN,NaN,NaN,NaN,NaN,3,7.7819984579798,NaN,-0.525,7.84,10.5,0,NaN
NaN,NaN,NaN,NaN,NaN,4,12.1856965332311,NaN,0.525,0,15.1,0,NaN
NaN,NaN,NaN,NaN,NaN,0,0,NaN,0.505,0,0,NaN,NaN
NaN,NaN,NaN,NaN,NaN,0,0,NaN,0.505,0,0,NaN,NaN
NaN,NaN,NaN,NaN,NaN,NaN,NaN,NaN,-0.505,NaN,NaN,NaN,NaN
NaN,NaN,NaN,NaN,NaN,NaN,NaN,NaN,-0.505,NaN,NaN,NaN,NaN
6,4,4,4,4,1,5.23366028702666,1693384937.04271,-0.525,-0.01,-0.3,0,0
NaN,NaN,NaN,NaN,NaN,2,6.53479150394257,NaN,0.525,7.88,-0.3,0,NaN
NaN,NaN,NaN,NaN,NaN,3,7.64130224503651,NaN,-0.525,7.84,10.5,0,NaN
NaN,NaN,NaN,NaN,NaN,4,10.8827937589573,NaN,0.525,0,15.1,0,NaN
NaN,NaN,NaN,NaN,NaN,0,0,NaN,0.505,0,0,NaN,NaN
NaN,NaN,NaN,NaN,NaN,0,0,NaN,0.505,0,0,NaN,NaN
NaN,NaN,NaN,NaN,NaN,NaN,NaN,NaN,-0.505,NaN,NaN,NaN,NaN
NaN,NaN,NaN,NaN,NaN,NaN,NaN,NaN,-0.505,NaN,NaN,NaN,NaN
6,4,4,3,4,1,5.80919099358938,1693384937.04564,-0.525,-0.01,-0.3,0,0
NaN,NaN,NaN,NaN,NaN,2,6.02096337806501,NaN,0.525,7.88,-0.3,0,NaN
NaN,NaN,NaN,NaN,NaN,3,7.02794422288623,NaN,-0.525,7.84,10.5,0,NaN
NaN,NaN,NaN,NaN,NaN,4,11.3138278226248,NaN,0.525,0,15.1,0,NaN
NaN,NaN,NaN,NaN,NaN,0,0,NaN,0.505,0,0,NaN,NaN
NaN,NaN,NaN,NaN,NaN,0,0,NaN,0.505,0,0,NaN,NaN
NaN,NaN,NaN,NaN,NaN,NaN,NaN,NaN,-0.505,NaN,NaN,NaN,NaN
NaN,NaN,NaN,NaN,NaN,NaN,NaN,NaN,-0.505,NaN,NaN,NaN,NaN
6,4,4,2,4,1,4.25082344963891,1693384937.07428,-0.525,-0.01,-0.3,0,0
NaN,NaN,NaN,NaN,NaN,2,5.88988115330012,NaN,0.525,7.88,-0.3,0,NaN
NaN,NaN,NaN,NaN,NaN,3,8.30437836324911,NaN,-0.525,7.84,10.5,0,NaN
NaN,NaN,NaN,NaN,NaN,4,11.8349778200046,NaN,0.525,0,15.1,0,NaN
NaN,NaN,NaN,NaN,NaN,0,0,NaN,0.505,0,0,NaN,NaN
NaN,NaN,NaN,NaN,NaN,0,0,NaN,0.505,0,0,NaN,NaN
NaN,NaN,NaN,NaN,NaN,NaN,NaN,NaN,-0.505,NaN,NaN,NaN,NaN
NaN,NaN,NaN,NaN,NaN,NaN,NaN,NaN,-0.505,NaN,NaN,NaN,NaN
6,4,4,1,4,2,5.22355243105686,1693384937.08137,-0.525,-0.01,-0.3,0,0
NaN,NaN,NaN,NaN,NaN,1,5.03142127037679,NaN,0.525,7.88,-0.3,0,NaN
NaN,NaN,NaN,NaN,NaN,3,7.86238513429608,NaN,-0.525,7.84,10.5,0,NaN
NaN,NaN,NaN,NaN,NaN,4,12.255835344847,NaN,0.525,0,15.1,0,NaN
NaN,NaN,NaN,NaN,NaN,0,0,NaN,0.505,0,0,NaN,NaN
NaN,NaN,NaN,NaN,NaN,0,0,NaN,0.505,0,0,NaN,NaN
NaN,NaN,NaN,NaN,NaN,NaN,NaN,NaN,-0.505,NaN,NaN,NaN,NaN
NaN,NaN,NaN,NaN,NaN,NaN,NaN,NaN,-0.505,NaN,NaN,NaN,NaN
6,4,4,4,4,1,5.23366028702666,1693384937.14365,-0.525,-0.01,-0.3,0,0
NaN,NaN,NaN,NaN,NaN,2,6.48444292133102,NaN,0.525,7.88,-0.3,0,NaN
NaN,NaN,NaN,NaN,NaN,3,7.64130224503651,NaN,-0.525,7.84,10.5,0,NaN
NaN,NaN,NaN,NaN,NaN,4,10.9128685504775,NaN,0.525,0,15.1,0,NaN
NaN,NaN,NaN,NaN,NaN,0,0,NaN,0.505,0,0,NaN,NaN
NaN,NaN,NaN,NaN,NaN,0,0,NaN,0.505,0,0,NaN,NaN
NaN,NaN,NaN,NaN,NaN,NaN,NaN,NaN,-0.505,NaN,NaN,NaN,NaN
NaN,NaN,NaN,NaN,NaN,NaN,NaN,NaN,-0.505,NaN,NaN,NaN,NaN
6,4,4,3,4,1,5.79910337897161,1693384937.14529,-0.525,-0.01,-0.3,0,0
NaN,NaN,NaN,NaN,NaN,2,6.03104468562454,NaN,0.525,7.88,-0.3,0,NaN
NaN,NaN,NaN,NaN,NaN,3,7.07824130699145,NaN,-0.525,7.84,10.5,0,NaN
NaN,NaN,NaN,NaN,NaN,4,11.213594428193,NaN,0.525,0,15.1,0,NaN
NaN,NaN,NaN,NaN,NaN,0,0,NaN,0.505,0,0,NaN,NaN
NaN,NaN,NaN,NaN,NaN,0,0,NaN,0.505,0,0,NaN,NaN
NaN,NaN,NaN,NaN,NaN,NaN,NaN,NaN,-0.505,NaN,NaN,NaN,NaN
NaN,NaN,NaN,NaN,NaN,NaN,NaN,NaN,-0.505,NaN,NaN,NaN,NaN
6,4,4,2,4,1,4.23049642477097,1693384937.17366,-0.525,-0.01,-0.3,0,0
NaN,NaN,NaN,NaN,NaN,2,5.91005076120332,NaN,0.525,7.88,-0.3,0,NaN
NaN,NaN,NaN,NaN,NaN,3,8.32446394670552,NaN,-0.525,7.84,10.5,0,NaN
NaN,NaN,NaN,NaN,NaN,4,11.7948929626343,NaN,0.525,0,15.1,0,NaN
NaN,NaN,NaN,NaN,NaN,0,0,NaN,0.505,0,0,NaN,NaN
NaN,NaN,NaN,NaN,NaN,0,0,NaN,0.505,0,0,NaN,NaN
NaN,NaN,NaN,NaN,NaN,NaN,NaN,NaN,-0.505,NaN,NaN,NaN,NaN
NaN,NaN,NaN,NaN,NaN,NaN,NaN,NaN,-0.505,NaN,NaN,NaN,NaN
6,4,4,1,4,1,5.0415374639092,1693384937.18176,-0.525,-0.01,-0.3,0,0
NaN,NaN,NaN,NaN,NaN,2,5.15278565438152,NaN,0.525,7.88,-0.3,0,NaN
NaN,NaN,NaN,NaN,NaN,3,7.7819984579798,NaN,-0.525,7.84,10.5,0,NaN
NaN,NaN,NaN,NaN,NaN,4,12.2057363563203,NaN,0.525,0,15.1,0,NaN
NaN,NaN,NaN,NaN,NaN,0,0,NaN,0.505,0,0,NaN,NaN
NaN,NaN,NaN,NaN,NaN,0,0,NaN,0.505,0,0,NaN,NaN
NaN,NaN,NaN,NaN,NaN,NaN,NaN,NaN,-0.505,NaN,NaN,NaN,NaN
NaN,NaN,NaN,NaN,NaN,NaN,NaN,NaN,-0.505,NaN,NaN,NaN,NaN
6,4,4,4,4,1,5.22355243105686,1693384937.24378,-0.525,-0.01,-0.3,0,0
NaN,NaN,NaN,NaN,NaN,2,6.46430197314451,NaN,0.525,7.88,-0.3,0,NaN
NaN,NaN,NaN,NaN,NaN,3,7.68150375903052,NaN,-0.525,7.84,10.5,0,NaN
NaN,NaN,NaN,NaN,NaN,4,10.9429429314056,NaN,0.525,0,15.1,0,NaN
NaN,NaN,NaN,NaN,NaN,0,0,NaN,0.505,0,0,NaN,NaN
NaN,NaN,NaN,NaN,NaN,0,0,NaN,0.505,0,0,NaN,NaN
NaN,NaN,NaN,NaN,NaN,NaN,NaN,NaN,-0.505,NaN,NaN,NaN,NaN
NaN,NaN,NaN,NaN,NaN,NaN,NaN,NaN,-0.505,NaN,NaN,NaN,NaN
6,4,4,3,4,1,5.80919099358938,1693384937.2456,-0.525,-0.01,-0.3,0,0
NaN,NaN,NaN,NaN,NaN,2,6.00079994667378,NaN,0.525,7.88,-0.3,0,NaN
NaN,NaN,NaN,NaN,NaN,3,7.05812297994304,NaN,-0.525,7.84,10.5,0,NaN
NaN,NaN,NaN,NaN,NaN,4,11.2436648829463,NaN,0.525,0,15.1,0,NaN
NaN,NaN,NaN,NaN,NaN,0,0,NaN,0.505,0,0,NaN,NaN
NaN,NaN,NaN,NaN,NaN,0,0,NaN,0.505,0,0,NaN,NaN
NaN,NaN,NaN,NaN,NaN,NaN,NaN,NaN,-0.505,NaN,NaN,NaN,NaN
NaN,NaN,NaN,NaN,NaN,NaN,NaN,NaN,-0.505,NaN,NaN,NaN,NaN
6,4,4,2,4,1,4.23049642477097,1693384937.27434,-0.525,-0.01,-0.3,0,0
NaN,NaN,NaN,NaN,NaN,2,5.89996610159753,NaN,0.525,7.88,-0.3,0,NaN
NaN,NaN,NaN,NaN,NaN,3,8.35459155195513,NaN,-0.525,7.84,10.5,0,NaN
NaN,NaN,NaN,NaN,NaN,4,11.7848716581896,NaN,0.525,0,15.1,0,NaN
NaN,NaN,NaN,NaN,NaN,0,0,NaN,0.505,0,0,NaN,NaN
NaN,NaN,NaN,NaN,NaN,0,0,NaN,0.505,0,0,NaN,NaN
NaN,NaN,NaN,NaN,NaN,NaN,NaN,NaN,-0.505,NaN,NaN,NaN,NaN
NaN,NaN,NaN,NaN,NaN,NaN,NaN,NaN,-0.505,NaN,NaN,NaN,NaN
6,4,4,1,4,1,5.06176846566494,1693384937.28328,-0.525,-0.01,-0.3,0,0
NaN,NaN,NaN,NaN,NaN,2,5.2033354687162,NaN,0.525,7.88,-0.3,0,NaN
NaN,NaN,NaN,NaN,NaN,3,7.83224105859875,NaN,-0.525,7.84,10.5,0,NaN
NaN,NaN,NaN,NaN,NaN,4,12.2157562189166,NaN,0.525,0,15.1,0,NaN
NaN,NaN,NaN,NaN,NaN,0,0,NaN,0.505,0,0,NaN,NaN
NaN,NaN,NaN,NaN,NaN,0,0,NaN,0.505,0,0,NaN,NaN
NaN,NaN,NaN,NaN,NaN,NaN,NaN,NaN,-0.505,NaN,NaN,NaN,NaN
NaN,NaN,NaN,NaN,NaN,NaN,NaN,NaN,-0.505,NaN,NaN,NaN,NaN
6,4,4,4,4,1,5.23366028702666,1693384937.344,-0.525,-0.01,-0.3,0,0
NaN,NaN,NaN,NaN,NaN,2,6.4542311703254,NaN,0.525,7.88,-0.3,0,NaN
NaN,NaN,NaN,NaN,NaN,3,7.66140326572097,NaN,-0.525,7.84,10.5,0,NaN
NaN,NaN,NaN,NaN,NaN,4,10.9629922922531,NaN,0.525,0,15.1,0,NaN
NaN,NaN,NaN,NaN,NaN,0,0,NaN,0.505,0,0,NaN,NaN
NaN,NaN,NaN,NaN,NaN,0,0,NaN,0.505,0,0,NaN,NaN
NaN,NaN,NaN,NaN,NaN,NaN,NaN,NaN,-0.505,NaN,NaN,NaN,NaN
NaN,NaN,NaN,NaN,NaN,NaN,NaN,NaN,-0.505,NaN,NaN,NaN,NaN
6,4,4,3,4,1,5.79910337897161,1693384937.34558,-0.525,-0.01,-0.3,0,0
NaN,NaN,NaN,NaN,NaN,2,5.99071782009468,NaN,0.525,7.88,-0.3,0,NaN
NaN,NaN,NaN,NaN,NaN,3,7.04806356384504,NaN,-0.525,7.84,10.5,0,NaN
NaN,NaN,NaN,NaN,NaN,4,11.2035708593287,NaN,0.525,0,15.1,0,NaN
NaN,NaN,NaN,NaN,NaN,0,0,NaN,0.505,0,0,NaN,NaN
NaN,NaN,NaN,NaN,NaN,0,0,NaN,0.505,0,0,NaN,NaN
NaN,NaN,NaN,NaN,NaN,NaN,NaN,NaN,-0.505,NaN,NaN,NaN,NaN
NaN,NaN,NaN,NaN,NaN,NaN,NaN,NaN,-0.505,NaN,NaN,NaN,NaN
6,4,4,2,4,1,4.24066032593982,1693384937.374,-0.525,-0.01,-0.3,0,0
NaN,NaN,NaN,NaN,NaN,2,5.85962456135203,NaN,0.525,7.88,-0.3,0,NaN
NaN,NaN,NaN,NaN,NaN,3,8.35459155195513,NaN,-0.525,7.84,10.5,0,NaN
NaN,NaN,NaN,NaN,NaN,4,11.7648289405329,NaN,0.525,0,15.1,0,NaN
NaN,NaN,NaN,NaN,NaN,0,0,NaN,0.505,0,0,NaN,NaN
NaN,NaN,NaN,NaN,NaN,0,0,NaN,0.505,0,0,NaN,NaN
NaN,NaN,NaN,NaN,NaN,NaN,NaN,NaN,-0.505,NaN,NaN,NaN,NaN
NaN,NaN,NaN,NaN,NaN,NaN,NaN,NaN,-0.505,NaN,NaN,NaN,NaN
6,4,4,1,4,1,5.06176846566494,1693384937.38202,-0.525,-0.01,-0.3,0,0
NaN,NaN,NaN,NaN,NaN,2,5.1831168229165,NaN,0.525,7.88,-0.3,0,NaN
NaN,NaN,NaN,NaN,NaN,3,7.86238513429608,NaN,-0.525,7.84,10.5,0,NaN
NaN,NaN,NaN,NaN,NaN,4,12.1856965332311,NaN,0.525,0,15.1,0,NaN
NaN,NaN,NaN,NaN,NaN,0,0,NaN,0.505,0,0,NaN,NaN
NaN,NaN,NaN,NaN,NaN,0,0,NaN,0.505,0,0,NaN,NaN
NaN,NaN,NaN,NaN,NaN,NaN,NaN,NaN,-0.505,NaN,NaN,NaN,NaN
NaN,NaN,NaN,NaN,NaN,NaN,NaN,NaN,-0.505,NaN,NaN,NaN,NaN
6,4,4,4,4,1,5.21344415909483,1693384937.44297,-0.525,-0.01,-0.3,0,0
NaN,NaN,NaN,NaN,NaN,2,6.46430197314451,NaN,0.525,7.88,-0.3,0,NaN
NaN,NaN,NaN,NaN,NaN,3,7.59104735856654,NaN,-0.525,7.84,10.5,0,NaN
NaN,NaN,NaN,NaN,NaN,4,10.9429429314056,NaN,0.525,0,15.1,0,NaN
NaN,NaN,NaN,NaN,NaN,0,0,NaN,0.505,0,0,NaN,NaN
NaN,NaN,NaN,NaN,NaN,0,0,NaN,0.505,0,0,NaN,NaN
NaN,NaN,NaN,NaN,NaN,NaN,NaN,NaN,-0.505,NaN,NaN,NaN,NaN
NaN,NaN,NaN,NaN,NaN,NaN,NaN,NaN,-0.505,NaN,NaN,NaN,NaN
6,4,4,3,4,1,5.80919099358938,1693384937.44696,-0.525,-0.01,-0.3,0,0
NaN,NaN,NaN,NaN,NaN,2,5.99071782009468,NaN,0.525,7.88,-0.3,0,NaN
NaN,NaN,NaN,NaN,NaN,3,7.08830021937559,NaN,-0.525,7.84,10.5,0,NaN
NaN,NaN,NaN,NaN,NaN,4,11.3238509350839,NaN,0.525,0,15.1,0,NaN
NaN,NaN,NaN,NaN,NaN,0,0,NaN,0.505,0,0,NaN,NaN
NaN,NaN,NaN,NaN,NaN,0,0,NaN,0.505,0,0,NaN,NaN
NaN,NaN,NaN,NaN,NaN,NaN,NaN,NaN,-0.505,NaN,NaN,NaN,NaN
NaN,NaN,NaN,NaN,NaN,NaN,NaN,NaN,-0.505,NaN,NaN,NaN,NaN
6,4,4,2,4,1,4.2711473868271,1693384937.47559,-0.525,-0.01,-0.3,0,0
NaN,NaN,NaN,NaN,NaN,2,5.87979591482562,NaN,0.525,7.88,-0.3,0,NaN
NaN,NaN,NaN,NaN,NaN,3,8.28429236567614,NaN,-0.525,7.84,10.5,0,NaN
NaN,NaN,NaN,NaN,NaN,4,11.82495665954,NaN,0.525,0,15.1,0,NaN
NaN,NaN,NaN,NaN,NaN,0,0,NaN,0.505,0,0,NaN,NaN
NaN,NaN,NaN,NaN,NaN,0,0,NaN,0.505,0,0,NaN,NaN
NaN,NaN,NaN,NaN,NaN,NaN,NaN,NaN,-0.505,NaN,NaN,NaN,NaN
NaN,NaN,NaN,NaN,NaN,NaN,NaN,NaN,-0.505,NaN,NaN,NaN,NaN
6,4,4,1,4,1,5.01118748402013,1693384937.48209,-0.525,-0.01,-0.3,0,0
NaN,NaN,NaN,NaN,NaN,2,5.19322635747759,NaN,0.525,7.88,-0.3,0,NaN
NaN,NaN,NaN,NaN,NaN,3,7.79204722778295,NaN,-0.525,7.84,10.5,0,NaN
NaN,NaN,NaN,NaN,NaN,4,12.2057363563203,NaN,0.525,0,15.1,0,NaN
NaN,NaN,NaN,NaN,NaN,0,0,NaN,0.505,0,0,NaN,NaN
NaN,NaN,NaN,NaN,NaN,0,0,NaN,0.505,0,0,NaN,NaN
NaN,NaN,NaN,NaN,NaN,NaN,NaN,NaN,-0.505,NaN,NaN,NaN,NaN
NaN,NaN,NaN,NaN,NaN,NaN,NaN,NaN,-0.505,NaN,NaN,NaN,NaN
6,4,4,4,4,1,5.21344415909483,1693384937.54449,-0.525,-0.01,-0.3,0,0
NaN,NaN,NaN,NaN,NaN,2,6.50458299970106,NaN,0.525,7.88,-0.3,0,NaN
NaN,NaN,NaN,NaN,NaN,3,7.66140326572097,NaN,-0.525,7.84,10.5,0,NaN
NaN,NaN,NaN,NaN,NaN,4,10.9128685504775,NaN,0.525,0,15.1,0,NaN
NaN,NaN,NaN,NaN,NaN,0,0,NaN,0.505,0,0,NaN,NaN
NaN,NaN,NaN,NaN,NaN,0,0,NaN,0.505,0,0,NaN,NaN
NaN,NaN,NaN,NaN,NaN,NaN,NaN,NaN,-0.505,NaN,NaN,NaN,NaN
NaN,NaN,NaN,NaN,NaN,NaN,NaN,NaN,-0.505,NaN,NaN,NaN,NaN
6,4,4,3,4,1,5.82936531708213,1693384937.54624,-0.525,-0.01,-0.3,0,0
NaN,NaN,NaN,NaN,NaN,2,6.01088179887111,NaN,0.525,7.88,-0.3,0,NaN
NaN,NaN,NaN,NaN,NaN,3,7.01788429656688,NaN,-0.525,7.84,10.5,0,NaN
NaN,NaN,NaN,NaN,NaN,4,11.2737349622918,NaN,0.525,0,15.1,0,NaN
NaN,NaN,NaN,NaN,NaN,0,0,NaN,0.505,0,0,NaN,NaN
NaN,NaN,NaN,NaN,NaN,0,0,NaN,0.505,0,0,NaN,NaN
NaN,NaN,NaN,NaN,NaN,NaN,NaN,NaN,-0.505,NaN,NaN,NaN,NaN
NaN,NaN,NaN,NaN,NaN,NaN,NaN,NaN,-0.505,NaN,NaN,NaN,NaN
6,4,4,2,4,1,4.24066032593982,1693384937.57412,-0.525,-0.01,-0.3,0,0
NaN,NaN,NaN,NaN,NaN,2,5.84953844333038,NaN,0.525,7.88,-0.3,0,NaN
NaN,NaN,NaN,NaN,NaN,3,8.29433541641523,NaN,-0.525,7.84,10.5,0,NaN
NaN,NaN,NaN,NaN,NaN,4,11.82495665954,NaN,0.525,0,15.1,0,NaN
NaN,NaN,NaN,NaN,NaN,0,0,NaN,0.505,0,0,NaN,NaN
NaN,NaN,NaN,NaN,NaN,0,0,NaN,0.505,0,0,NaN,NaN
NaN,NaN,NaN,NaN,NaN,NaN,NaN,NaN,-0.505,NaN,NaN,NaN,NaN
NaN,NaN,NaN,NaN,NaN,NaN,NaN,NaN,-0.505,NaN,NaN,NaN,NaN
6,4,4,1,4,1,5.03142127037679,1693384937.58207,-0.525,-0.01,-0.3,0,0
NaN,NaN,NaN,NaN,NaN,2,5.15278565438152,NaN,0.525,7.88,-0.3,0,NaN
NaN,NaN,NaN,NaN,NaN,3,7.80209587226407,NaN,-0.525,7.84,10.5,0,NaN
NaN,NaN,NaN,NaN,NaN,4,12.1456164932045,NaN,0.525,0,15.1,0,NaN
NaN,NaN,NaN,NaN,NaN,0,0,NaN,0.505,0,0,NaN,NaN
NaN,NaN,NaN,NaN,NaN,0,0,NaN,0.505,0,0,NaN,NaN
NaN,NaN,NaN,NaN,NaN,NaN,NaN,NaN,-0.505,NaN,NaN,NaN,NaN
NaN,NaN,NaN,NaN,NaN,NaN,NaN,NaN,-0.505,NaN,NaN,NaN,NaN
6,4,4,4,4,1,5.21344415909483,1693384937.64346,-0.525,-0.01,-0.3,0,0
NaN,NaN,NaN,NaN,NaN,2,6.49451306873733,NaN,0.525,7.88,-0.3,0,NaN
NaN,NaN,NaN,NaN,NaN,3,7.62120069280425,NaN,-0.525,7.84,10.5,0,NaN
NaN,NaN,NaN,NaN,NaN,4,10.872768736619,NaN,0.525,0,15.1,0,NaN
NaN,NaN,NaN,NaN,NaN,0,0,NaN,0.505,0,0,NaN,NaN
NaN,NaN,NaN,NaN,NaN,0,0,NaN,0.505,0,0,NaN,NaN
NaN,NaN,NaN,NaN,NaN,NaN,NaN,NaN,-0.505,NaN,NaN,NaN,NaN
NaN,NaN,NaN,NaN,NaN,NaN,NaN,NaN,-0.505,NaN,NaN,NaN,NaN
6,4,4,3,4,1,5.79910337897161,1693384937.64628,-0.525,-0.01,-0.3,0,0
NaN,NaN,NaN,NaN,NaN,2,6.02096337806501,NaN,0.525,7.88,-0.3,0,NaN
NaN,NaN,NaN,NaN,NaN,3,6.98770348540921,NaN,-0.525,7.84,10.5,0,NaN
NaN,NaN,NaN,NaN,NaN,4,11.2536882842915,NaN,0.525,0,15.1,0,NaN
NaN,NaN,NaN,NaN,NaN,0,0,NaN,0.505,0,0,NaN,NaN
NaN,NaN,NaN,NaN,NaN,0,0,NaN,0.505,0,0,NaN,NaN
NaN,NaN,NaN,NaN,NaN,NaN,NaN,NaN,-0.505,NaN,NaN,NaN,NaN
NaN,NaN,NaN,NaN,NaN,NaN,NaN,NaN,-0.505,NaN,NaN,NaN,NaN
6,4,4,2,4,1,4.2609858014314,1693384937.67418,-0.525,-0.01,-0.3,0,0
NaN,NaN,NaN,NaN,NaN,2,5.88988115330012,NaN,0.525,7.88,-0.3,0,NaN
NaN,NaN,NaN,NaN,NaN,3,8.34454911903573,NaN,-0.525,7.84,10.5,0,NaN
NaN,NaN,NaN,NaN,NaN,4,11.8049142309464,NaN,0.525,0,15.1,0,NaN
NaN,NaN,NaN,NaN,NaN,0,0,NaN,0.505,0,0,NaN,NaN
NaN,NaN,NaN,NaN,NaN,0,0,NaN,0.505,0,0,NaN,NaN
NaN,NaN,NaN,NaN,NaN,NaN,NaN,NaN,-0.505,NaN,NaN,NaN,NaN
NaN,NaN,NaN,NaN,NaN,NaN,NaN,NaN,-0.505,NaN,NaN,NaN,NaN
6,4,4,1,4,2,5.22355243105686,1693384937.68218,-0.525,-0.01,-0.3,0,0
NaN,NaN,NaN,NaN,NaN,1,4.99095181303126,NaN,0.525,7.88,-0.3,0,NaN
NaN,NaN,NaN,NaN,NaN,3,7.8925281120817,NaN,-0.525,7.84,10.5,0,NaN
NaN,NaN,NaN,NaN,NaN,4,12.2357958466133,NaN,0.525,0,15.1,0,NaN
NaN,NaN,NaN,NaN,NaN,0,0,NaN,0.505,0,0,NaN,NaN
NaN,NaN,NaN,NaN,NaN,0,0,NaN,0.505,0,0,NaN,NaN
NaN,NaN,NaN,NaN,NaN,NaN,NaN,NaN,-0.505,NaN,NaN,NaN,NaN
NaN,NaN,NaN,NaN,NaN,NaN,NaN,NaN,-0.505,NaN,NaN,NaN,NaN
6,4,4,4,4,1,5.23366028702666,1693384937.74347,-0.525,-0.01,-0.3,0,0
NaN,NaN,NaN,NaN,NaN,2,6.50458299970106,NaN,0.525,7.88,-0.3,0,NaN
NaN,NaN,NaN,NaN,NaN,3,7.65135282156038,NaN,-0.525,7.84,10.5,0,NaN
NaN,NaN,NaN,NaN,NaN,4,10.8928187352953,NaN,0.525,0,15.1,0,NaN
NaN,NaN,NaN,NaN,NaN,0,0,NaN,0.505,0,0,NaN,NaN
NaN,NaN,NaN,NaN,NaN,0,0,NaN,0.505,0,0,NaN,NaN
NaN,NaN,NaN,NaN,NaN,NaN,NaN,NaN,-0.505,NaN,NaN,NaN,NaN
NaN,NaN,NaN,NaN,NaN,NaN,NaN,NaN,-0.505,NaN,NaN,NaN,NaN
6,4,4,3,4,1,5.81927830576954,1693384937.74568,-0.525,-0.01,-0.3,0,0
NaN,NaN,NaN,NaN,NaN,2,6.00079994667378,NaN,0.525,7.88,-0.3,0,NaN
NaN,NaN,NaN,NaN,NaN,3,7.01788429656688,NaN,-0.525,7.84,10.5,0,NaN
NaN,NaN,NaN,NaN,NaN,4,11.2436648829463,NaN,0.525,0,15.1,0,NaN
NaN,NaN,NaN,NaN,NaN,0,0,NaN,0.505,0,0,NaN,NaN
NaN,NaN,NaN,NaN,NaN,0,0,NaN,0.505,0,0,NaN,NaN
NaN,NaN,NaN,NaN,NaN,NaN,NaN,NaN,-0.505,NaN,NaN,NaN,NaN
NaN,NaN,NaN,NaN,NaN,NaN,NaN,NaN,-0.505,NaN,NaN,NaN,NaN
6,4,4,2,4,1,4.25082344963891,1693384937.77698,-0.525,-0.01,-0.3,0,0
NaN,NaN,NaN,NaN,NaN,2,5.86971038467828,NaN,0.525,7.88,-0.3,0,NaN
NaN,NaN,NaN,NaN,NaN,3,8.35459155195513,NaN,-0.525,7.84,10.5,0,NaN
NaN,NaN,NaN,NaN,NaN,4,11.8049142309464,NaN,0.525,0,15.1,0,NaN
NaN,NaN,NaN,NaN,NaN,0,0,NaN,0.505,0,0,NaN,NaN
NaN,NaN,NaN,NaN,NaN,0,0,NaN,0.505,0,0,NaN,NaN
NaN,NaN,NaN,NaN,NaN,NaN,NaN,NaN,-0.505,NaN,NaN,NaN,NaN
NaN,NaN,NaN,NaN,NaN,NaN,NaN,NaN,-0.505,NaN,NaN,NaN,NaN
6,4,4,1,4,1,5.0415374639092,1693384937.78159,-0.525,-0.01,-0.3,0,0
NaN,NaN,NaN,NaN,NaN,2,5.15278565438152,NaN,0.525,7.88,-0.3,0,NaN
NaN,NaN,NaN,NaN,NaN,3,7.7819984579798,NaN,-0.525,7.84,10.5,0,NaN
NaN,NaN,NaN,NaN,NaN,4,12.2157562189166,NaN,0.525,0,15.1,0,NaN
NaN,NaN,NaN,NaN,NaN,0,0,NaN,0.505,0,0,NaN,NaN
NaN,NaN,NaN,NaN,NaN,0,0,NaN,0.505,0,0,NaN,NaN
NaN,NaN,NaN,NaN,NaN,NaN,NaN,NaN,-0.505,NaN,NaN,NaN,NaN
NaN,NaN,NaN,NaN,NaN,NaN,NaN,NaN,-0.505,NaN,NaN,NaN,NaN
6,4,4,4,4,1,5.24376772940984,1693384937.84298,-0.525,-0.01,-0.3,0,0
NaN,NaN,NaN,NaN,NaN,2,6.50458299970106,NaN,0.525,7.88,-0.3,0,NaN
NaN,NaN,NaN,NaN,NaN,3,7.60109860480707,NaN,-0.525,7.84,10.5,0,NaN
NaN,NaN,NaN,NaN,NaN,4,10.9128685504775,NaN,0.525,0,15.1,0,NaN
NaN,NaN,NaN,NaN,NaN,0,0,NaN,0.505,0,0,NaN,NaN
NaN,NaN,NaN,NaN,NaN,0,0,NaN,0.505,0,0,NaN,NaN
NaN,NaN,NaN,NaN,NaN,NaN,NaN,NaN,-0.505,NaN,NaN,NaN,NaN
NaN,NaN,NaN,NaN,NaN,NaN,NaN,NaN,-0.505,NaN,NaN,NaN,NaN
6,4,4,3,4,1,5.80919099358938,1693384937.84559,-0.525,-0.01,-0.3,0,0
NaN,NaN,NaN,NaN,NaN,2,6.03104468562454,NaN,0.525,7.88,-0.3,0,NaN
NaN,NaN,NaN,NaN,NaN,3,7.05812297994304,NaN,-0.525,7.84,10.5,0,NaN
NaN,NaN,NaN,NaN,NaN,4,11.3038046692253,NaN,0.525,0,15.1,0,NaN
NaN,NaN,NaN,NaN,NaN,0,0,NaN,0.505,0,0,NaN,NaN
NaN,NaN,NaN,NaN,NaN,0,0,NaN,0.505,0,0,NaN,NaN
NaN,NaN,NaN,NaN,NaN,NaN,NaN,NaN,-0.505,NaN,NaN,NaN,NaN
NaN,NaN,NaN,NaN,NaN,NaN,NaN,NaN,-0.505,NaN,NaN,NaN,NaN
6,4,4,2,4,1,4.24066032593982,1693384937.8754,-0.525,-0.01,-0.3,0,0
NaN,NaN,NaN,NaN,NaN,2,5.86971038467828,NaN,0.525,7.88,-0.3,0,NaN
NaN,NaN,NaN,NaN,NaN,3,8.36463388320134,NaN,-0.525,7.84,10.5,0,NaN
NaN,NaN,NaN,NaN,NaN,4,11.82495665954,NaN,0.525,0,15.1,0,NaN
NaN,NaN,NaN,NaN,NaN,0,0,NaN,0.505,0,0,NaN,NaN
NaN,NaN,NaN,NaN,NaN,0,0,NaN,0.505,0,0,NaN,NaN
NaN,NaN,NaN,NaN,NaN,NaN,NaN,NaN,-0.505,NaN,NaN,NaN,NaN
NaN,NaN,NaN,NaN,NaN,NaN,NaN,NaN,-0.505,NaN,NaN,NaN,NaN
6,4,4,1,4,2,5.23366028702666,1693384937.88127,-0.525,-0.01,-0.3,0,0
NaN,NaN,NaN,NaN,NaN,1,5.03142127037679,NaN,0.525,7.88,-0.3,0,NaN
NaN,NaN,NaN,NaN,NaN,3,7.81214439190674,NaN,-0.525,7.84,10.5,0,NaN
NaN,NaN,NaN,NaN,NaN,4,12.1957164611186,NaN,0.525,0,15.1,0,NaN
NaN,NaN,NaN,NaN,NaN,0,0,NaN,0.505,0,0,NaN,NaN
NaN,NaN,NaN,NaN,NaN,0,0,NaN,0.505,0,0,NaN,NaN
NaN,NaN,NaN,NaN,NaN,NaN,NaN,NaN,-0.505,NaN,NaN,NaN,NaN
NaN,NaN,NaN,NaN,NaN,NaN,NaN,NaN,-0.505,NaN,NaN,NaN,NaN
6,4,4,4,4,1,5.22355243105686,1693384937.94495,-0.525,-0.01,-0.3,0,0
NaN,NaN,NaN,NaN,NaN,2,6.54486057911091,NaN,0.525,7.88,-0.3,0,NaN
NaN,NaN,NaN,NaN,NaN,3,7.69155380921176,NaN,-0.525,7.84,10.5,0,NaN
NaN,NaN,NaN,NaN,NaN,4,10.9028436657599,NaN,0.525,0,15.1,0,NaN
NaN,NaN,NaN,NaN,NaN,0,0,NaN,0.505,0,0,NaN,NaN
NaN,NaN,NaN,NaN,NaN,0,0,NaN,0.505,0,0,NaN,NaN
NaN,NaN,NaN,NaN,NaN,NaN,NaN,NaN,-0.505,NaN,NaN,NaN,NaN
NaN,NaN,NaN,NaN,NaN,NaN,NaN,NaN,-0.505,NaN,NaN,NaN,NaN
6,4,4,3,4,1,5.75874986433688,1693384937.94628,-0.525,-0.01,-0.3,0,0
NaN,NaN,NaN,NaN,NaN,2,5.99071782009468,NaN,0.525,7.88,-0.3,0,NaN
NaN,NaN,NaN,NaN,NaN,3,7.09835896528205,NaN,-0.525,7.84,10.5,0,NaN
NaN,NaN,NaN,NaN,NaN,4,11.223617955009,NaN,0.525,0,15.1,0,NaN
NaN,NaN,NaN,NaN,NaN,0,0,NaN,0.505,0,0,NaN,NaN
NaN,NaN,NaN,NaN,NaN,0,0,NaN,0.505,0,0,NaN,NaN
NaN,NaN,NaN,NaN,NaN,NaN,NaN,NaN,-0.505,NaN,NaN,NaN,NaN
NaN,NaN,NaN,NaN,NaN,NaN,NaN,NaN,-0.505,NaN,NaN,NaN,NaN
6,4,4,2,4,1,4.23049642477097,1693384937.97455,-0.525,-0.01,-0.3,0,0
NaN,NaN,NaN,NaN,NaN,2,5.88988115330012,NaN,0.525,7.88,-0.3,0,NaN
NaN,NaN,NaN,NaN,NaN,3,8.29433541641523,NaN,-0.525,7.84,10.5,0,NaN
NaN,NaN,NaN,NaN,NaN,4,11.7247430675474,NaN,0.525,0,15.1,0,NaN
NaN,NaN,NaN,NaN,NaN,0,0,NaN,0.505,0,0,NaN,NaN
NaN,NaN,NaN,NaN,NaN,0,0,NaN,0.505,0,0,NaN,NaN
NaN,NaN,NaN,NaN,NaN,NaN,NaN,NaN,-0.505,NaN,NaN,NaN,NaN
NaN,NaN,NaN,NaN,NaN,NaN,NaN,NaN,-0.505,NaN,NaN,NaN,NaN
6,4,4,1,3,2,5.16289647387975,1693384937.98175,-0.525,-0.01,-0.3,0,0
NaN,NaN,NaN,NaN,NaN,3,7.84228920660288,NaN,0.525,7.88,-0.3,0,NaN
NaN,NaN,NaN,NaN,NaN,4,12.2157562189166,NaN,-0.525,7.84,10.5,0,NaN
NaN,NaN,NaN,NaN,NaN,0,0,NaN,0.525,0,15.1,0,NaN
NaN,NaN,NaN,NaN,NaN,0,0,NaN,0.505,0,0,NaN,NaN
NaN,NaN,NaN,NaN,NaN,0,0,NaN,0.505,0,0,NaN,NaN
NaN,NaN,NaN,NaN,NaN,NaN,NaN,NaN,-0.505,NaN,NaN,NaN,NaN
NaN,NaN,NaN,NaN,NaN,NaN,NaN,NaN,-0.505,NaN,NaN,NaN,NaN
6,4,4,4,4,1,5.23366028702666,1693384938.04368,-0.525,-0.01,-0.3,0,0
NaN,NaN,NaN,NaN,NaN,2,6.50458299970106,NaN,0.525,7.88,-0.3,0,NaN
NaN,NaN,NaN,NaN,NaN,3,7.68150375903052,NaN,-0.525,7.84,10.5,0,NaN
NaN,NaN,NaN,NaN,NaN,4,10.9128685504775,NaN,0.525,0,15.1,0,NaN
NaN,NaN,NaN,NaN,NaN,0,0,NaN,0.505,0,0,NaN,NaN
NaN,NaN,NaN,NaN,NaN,0,0,NaN,0.505,0,0,NaN,NaN
NaN,NaN,NaN,NaN,NaN,NaN,NaN,NaN,-0.505,NaN,NaN,NaN,NaN
NaN,NaN,NaN,NaN,NaN,NaN,NaN,NaN,-0.505,NaN,NaN,NaN,NaN
6,4,4,3,4,1,5.81927830576954,1693384938.04583,-0.525,-0.01,-0.3,0,0
NaN,NaN,NaN,NaN,NaN,2,6.03104468562454,NaN,0.525,7.88,-0.3,0,NaN
NaN,NaN,NaN,NaN,NaN,3,7.00782419870818,NaN,-0.525,7.84,10.5,0,NaN
NaN,NaN,NaN,NaN,NaN,4,11.2436648829463,NaN,0.525,0,15.1,0,NaN
NaN,NaN,NaN,NaN,NaN,0,0,NaN,0.505,0,0,NaN,NaN
NaN,NaN,NaN,NaN,NaN,0,0,NaN,0.505,0,0,NaN,NaN
NaN,NaN,NaN,NaN,NaN,NaN,NaN,NaN,-0.505,NaN,NaN,NaN,NaN
NaN,NaN,NaN,NaN,NaN,NaN,NaN,NaN,-0.505,NaN,NaN,NaN,NaN
6,4,4,2,4,1,4.2711473868271,1693384938.07396,-0.525,-0.01,-0.3,0,0
NaN,NaN,NaN,NaN,NaN,2,5.85962456135203,NaN,0.525,7.88,-0.3,0,NaN
NaN,NaN,NaN,NaN,NaN,3,8.32446394670552,NaN,-0.525,7.84,10.5,0,NaN
NaN,NaN,NaN,NaN,NaN,4,11.8049142309464,NaN,0.525,0,15.1,0,NaN
NaN,NaN,NaN,NaN,NaN,0,0,NaN,0.505,0,0,NaN,NaN
NaN,NaN,NaN,NaN,NaN,0,0,NaN,0.505,0,0,NaN,NaN
NaN,NaN,NaN,NaN,NaN,NaN,NaN,NaN,-0.505,NaN,NaN,NaN,NaN
NaN,NaN,NaN,NaN,NaN,NaN,NaN,NaN,-0.505,NaN,NaN,NaN,NaN
6,4,4,1,4,2,5.23366028702666,1693384938.07529,-0.525,-0.01,-0.3,0,0
NaN,NaN,NaN,NaN,NaN,1,5.03142127037679,NaN,0.525,7.88,-0.3,0,NaN
NaN,NaN,NaN,NaN,NaN,3,7.76190054046044,NaN,-0.525,7.84,10.5,0,NaN
NaN,NaN,NaN,NaN,NaN,4,12.1456164932045,NaN,0.525,0,15.1,0,NaN
NaN,NaN,NaN,NaN,NaN,0,0,NaN,0.505,0,0,NaN,NaN
NaN,NaN,NaN,NaN,NaN,0,0,NaN,0.505,0,0,NaN,NaN
NaN,NaN,NaN,NaN,NaN,NaN,NaN,NaN,-0.505,NaN,NaN,NaN,NaN
NaN,NaN,NaN,NaN,NaN,NaN,NaN,NaN,-0.505,NaN,NaN,NaN,NaN
6,4,4,4,4,1,5.2033354687162,1693384938.14352,-0.525,-0.01,-0.3,0,0
NaN,NaN,NaN,NaN,NaN,2,6.46430197314451,NaN,0.525,7.88,-0.3,0,NaN
NaN,NaN,NaN,NaN,NaN,3,7.7116535191877,NaN,-0.525,7.84,10.5,0,NaN
NaN,NaN,NaN,NaN,NaN,4,10.9930659963452,NaN,0.525,0,15.1,0,NaN
NaN,NaN,NaN,NaN,NaN,0,0,NaN,0.505,0,0,NaN,NaN
NaN,NaN,NaN,NaN,NaN,0,0,NaN,0.505,0,0,NaN,NaN
NaN,NaN,NaN,NaN,NaN,NaN,NaN,NaN,-0.505,NaN,NaN,NaN,NaN
NaN,NaN,NaN,NaN,NaN,NaN,NaN,NaN,-0.505,NaN,NaN,NaN,NaN
6,4,4,3,4,1,5.79910337897161,1693384938.14566,-0.525,-0.01,-0.3,0,0
NaN,NaN,NaN,NaN,NaN,2,5.98063541774618,NaN,0.525,7.88,-0.3,0,NaN
NaN,NaN,NaN,NaN,NaN,3,7.05812297994304,NaN,-0.525,7.84,10.5,0,NaN
NaN,NaN,NaN,NaN,NaN,4,11.2536882842915,NaN,0.525,0,15.1,0,NaN
NaN,NaN,NaN,NaN,NaN,0,0,NaN,0.505,0,0,NaN,NaN
NaN,NaN,NaN,NaN,NaN,0,0,NaN,0.505,0,0,NaN,NaN
NaN,NaN,NaN,NaN,NaN,NaN,NaN,NaN,-0.505,NaN,NaN,NaN,NaN
NaN,NaN,NaN,NaN,NaN,NaN,NaN,NaN,-0.505,NaN,NaN,NaN,NaN
6,4,4,2,4,1,4.23049642477097,1693384938.17496,-0.525,-0.01,-0.3,0,0
NaN,NaN,NaN,NaN,NaN,2,5.91005076120332,NaN,0.525,7.88,-0.3,0,NaN
NaN,NaN,NaN,NaN,NaN,3,8.36463388320134,NaN,-0.525,7.84,10.5,0,NaN
NaN,NaN,NaN,NaN,NaN,4,11.8149354632177,NaN,0.525,0,15.1,0,NaN
NaN,NaN,NaN,NaN,NaN,0,0,NaN,0.505,0,0,NaN,NaN
NaN,NaN,NaN,NaN,NaN,0,0,NaN,0.505,0,0,NaN,NaN
NaN,NaN,NaN,NaN,NaN,NaN,NaN,NaN,-0.505,NaN,NaN,NaN,NaN
NaN,NaN,NaN,NaN,NaN,NaN,NaN,NaN,-0.505,NaN,NaN,NaN,NaN
6,4,4,1,4,2,5.22355243105686,1693384938.18152,-0.525,-0.01,-0.3,0,0
NaN,NaN,NaN,NaN,NaN,1,5.02130461135351,NaN,0.525,7.88,-0.3,0,NaN
NaN,NaN,NaN,NaN,NaN,3,7.8925281120817,NaN,-0.525,7.84,10.5,0,NaN
NaN,NaN,NaN,NaN,NaN,4,12.1055359237004,NaN,0.525,0,15.1,0,NaN
NaN,NaN,NaN,NaN,NaN,0,0,NaN,0.505,0,0,NaN,NaN
NaN,NaN,NaN,NaN,NaN,0,0,NaN,0.505,0,0,NaN,NaN
NaN,NaN,NaN,NaN,NaN,NaN,NaN,NaN,-0.505,NaN,NaN,NaN,NaN
NaN,NaN,NaN,NaN,NaN,NaN,NaN,NaN,-0.505,NaN,NaN,NaN,NaN
6,4,4,4,4,1,5.23366028702666,1693384938.24322,-0.525,-0.01,-0.3,0,0
NaN,NaN,NaN,NaN,NaN,2,6.49451306873733,NaN,0.525,7.88,-0.3,0,NaN
NaN,NaN,NaN,NaN,NaN,3,7.63125153562638,NaN,-0.525,7.84,10.5,0,NaN
NaN,NaN,NaN,NaN,NaN,4,10.8527185534317,NaN,0.525,0,15.1,0,NaN
NaN,NaN,NaN,NaN,NaN,0,0,NaN,0.505,0,0,NaN,NaN
NaN,NaN,NaN,NaN,NaN,0,0,NaN,0.505,0,0,NaN,NaN
NaN,NaN,NaN,NaN,NaN,NaN,NaN,NaN,-0.505,NaN,NaN,NaN,NaN
NaN,NaN,NaN,NaN,NaN,NaN,NaN,NaN,-0.505,NaN,NaN,NaN,NaN
6,4,4,3,4,1,5.84953844333038,1693384938.2457,-0.525,-0.01,-0.3,0,0
NaN,NaN,NaN,NaN,NaN,2,5.98063541774618,NaN,0.525,7.88,-0.3,0,NaN
NaN,NaN,NaN,NaN,NaN,3,7.00782419870818,NaN,-0.525,7.84,10.5,0,NaN
NaN,NaN,NaN,NaN,NaN,4,11.2637116440363,NaN,0.525,0,15.1,0,NaN
NaN,NaN,NaN,NaN,NaN,0,0,NaN,0.505,0,0,NaN,NaN
NaN,NaN,NaN,NaN,NaN,0,0,NaN,0.505,0,0,NaN,NaN
NaN,NaN,NaN,NaN,NaN,NaN,NaN,NaN,-0.505,NaN,NaN,NaN,NaN
NaN,NaN,NaN,NaN,NaN,NaN,NaN,NaN,-0.505,NaN,NaN,NaN,NaN
6,4,4,2,4,1,4.25082344963891,1693384938.27583,-0.525,-0.01,-0.3,0,0
NaN,NaN,NaN,NaN,NaN,2,5.91005076120332,NaN,0.525,7.88,-0.3,0,NaN
NaN,NaN,NaN,NaN,NaN,3,8.34454911903573,NaN,-0.525,7.84,10.5,0,NaN
NaN,NaN,NaN,NaN,NaN,4,11.8149354632177,NaN,0.525,0,15.1,0,NaN
NaN,NaN,NaN,NaN,NaN,0,0,NaN,0.505,0,0,NaN,NaN
NaN,NaN,NaN,NaN,NaN,0,0,NaN,0.505,0,0,NaN,NaN
NaN,NaN,NaN,NaN,NaN,NaN,NaN,NaN,-0.505,NaN,NaN,NaN,NaN
NaN,NaN,NaN,NaN,NaN,NaN,NaN,NaN,-0.505,NaN,NaN,NaN,NaN
6,4,4,1,4,2,5.1831168229165,1693384938.28216,-0.525,-0.01,-0.3,0,0
NaN,NaN,NaN,NaN,NaN,1,5.00106988553449,NaN,0.525,7.88,-0.3,0,NaN
NaN,NaN,NaN,NaN,NaN,3,7.7819984579798,NaN,-0.525,7.84,10.5,0,NaN
NaN,NaN,NaN,NaN,NaN,4,12.1957164611186,NaN,0.525,0,15.1,0,NaN
NaN,NaN,NaN,NaN,NaN,0,0,NaN,0.505,0,0,NaN,NaN
NaN,NaN,NaN,NaN,NaN,0,0,NaN,0.505,0,0,NaN,NaN
NaN,NaN,NaN,NaN,NaN,NaN,NaN,NaN,-0.505,NaN,NaN,NaN,NaN
NaN,NaN,NaN,NaN,NaN,NaN,NaN,NaN,-0.505,NaN,NaN,NaN,NaN
6,4,4,4,4,1,5.23366028702666,1693384938.34541,-0.525,-0.01,-0.3,0,0
NaN,NaN,NaN,NaN,NaN,2,6.56499809596317,NaN,0.525,7.88,-0.3,0,NaN
NaN,NaN,NaN,NaN,NaN,3,7.69155380921176,NaN,-0.525,7.84,10.5,0,NaN
NaN,NaN,NaN,NaN,NaN,4,10.9128685504775,NaN,0.525,0,15.1,0,NaN
NaN,NaN,NaN,NaN,NaN,0,0,NaN,0.505,0,0,NaN,NaN
NaN,NaN,NaN,NaN,NaN,0,0,NaN,0.505,0,0,NaN,NaN
NaN,NaN,NaN,NaN,NaN,NaN,NaN,NaN,-0.505,NaN,NaN,NaN,NaN
NaN,NaN,NaN,NaN,NaN,NaN,NaN,NaN,-0.505,NaN,NaN,NaN,NaN
6,4,4,3,4,1,5.82936531708213,1693384938.34713,-0.525,-0.01,-0.3,0,0
NaN,NaN,NaN,NaN,NaN,2,6.01088179887111,NaN,0.525,7.88,-0.3,0,NaN
NaN,NaN,NaN,NaN,NaN,3,7.03800397840183,NaN,-0.525,7.84,10.5,0,NaN
NaN,NaN,NaN,NaN,NaN,4,11.2737349622918,NaN,0.525,0,15.1,0,NaN
NaN,NaN,NaN,NaN,NaN,0,0,NaN,0.505,0,0,NaN,NaN
NaN,NaN,NaN,NaN,NaN,0,0,NaN,0.505,0,0,NaN,NaN
NaN,NaN,NaN,NaN,NaN,NaN,NaN,NaN,-0.505,NaN,NaN,NaN,NaN
NaN,NaN,NaN,NaN,NaN,NaN,NaN,NaN,-0.505,NaN,NaN,NaN,NaN
6,4,4,2,4,1,4.21016626750061,1693384938.37541,-0.525,-0.01,-0.3,0,0
NaN,NaN,NaN,NaN,NaN,2,5.88988115330012,NaN,0.525,7.88,-0.3,0,NaN
NaN,NaN,NaN,NaN,NaN,3,8.33450658407563,NaN,-0.525,7.84,10.5,0,NaN
NaN,NaN,NaN,NaN,NaN,4,11.8149354632177,NaN,0.525,0,15.1,0,NaN
NaN,NaN,NaN,NaN,NaN,0,0,NaN,0.505,0,0,NaN,NaN
NaN,NaN,NaN,NaN,NaN,0,0,NaN,0.505,0,0,NaN,NaN
NaN,NaN,NaN,NaN,NaN,NaN,NaN,NaN,-0.505,NaN,NaN,NaN,NaN
NaN,NaN,NaN,NaN,NaN,NaN,NaN,NaN,-0.505,NaN,NaN,NaN,NaN
6,4,4,1,4,1,5.03142127037679,1693384938.38284,-0.525,-0.01,-0.3,0,0
NaN,NaN,NaN,NaN,NaN,2,5.17300686255103,NaN,0.525,7.88,-0.3,0,NaN
NaN,NaN,NaN,NaN,NaN,3,7.86238513429608,NaN,-0.525,7.84,10.5,0,NaN
NaN,NaN,NaN,NaN,NaN,4,12.2157562189166,NaN,0.525,0,15.1,0,NaN
NaN,NaN,NaN,NaN,NaN,0,0,NaN,0.505,0,0,NaN,NaN
NaN,NaN,NaN,NaN,NaN,0,0,NaN,0.505,0,0,NaN,NaN
NaN,NaN,NaN,NaN,NaN,NaN,NaN,NaN,-0.505,NaN,NaN,NaN,NaN
NaN,NaN,NaN,NaN,NaN,NaN,NaN,NaN,-0.505,NaN,NaN,NaN,NaN
6,4,4,4,4,1,5.19322635747759,1693384938.4434,-0.525,-0.01,-0.3,0,0
NaN,NaN,NaN,NaN,NaN,2,6.50458299970106,NaN,0.525,7.88,-0.3,0,NaN
NaN,NaN,NaN,NaN,NaN,3,7.67145357803852,NaN,-0.525,7.84,10.5,0,NaN
NaN,NaN,NaN,NaN,NaN,4,10.9329181831751,NaN,0.525,0,15.1,0,NaN
NaN,NaN,NaN,NaN,NaN,0,0,NaN,0.505,0,0,NaN,NaN
NaN,NaN,NaN,NaN,NaN,0,0,NaN,0.505,0,0,NaN,NaN
NaN,NaN,NaN,NaN,NaN,NaN,NaN,NaN,-0.505,NaN,NaN,NaN,NaN
NaN,NaN,NaN,NaN,NaN,NaN,NaN,NaN,-0.505,NaN,NaN,NaN,NaN
6,4,4,3,4,1,5.80919099358938,1693384938.44538,-0.525,-0.01,-0.3,0,0
NaN,NaN,NaN,NaN,NaN,2,6.02096337806501,NaN,0.525,7.88,-0.3,0,NaN
NaN,NaN,NaN,NaN,NaN,3,7.02794422288623,NaN,-0.525,7.84,10.5,0,NaN
NaN,NaN,NaN,NaN,NaN,4,11.2737349622918,NaN,0.525,0,15.1,0,NaN
NaN,NaN,NaN,NaN,NaN,0,0,NaN,0.505,0,0,NaN,NaN
NaN,NaN,NaN,NaN,NaN,0,0,NaN,0.505,0,0,NaN,NaN
NaN,NaN,NaN,NaN,NaN,NaN,NaN,NaN,-0.505,NaN,NaN,NaN,NaN
NaN,NaN,NaN,NaN,NaN,NaN,NaN,NaN,-0.505,NaN,NaN,NaN,NaN
6,4,4,2,4,1,4.2711473868271,1693384938.47412,-0.525,-0.01,-0.3,0,0
NaN,NaN,NaN,NaN,NaN,2,5.87979591482562,NaN,0.525,7.88,-0.3,0,NaN
NaN,NaN,NaN,NaN,NaN,3,8.34454911903573,NaN,-0.525,7.84,10.5,0,NaN
NaN,NaN,NaN,NaN,NaN,4,11.8449989447024,NaN,0.525,0,15.1,0,NaN
NaN,NaN,NaN,NaN,NaN,0,0,NaN,0.505,0,0,NaN,NaN
NaN,NaN,NaN,NaN,NaN,0,0,NaN,0.505,0,0,NaN,NaN
NaN,NaN,NaN,NaN,NaN,NaN,NaN,NaN,-0.505,NaN,NaN,NaN,NaN
NaN,NaN,NaN,NaN,NaN,NaN,NaN,NaN,-0.505,NaN,NaN,NaN,NaN
6,4,4,1,4,2,5.22355243105686,1693384938.48142,-0.525,-0.01,-0.3,0,0
NaN,NaN,NaN,NaN,NaN,1,5.01118748402013,NaN,0.525,7.88,-0.3,0,NaN
NaN,NaN,NaN,NaN,NaN,3,7.7719495623685,NaN,-0.525,7.84,10.5,0,NaN
NaN,NaN,NaN,NaN,NaN,4,12.2257760489876,NaN,0.525,0,15.1,0,NaN
NaN,NaN,NaN,NaN,NaN,0,0,NaN,0.505,0,0,NaN,NaN
NaN,NaN,NaN,NaN,NaN,0,0,NaN,0.505,0,0,NaN,NaN
NaN,NaN,NaN,NaN,NaN,NaN,NaN,NaN,-0.505,NaN,NaN,NaN,NaN
NaN,NaN,NaN,NaN,NaN,NaN,NaN,NaN,-0.505,NaN,NaN,NaN,NaN
6,4,4,4,4,1,5.25387476059337,1693384938.54448,-0.525,-0.01,-0.3,0,0
NaN,NaN,NaN,NaN,NaN,2,6.55492944279342,NaN,0.525,7.88,-0.3,0,NaN
NaN,NaN,NaN,NaN,NaN,3,7.64130224503651,NaN,-0.525,7.84,10.5,0,NaN
NaN,NaN,NaN,NaN,NaN,4,10.8627436681531,NaN,0.525,0,15.1,0,NaN
NaN,NaN,NaN,NaN,NaN,0,0,NaN,0.505,0,0,NaN,NaN
NaN,NaN,NaN,NaN,NaN,0,0,NaN,0.505,0,0,NaN,NaN
NaN,NaN,NaN,NaN,NaN,NaN,NaN,NaN,-0.505,NaN,NaN,NaN,NaN
NaN,NaN,NaN,NaN,NaN,NaN,NaN,NaN,-0.505,NaN,NaN,NaN,NaN
6,4,4,3,4,1,5.81927830576954,1693384938.54708,-0.525,-0.01,-0.3,0,0
NaN,NaN,NaN,NaN,NaN,2,6.03104468562454,NaN,0.525,7.88,-0.3,0,NaN
NaN,NaN,NaN,NaN,NaN,3,7.04806356384504,NaN,-0.525,7.84,10.5,0,NaN
NaN,NaN,NaN,NaN,NaN,4,11.1935472483034,NaN,0.525,0,15.1,0,NaN
NaN,NaN,NaN,NaN,NaN,0,0,NaN,0.505,0,0,NaN,NaN
NaN,NaN,NaN,NaN,NaN,0,0,NaN,0.505,0,0,NaN,NaN
NaN,NaN,NaN,NaN,NaN,NaN,NaN,NaN,-0.505,NaN,NaN,NaN,NaN
NaN,NaN,NaN,NaN,NaN,NaN,NaN,NaN,-0.505,NaN,NaN,NaN,NaN
6,4,4,2,4,1,4.22033174051519,1693384938.57427,-0.525,-0.01,-0.3,0,0
NaN,NaN,NaN,NaN,NaN,2,5.87979591482562,NaN,0.525,7.88,-0.3,0,NaN
NaN,NaN,NaN,NaN,NaN,3,8.36463388320134,NaN,-0.525,7.84,10.5,0,NaN
NaN,NaN,NaN,NaN,NaN,4,11.8049142309464,NaN,0.525,0,15.1,0,NaN
NaN,NaN,NaN,NaN,NaN,0,0,NaN,0.505,0,0,NaN,NaN
NaN,NaN,NaN,NaN,NaN,0,0,NaN,0.505,0,0,NaN,NaN
NaN,NaN,NaN,NaN,NaN,NaN,NaN,NaN,-0.505,NaN,NaN,NaN,NaN
NaN,NaN,NaN,NaN,NaN,NaN,NaN,NaN,-0.505,NaN,NaN,NaN,NaN
6,4,4,1,4,1,5.05165319474724,1693384938.58165,-0.525,-0.01,-0.3,0,0
NaN,NaN,NaN,NaN,NaN,2,5.14267440151523,NaN,0.525,7.88,-0.3,0,NaN
NaN,NaN,NaN,NaN,NaN,3,7.83224105859875,NaN,-0.525,7.84,10.5,0,NaN
NaN,NaN,NaN,NaN,NaN,4,12.1957164611186,NaN,0.525,0,15.1,0,NaN
NaN,NaN,NaN,NaN,NaN,0,0,NaN,0.505,0,0,NaN,NaN
NaN,NaN,NaN,NaN,NaN,0,0,NaN,0.505,0,0,NaN,NaN
NaN,NaN,NaN,NaN,NaN,NaN,NaN,NaN,-0.505,NaN,NaN,NaN,NaN
NaN,NaN,NaN,NaN,NaN,NaN,NaN,NaN,-0.505,NaN,NaN,NaN,NaN
6,4,4,4,4,1,5.23366028702666,1693384938.64395,-0.525,-0.01,-0.3,0,0
NaN,NaN,NaN,NaN,NaN,2,6.54486057911091,NaN,0.525,7.88,-0.3,0,NaN
NaN,NaN,NaN,NaN,NaN,3,7.69155380921176,NaN,-0.525,7.84,10.5,0,NaN
NaN,NaN,NaN,NaN,NaN,4,10.9329181831751,NaN,0.525,0,15.1,0,NaN
NaN,NaN,NaN,NaN,NaN,0,0,NaN,0.505,0,0,NaN,NaN
NaN,NaN,NaN,NaN,NaN,0,0,NaN,0.505,0,0,NaN,NaN
NaN,NaN,NaN,NaN,NaN,NaN,NaN,NaN,-0.505,NaN,NaN,NaN,NaN
NaN,NaN,NaN,NaN,NaN,NaN,NaN,NaN,-0.505,NaN,NaN,NaN,NaN
6,4,4,3,4,1,5.7890154603352,1693384938.6456,-0.525,-0.01,-0.3,0,0
NaN,NaN,NaN,NaN,NaN,2,6.02096337806501,NaN,0.525,7.88,-0.3,0,NaN
NaN,NaN,NaN,NaN,NaN,3,7.03800397840183,NaN,-0.525,7.84,10.5,0,NaN
NaN,NaN,NaN,NaN,NaN,4,11.223617955009,NaN,0.525,0,15.1,0,NaN
NaN,NaN,NaN,NaN,NaN,0,0,NaN,0.505,0,0,NaN,NaN
NaN,NaN,NaN,NaN,NaN,0,0,NaN,0.505,0,0,NaN,NaN
NaN,NaN,NaN,NaN,NaN,NaN,NaN,NaN,-0.505,NaN,NaN,NaN,NaN
NaN,NaN,NaN,NaN,NaN,NaN,NaN,NaN,-0.505,NaN,NaN,NaN,NaN
6,4,4,2,4,1,4.22033174051519,1693384938.67509,-0.525,-0.01,-0.3,0,0
NaN,NaN,NaN,NaN,NaN,2,5.85962456135203,NaN,0.525,7.88,-0.3,0,NaN
NaN,NaN,NaN,NaN,NaN,3,8.37467611314014,NaN,-0.525,7.84,10.5,0,NaN
NaN,NaN,NaN,NaN,NaN,4,11.77485031752,NaN,0.525,0,15.1,0,NaN
NaN,NaN,NaN,NaN,NaN,0,0,NaN,0.505,0,0,NaN,NaN
NaN,NaN,NaN,NaN,NaN,0,0,NaN,0.505,0,0,NaN,NaN
NaN,NaN,NaN,NaN,NaN,NaN,NaN,NaN,-0.505,NaN,NaN,NaN,NaN
NaN,NaN,NaN,NaN,NaN,NaN,NaN,NaN,-0.505,NaN,NaN,NaN,NaN
6,4,4,1,4,2,5.19322635747759,1693384938.68226,-0.525,-0.01,-0.3,0,0
NaN,NaN,NaN,NaN,NaN,1,5.03142127037679,NaN,0.525,7.88,-0.3,0,NaN
NaN,NaN,NaN,NaN,NaN,3,7.82219278719209,NaN,-0.525,7.84,10.5,0,NaN
NaN,NaN,NaN,NaN,NaN,4,12.1055359237004,NaN,0.525,0,15.1,0,NaN
NaN,NaN,NaN,NaN,NaN,0,0,NaN,0.505,0,0,NaN,NaN
NaN,NaN,NaN,NaN,NaN,0,0,NaN,0.505,0,0,NaN,NaN
NaN,NaN,NaN,NaN,NaN,NaN,NaN,NaN,-0.505,NaN,NaN,NaN,NaN
NaN,NaN,NaN,NaN,NaN,NaN,NaN,NaN,-0.505,NaN,NaN,NaN,NaN
6,4,4,4,4,1,5.21344415909483,1693384938.74278,-0.525,-0.01,-0.3,0,0
NaN,NaN,NaN,NaN,NaN,2,6.54486057911091,NaN,0.525,7.88,-0.3,0,NaN
NaN,NaN,NaN,NaN,NaN,3,7.63125153562638,NaN,-0.525,7.84,10.5,0,NaN
NaN,NaN,NaN,NaN,NaN,4,10.9930659963452,NaN,0.525,0,15.1,0,NaN
NaN,NaN,NaN,NaN,NaN,0,0,NaN,0.505,0,0,NaN,NaN
NaN,NaN,NaN,NaN,NaN,0,0,NaN,0.505,0,0,NaN,NaN
NaN,NaN,NaN,NaN,NaN,NaN,NaN,NaN,-0.505,NaN,NaN,NaN,NaN
NaN,NaN,NaN,NaN,NaN,NaN,NaN,NaN,-0.505,NaN,NaN,NaN,NaN
6,4,4,3,4,1,5.83945202908629,1693384938.7465,-0.525,-0.01,-0.3,0,0
NaN,NaN,NaN,NaN,NaN,2,6.02096337806501,NaN,0.525,7.88,-0.3,0,NaN
NaN,NaN,NaN,NaN,NaN,3,7.07824130699145,NaN,-0.525,7.84,10.5,0,NaN
NaN,NaN,NaN,NaN,NaN,4,11.2737349622918,NaN,0.525,0,15.1,0,NaN
NaN,NaN,NaN,NaN,NaN,0,0,NaN,0.505,0,0,NaN,NaN
NaN,NaN,NaN,NaN,NaN,0,0,NaN,0.505,0,0,NaN,NaN
NaN,NaN,NaN,NaN,NaN,NaN,NaN,NaN,-0.505,NaN,NaN,NaN,NaN
NaN,NaN,NaN,NaN,NaN,NaN,NaN,NaN,-0.505,NaN,NaN,NaN,NaN
6,4,4,2,4,1,4.23049642477097,1693384938.77514,-0.525,-0.01,-0.3,0,0
NaN,NaN,NaN,NaN,NaN,2,5.85962456135203,NaN,0.525,7.88,-0.3,0,NaN
NaN,NaN,NaN,NaN,NaN,3,8.33450658407563,NaN,-0.525,7.84,10.5,0,NaN
NaN,NaN,NaN,NaN,NaN,4,11.925166665502,NaN,0.525,0,15.1,0,NaN
NaN,NaN,NaN,NaN,NaN,0,0,NaN,0.505,0,0,NaN,NaN
NaN,NaN,NaN,NaN,NaN,0,0,NaN,0.505,0,0,NaN,NaN
NaN,NaN,NaN,NaN,NaN,NaN,NaN,NaN,-0.505,NaN,NaN,NaN,NaN
NaN,NaN,NaN,NaN,NaN,NaN,NaN,NaN,-0.505,NaN,NaN,NaN,NaN
6,4,4,1,4,2,5.1831168229165,1693384938.78174,-0.525,-0.01,-0.3,0,0
NaN,NaN,NaN,NaN,NaN,1,4.98083326362166,NaN,0.525,7.88,-0.3,0,NaN
NaN,NaN,NaN,NaN,NaN,3,7.7719495623685,NaN,-0.525,7.84,10.5,0,NaN
NaN,NaN,NaN,NaN,NaN,4,12.1355964006719,NaN,0.525,0,15.1,0,NaN
NaN,NaN,NaN,NaN,NaN,0,0,NaN,0.505,0,0,NaN,NaN
NaN,NaN,NaN,NaN,NaN,0,0,NaN,0.505,0,0,NaN,NaN
NaN,NaN,NaN,NaN,NaN,NaN,NaN,NaN,-0.505,NaN,NaN,NaN,NaN
NaN,NaN,NaN,NaN,NaN,NaN,NaN,NaN,-0.505,NaN,NaN,NaN,NaN
6,4,4,4,4,1,5.23366028702666,1693384938.84328,-0.525,-0.01,-0.3,0,0
NaN,NaN,NaN,NaN,NaN,2,6.46430197314451,NaN,0.525,7.88,-0.3,0,NaN
NaN,NaN,NaN,NaN,NaN,3,7.62120069280425,NaN,-0.525,7.84,10.5,0,NaN
NaN,NaN,NaN,NaN,NaN,4,10.9329181831751,NaN,0.525,0,15.1,0,NaN
NaN,NaN,NaN,NaN,NaN,0,0,NaN,0.505,0,0,NaN,NaN
NaN,NaN,NaN,NaN,NaN,0,0,NaN,0.505,0,0,NaN,NaN
NaN,NaN,NaN,NaN,NaN,NaN,NaN,NaN,-0.505,NaN,NaN,NaN,NaN
NaN,NaN,NaN,NaN,NaN,NaN,NaN,NaN,-0.505,NaN,NaN,NaN,NaN
6,4,4,3,4,1,5.80919099358938,1693384938.84515,-0.525,-0.01,-0.3,0,0
NaN,NaN,NaN,NaN,NaN,2,5.98063541774618,NaN,0.525,7.88,-0.3,0,NaN
NaN,NaN,NaN,NaN,NaN,3,7.04806356384504,NaN,-0.525,7.84,10.5,0,NaN
NaN,NaN,NaN,NaN,NaN,4,11.2737349622918,NaN,0.525,0,15.1,0,NaN
NaN,NaN,NaN,NaN,NaN,0,0,NaN,0.505,0,0,NaN,NaN
NaN,NaN,NaN,NaN,NaN,0,0,NaN,0.505,0,0,NaN,NaN
NaN,NaN,NaN,NaN,NaN,NaN,NaN,NaN,-0.505,NaN,NaN,NaN,NaN
NaN,NaN,NaN,NaN,NaN,NaN,NaN,NaN,-0.505,NaN,NaN,NaN,NaN
6,4,4,2,4,1,4.23049642477097,1693384938.87357,-0.525,-0.01,-0.3,0,0
NaN,NaN,NaN,NaN,NaN,2,5.85962456135203,NaN,0.525,7.88,-0.3,0,NaN
NaN,NaN,NaN,NaN,NaN,3,8.33450658407563,NaN,-0.525,7.84,10.5,0,NaN
NaN,NaN,NaN,NaN,NaN,4,11.7648289405329,NaN,0.525,0,15.1,0,NaN
NaN,NaN,NaN,NaN,NaN,0,0,NaN,0.505,0,0,NaN,NaN
NaN,NaN,NaN,NaN,NaN,0,0,NaN,0.505,0,0,NaN,NaN
NaN,NaN,NaN,NaN,NaN,NaN,NaN,NaN,-0.505,NaN,NaN,NaN,NaN
NaN,NaN,NaN,NaN,NaN,NaN,NaN,NaN,-0.505,NaN,NaN,NaN,NaN
6,4,4,1,4,2,5.22355243105686,1693384938.88275,-0.525,-0.01,-0.3,0,0
NaN,NaN,NaN,NaN,NaN,1,5.01118748402013,NaN,0.525,7.88,-0.3,0,NaN
NaN,NaN,NaN,NaN,NaN,3,7.85233723167822,NaN,-0.525,7.84,10.5,0,NaN
NaN,NaN,NaN,NaN,NaN,4,12.175676572577,NaN,0.525,0,15.1,0,NaN
NaN,NaN,NaN,NaN,NaN,0,0,NaN,0.505,0,0,NaN,NaN
NaN,NaN,NaN,NaN,NaN,0,0,NaN,0.505,0,0,NaN,NaN
NaN,NaN,NaN,NaN,NaN,NaN,NaN,NaN,-0.505,NaN,NaN,NaN,NaN
NaN,NaN,NaN,NaN,NaN,NaN,NaN,NaN,-0.505,NaN,NaN,NaN,NaN
6,4,4,4,4,1,5.22355243105686,1693384938.94321,-0.525,-0.01,-0.3,0,0
NaN,NaN,NaN,NaN,NaN,2,6.47437255647217,NaN,0.525,7.88,-0.3,0,NaN
NaN,NaN,NaN,NaN,NaN,3,7.63125153562638,NaN,-0.525,7.84,10.5,0,NaN
NaN,NaN,NaN,NaN,NaN,4,10.8928187352953,NaN,0.525,0,15.1,0,NaN
NaN,NaN,NaN,NaN,NaN,0,0,NaN,0.505,0,0,NaN,NaN
NaN,NaN,NaN,NaN,NaN,0,0,NaN,0.505,0,0,NaN,NaN
NaN,NaN,NaN,NaN,NaN,NaN,NaN,NaN,-0.505,NaN,NaN,NaN,NaN
NaN,NaN,NaN,NaN,NaN,NaN,NaN,NaN,-0.505,NaN,NaN,NaN,NaN
6,4,4,3,4,1,5.76883870462678,1693384938.94578,-0.525,-0.01,-0.3,0,0
NaN,NaN,NaN,NaN,NaN,2,5.99071782009468,NaN,0.525,7.88,-0.3,0,NaN
NaN,NaN,NaN,NaN,NaN,3,7.02794422288623,NaN,-0.525,7.84,10.5,0,NaN
NaN,NaN,NaN,NaN,NaN,4,11.223617955009,NaN,0.525,0,15.1,0,NaN
NaN,NaN,NaN,NaN,NaN,0,0,NaN,0.505,0,0,NaN,NaN
NaN,NaN,NaN,NaN,NaN,0,0,NaN,0.505,0,0,NaN,NaN
NaN,NaN,NaN,NaN,NaN,NaN,NaN,NaN,-0.505,NaN,NaN,NaN,NaN
NaN,NaN,NaN,NaN,NaN,NaN,NaN,NaN,-0.505,NaN,NaN,NaN,NaN
6,4,4,2,4,1,4.28130821128309,1693384938.97412,-0.525,-0.01,-0.3,0,0
NaN,NaN,NaN,NaN,NaN,2,5.88988115330012,NaN,0.525,7.88,-0.3,0,NaN
NaN,NaN,NaN,NaN,NaN,3,8.2742492106535,NaN,-0.525,7.84,10.5,0,NaN
NaN,NaN,NaN,NaN,NaN,4,11.8149354632177,NaN,0.525,0,15.1,0,NaN
NaN,NaN,NaN,NaN,NaN,0,0,NaN,0.505,0,0,NaN,NaN
NaN,NaN,NaN,NaN,NaN,0,0,NaN,0.505,0,0,NaN,NaN
NaN,NaN,NaN,NaN,NaN,NaN,NaN,NaN,-0.505,NaN,NaN,NaN,NaN
NaN,NaN,NaN,NaN,NaN,NaN,NaN,NaN,-0.505,NaN,NaN,NaN,NaN
6,4,4,1,4,2,5.2033354687162,1693384938.98187,-0.525,-0.01,-0.3,0,0
NaN,NaN,NaN,NaN,NaN,1,5.01118748402013,NaN,0.525,7.88,-0.3,0,NaN
NaN,NaN,NaN,NaN,NaN,3,7.79204722778295,NaN,-0.525,7.84,10.5,0,NaN
NaN,NaN,NaN,NaN,NaN,4,12.1656565790754,NaN,0.525,0,15.1,0,NaN
NaN,NaN,NaN,NaN,NaN,0,0,NaN,0.505,0,0,NaN,NaN
NaN,NaN,NaN,NaN,NaN,0,0,NaN,0.505,0,0,NaN,NaN
NaN,NaN,NaN,NaN,NaN,NaN,NaN,NaN,-0.505,NaN,NaN,NaN,NaN
NaN,NaN,NaN,NaN,NaN,NaN,NaN,NaN,-0.505,NaN,NaN,NaN,NaN
6,4,4,4,4,1,5.23366028702666,1693384939.0439,-0.525,-0.01,-0.3,0,0
NaN,NaN,NaN,NaN,NaN,2,6.54486057911091,NaN,0.525,7.88,-0.3,0,NaN
NaN,NaN,NaN,NaN,NaN,3,7.62120069280425,NaN,-0.525,7.84,10.5,0,NaN
NaN,NaN,NaN,NaN,NaN,4,10.8827937589573,NaN,0.525,0,15.1,0,NaN
NaN,NaN,NaN,NaN,NaN,0,0,NaN,0.505,0,0,NaN,NaN
NaN,NaN,NaN,NaN,NaN,0,0,NaN,0.505,0,0,NaN,NaN
NaN,NaN,NaN,NaN,NaN,NaN,NaN,NaN,-0.505,NaN,NaN,NaN,NaN
NaN,NaN,NaN,NaN,NaN,NaN,NaN,NaN,-0.505,NaN,NaN,NaN,NaN
6,4,4,3,4,1,5.79910337897161,1693384939.04636,-0.525,-0.01,-0.3,0,0
NaN,NaN,NaN,NaN,NaN,2,6.01088179887111,NaN,0.525,7.88,-0.3,0,NaN
NaN,NaN,NaN,NaN,NaN,3,6.99776392857033,NaN,-0.525,7.84,10.5,0,NaN
NaN,NaN,NaN,NaN,NaN,4,11.223617955009,NaN,0.525,0,15.1,0,NaN
NaN,NaN,NaN,NaN,NaN,0,0,NaN,0.505,0,0,NaN,NaN
NaN,NaN,NaN,NaN,NaN,0,0,NaN,0.505,0,0,NaN,NaN
NaN,NaN,NaN,NaN,NaN,NaN,NaN,NaN,-0.505,NaN,NaN,NaN,NaN
NaN,NaN,NaN,NaN,NaN,NaN,NaN,NaN,-0.505,NaN,NaN,NaN,NaN
6,4,4,2,4,1,4.2711473868271,1693384939.0735,-0.525,-0.01,-0.3,0,0
NaN,NaN,NaN,NaN,NaN,2,5.88988115330012,NaN,0.525,7.88,-0.3,0,NaN
NaN,NaN,NaN,NaN,NaN,3,8.33450658407563,NaN,-0.525,7.84,10.5,0,NaN
NaN,NaN,NaN,NaN,NaN,4,11.7948929626343,NaN,0.525,0,15.1,0,NaN
NaN,NaN,NaN,NaN,NaN,0,0,NaN,0.505,0,0,NaN,NaN
NaN,NaN,NaN,NaN,NaN,0,0,NaN,0.505,0,0,NaN,NaN
NaN,NaN,NaN,NaN,NaN,NaN,NaN,NaN,-0.505,NaN,NaN,NaN,NaN
NaN,NaN,NaN,NaN,NaN,NaN,NaN,NaN,-0.505,NaN,NaN,NaN,NaN
6,4,4,1,4,2,5.1831168229165,1693384939.0832,-0.525,-0.01,-0.3,0,0
NaN,NaN,NaN,NaN,NaN,1,5.02130461135351,NaN,0.525,7.88,-0.3,0,NaN
NaN,NaN,NaN,NaN,NaN,3,7.81214439190674,NaN,-0.525,7.84,10.5,0,NaN
NaN,NaN,NaN,NaN,NaN,4,12.1856965332311,NaN,0.525,0,15.1,0,NaN
NaN,NaN,NaN,NaN,NaN,0,0,NaN,0.505,0,0,NaN,NaN
NaN,NaN,NaN,NaN,NaN,0,0,NaN,0.505,0,0,NaN,NaN
NaN,NaN,NaN,NaN,NaN,NaN,NaN,NaN,-0.505,NaN,NaN,NaN,NaN
NaN,NaN,NaN,NaN,NaN,NaN,NaN,NaN,-0.505,NaN,NaN,NaN,NaN
6,4,4,4,4,1,5.24376772940984,1693384939.14486,-0.525,-0.01,-0.3,0,0
NaN,NaN,NaN,NaN,NaN,2,6.4542311703254,NaN,0.525,7.88,-0.3,0,NaN
NaN,NaN,NaN,NaN,NaN,3,7.69155380921176,NaN,-0.525,7.84,10.5,0,NaN
NaN,NaN,NaN,NaN,NaN,4,10.922893389574,NaN,0.525,0,15.1,0,NaN
NaN,NaN,NaN,NaN,NaN,0,0,NaN,0.505,0,0,NaN,NaN
NaN,NaN,NaN,NaN,NaN,0,0,NaN,0.505,0,0,NaN,NaN
NaN,NaN,NaN,NaN,NaN,NaN,NaN,NaN,-0.505,NaN,NaN,NaN,NaN
NaN,NaN,NaN,NaN,NaN,NaN,NaN,NaN,-0.505,NaN,NaN,NaN,NaN
6,4,4,3,4,1,5.77892723608803,1693384939.14657,-0.525,-0.01,-0.3,0,0
NaN,NaN,NaN,NaN,NaN,2,5.98063541774618,NaN,0.525,7.88,-0.3,0,NaN
NaN,NaN,NaN,NaN,NaN,3,7.05812297994304,NaN,-0.525,7.84,10.5,0,NaN
NaN,NaN,NaN,NaN,NaN,4,11.223617955009,NaN,0.525,0,15.1,0,NaN
NaN,NaN,NaN,NaN,NaN,0,0,NaN,0.505,0,0,NaN,NaN
NaN,NaN,NaN,NaN,NaN,0,0,NaN,0.505,0,0,NaN,NaN
NaN,NaN,NaN,NaN,NaN,NaN,NaN,NaN,-0.505,NaN,NaN,NaN,NaN
NaN,NaN,NaN,NaN,NaN,NaN,NaN,NaN,-0.505,NaN,NaN,NaN,NaN
6,4,4,2,4,1,4.28130821128309,1693384939.17506,-0.525,-0.01,-0.3,0,0
NaN,NaN,NaN,NaN,NaN,2,5.89996610159753,NaN,0.525,7.88,-0.3,0,NaN
NaN,NaN,NaN,NaN,NaN,3,8.28429236567614,NaN,-0.525,7.84,10.5,0,NaN
NaN,NaN,NaN,NaN,NaN,4,11.7347645907364,NaN,0.525,0,15.1,0,NaN
NaN,NaN,NaN,NaN,NaN,0,0,NaN,0.505,0,0,NaN,NaN
NaN,NaN,NaN,NaN,NaN,0,0,NaN,0.505,0,0,NaN,NaN
NaN,NaN,NaN,NaN,NaN,NaN,NaN,NaN,-0.505,NaN,NaN,NaN,NaN
NaN,NaN,NaN,NaN,NaN,NaN,NaN,NaN,-0.505,NaN,NaN,NaN,NaN
6,4,4,1,4,2,5.22355243105686,1693384939.18234,-0.525,-0.01,-0.3,0,0
NaN,NaN,NaN,NaN,NaN,1,5.06176846566494,NaN,0.525,7.88,-0.3,0,NaN
NaN,NaN,NaN,NaN,NaN,3,7.81214439190674,NaN,-0.525,7.84,10.5,0,NaN
NaN,NaN,NaN,NaN,NaN,4,12.1656565790754,NaN,0.525,0,15.1,0,NaN
NaN,NaN,NaN,NaN,NaN,0,0,NaN,0.505,0,0,NaN,NaN
NaN,NaN,NaN,NaN,NaN,0,0,NaN,0.505,0,0,NaN,NaN
NaN,NaN,NaN,NaN,NaN,NaN,NaN,NaN,-0.505,NaN,NaN,NaN,NaN
NaN,NaN,NaN,NaN,NaN,NaN,NaN,NaN,-0.505,NaN,NaN,NaN,NaN
6,4,4,4,4,1,5.22355243105686,1693384939.2437,-0.525,-0.01,-0.3,0,0
NaN,NaN,NaN,NaN,NaN,2,6.52472221630929,NaN,0.525,7.88,-0.3,0,NaN
NaN,NaN,NaN,NaN,NaN,3,7.66140326572097,NaN,-0.525,7.84,10.5,0,NaN
NaN,NaN,NaN,NaN,NaN,4,10.9329181831751,NaN,0.525,0,15.1,0,NaN
NaN,NaN,NaN,NaN,NaN,0,0,NaN,0.505,0,0,NaN,NaN
NaN,NaN,NaN,NaN,NaN,0,0,NaN,0.505,0,0,NaN,NaN
NaN,NaN,NaN,NaN,NaN,NaN,NaN,NaN,-0.505,NaN,NaN,NaN,NaN
NaN,NaN,NaN,NaN,NaN,NaN,NaN,NaN,-0.505,NaN,NaN,NaN,NaN
6,4,4,3,4,1,5.7890154603352,1693384939.24742,-0.525,-0.01,-0.3,0,0
NaN,NaN,NaN,NaN,NaN,2,6.01088179887111,NaN,0.525,7.88,-0.3,0,NaN
NaN,NaN,NaN,NaN,NaN,3,7.04806356384504,NaN,-0.525,7.84,10.5,0,NaN
NaN,NaN,NaN,NaN,NaN,4,11.3038046692253,NaN,0.525,0,15.1,0,NaN
NaN,NaN,NaN,NaN,NaN,0,0,NaN,0.505,0,0,NaN,NaN
NaN,NaN,NaN,NaN,NaN,0,0,NaN,0.505,0,0,NaN,NaN
NaN,NaN,NaN,NaN,NaN,NaN,NaN,NaN,-0.505,NaN,NaN,NaN,NaN
NaN,NaN,NaN,NaN,NaN,NaN,NaN,NaN,-0.505,NaN,NaN,NaN,NaN
6,4,4,2,4,1,4.23049642477097,1693384939.27414,-0.525,-0.01,-0.3,0,0
NaN,NaN,NaN,NaN,NaN,2,5.85962456135203,NaN,0.525,7.88,-0.3,0,NaN
NaN,NaN,NaN,NaN,NaN,3,8.31442120655431,NaN,-0.525,7.84,10.5,0,NaN
NaN,NaN,NaN,NaN,NaN,4,11.8449989447024,NaN,0.525,0,15.1,0,NaN
NaN,NaN,NaN,NaN,NaN,0,0,NaN,0.505,0,0,NaN,NaN
NaN,NaN,NaN,NaN,NaN,0,0,NaN,0.505,0,0,NaN,NaN
NaN,NaN,NaN,NaN,NaN,NaN,NaN,NaN,-0.505,NaN,NaN,NaN,NaN
NaN,NaN,NaN,NaN,NaN,NaN,NaN,NaN,-0.505,NaN,NaN,NaN,NaN
6,4,4,1,4,2,5.24376772940984,1693384939.2818,-0.525,-0.01,-0.3,0,0
NaN,NaN,NaN,NaN,NaN,1,5.06176846566494,NaN,0.525,7.88,-0.3,0,NaN
NaN,NaN,NaN,NaN,NaN,3,7.7719495623685,NaN,-0.525,7.84,10.5,0,NaN
NaN,NaN,NaN,NaN,NaN,4,12.2458156118733,NaN,0.525,0,15.1,0,NaN
NaN,NaN,NaN,NaN,NaN,0,0,NaN,0.505,0,0,NaN,NaN
NaN,NaN,NaN,NaN,NaN,0,0,NaN,0.505,0,0,NaN,NaN
NaN,NaN,NaN,NaN,NaN,NaN,NaN,NaN,-0.505,NaN,NaN,NaN,NaN
NaN,NaN,NaN,NaN,NaN,NaN,NaN,NaN,-0.505,NaN,NaN,NaN,NaN
6,4,4,4,4,1,5.23366028702666,1693384939.34346,-0.525,-0.01,-0.3,0,0
NaN,NaN,NaN,NaN,NaN,2,6.46430197314451,NaN,0.525,7.88,-0.3,0,NaN
NaN,NaN,NaN,NaN,NaN,3,7.63125153562638,NaN,-0.525,7.84,10.5,0,NaN
NaN,NaN,NaN,NaN,NaN,4,10.9128685504775,NaN,0.525,0,15.1,0,NaN
NaN,NaN,NaN,NaN,NaN,0,0,NaN,0.505,0,0,NaN,NaN
NaN,NaN,NaN,NaN,NaN,0,0,NaN,0.505,0,0,NaN,NaN
NaN,NaN,NaN,NaN,NaN,NaN,NaN,NaN,-0.505,NaN,NaN,NaN,NaN
NaN,NaN,NaN,NaN,NaN,NaN,NaN,NaN,-0.505,NaN,NaN,NaN,NaN
6,4,4,3,4,1,5.7890154603352,1693384939.34561,-0.525,-0.01,-0.3,0,0
NaN,NaN,NaN,NaN,NaN,2,6.01088179887111,NaN,0.525,7.88,-0.3,0,NaN
NaN,NaN,NaN,NaN,NaN,3,7.01788429656688,NaN,-0.525,7.84,10.5,0,NaN
NaN,NaN,NaN,NaN,NaN,4,11.223617955009,NaN,0.525,0,15.1,0,NaN
NaN,NaN,NaN,NaN,NaN,0,0,NaN,0.505,0,0,NaN,NaN
NaN,NaN,NaN,NaN,NaN,0,0,NaN,0.505,0,0,NaN,NaN
NaN,NaN,NaN,NaN,NaN,NaN,NaN,NaN,-0.505,NaN,NaN,NaN,NaN
NaN,NaN,NaN,NaN,NaN,NaN,NaN,NaN,-0.505,NaN,NaN,NaN,NaN
6,4,4,2,4,1,4.23049642477097,1693384939.3742,-0.525,-0.01,-0.3,0,0
NaN,NaN,NaN,NaN,NaN,2,5.87979591482562,NaN,0.525,7.88,-0.3,0,NaN
NaN,NaN,NaN,NaN,NaN,3,8.30437836324911,NaN,-0.525,7.84,10.5,0,NaN
NaN,NaN,NaN,NaN,NaN,4,11.7548075271354,NaN,0.525,0,15.1,0,NaN
NaN,NaN,NaN,NaN,NaN,0,0,NaN,0.505,0,0,NaN,NaN
NaN,NaN,NaN,NaN,NaN,0,0,NaN,0.505,0,0,NaN,NaN
NaN,NaN,NaN,NaN,NaN,NaN,NaN,NaN,-0.505,NaN,NaN,NaN,NaN
NaN,NaN,NaN,NaN,NaN,NaN,NaN,NaN,-0.505,NaN,NaN,NaN,NaN
6,4,4,1,4,2,5.22355243105686,1693384939.38198,-0.525,-0.01,-0.3,0,0
NaN,NaN,NaN,NaN,NaN,1,4.99095181303126,NaN,0.525,7.88,-0.3,0,NaN
NaN,NaN,NaN,NaN,NaN,3,7.84228920660288,NaN,-0.525,7.84,10.5,0,NaN
NaN,NaN,NaN,NaN,NaN,4,12.1957164611186,NaN,0.525,0,15.1,0,NaN
NaN,NaN,NaN,NaN,NaN,0,0,NaN,0.505,0,0,NaN,NaN
NaN,NaN,NaN,NaN,NaN,0,0,NaN,0.505,0,0,NaN,NaN
NaN,NaN,NaN,NaN,NaN,NaN,NaN,NaN,-0.505,NaN,NaN,NaN,NaN
NaN,NaN,NaN,NaN,NaN,NaN,NaN,NaN,-0.505,NaN,NaN,NaN,NaN
6,4,4,4,4,1,5.22355243105686,1693384939.44398,-0.525,-0.01,-0.3,0,0
NaN,NaN,NaN,NaN,NaN,2,6.51465271522588,NaN,0.525,7.88,-0.3,0,NaN
NaN,NaN,NaN,NaN,NaN,3,7.65135282156038,NaN,-0.525,7.84,10.5,0,NaN
NaN,NaN,NaN,NaN,NaN,4,10.9128685504775,NaN,0.525,0,15.1,0,NaN
NaN,NaN,NaN,NaN,NaN,0,0,NaN,0.505,0,0,NaN,NaN
NaN,NaN,NaN,NaN,NaN,0,0,NaN,0.505,0,0,NaN,NaN
NaN,NaN,NaN,NaN,NaN,NaN,NaN,NaN,-0.505,NaN,NaN,NaN,NaN
NaN,NaN,NaN,NaN,NaN,NaN,NaN,NaN,-0.505,NaN,NaN,NaN,NaN
6,4,4,3,3,2,5.99071782009468,1693384939.44552,-0.525,-0.01,-0.3,0,0
NaN,NaN,NaN,NaN,NaN,3,7.04806356384504,NaN,0.525,7.88,-0.3,0,NaN
NaN,NaN,NaN,NaN,NaN,4,11.3038046692253,NaN,-0.525,7.84,10.5,0,NaN
NaN,NaN,NaN,NaN,NaN,0,0,NaN,0.525,0,15.1,0,NaN
NaN,NaN,NaN,NaN,NaN,0,0,NaN,0.505,0,0,NaN,NaN
NaN,NaN,NaN,NaN,NaN,0,0,NaN,0.505,0,0,NaN,NaN
NaN,NaN,NaN,NaN,NaN,NaN,NaN,NaN,-0.505,NaN,NaN,NaN,NaN
NaN,NaN,NaN,NaN,NaN,NaN,NaN,NaN,-0.505,NaN,NaN,NaN,NaN
6,4,4,2,4,1,4.2711473868271,1693384939.47363,-0.525,-0.01,-0.3,0,0
NaN,NaN,NaN,NaN,NaN,2,5.94030302257385,NaN,0.525,7.88,-0.3,0,NaN
NaN,NaN,NaN,NaN,NaN,3,8.34454911903573,NaN,-0.525,7.84,10.5,0,NaN
NaN,NaN,NaN,NaN,NaN,4,11.7548075271354,NaN,0.525,0,15.1,0,NaN
NaN,NaN,NaN,NaN,NaN,0,0,NaN,0.505,0,0,NaN,NaN
NaN,NaN,NaN,NaN,NaN,0,0,NaN,0.505,0,0,NaN,NaN
NaN,NaN,NaN,NaN,NaN,NaN,NaN,NaN,-0.505,NaN,NaN,NaN,NaN
NaN,NaN,NaN,NaN,NaN,NaN,NaN,NaN,-0.505,NaN,NaN,NaN,NaN
6,4,4,1,4,2,5.23366028702666,1693384939.4817,-0.525,-0.01,-0.3,0,0
NaN,NaN,NaN,NaN,NaN,1,4.98083326362166,NaN,0.525,7.88,-0.3,0,NaN
NaN,NaN,NaN,NaN,NaN,3,7.80209587226407,NaN,-0.525,7.84,10.5,0,NaN
NaN,NaN,NaN,NaN,NaN,4,12.2157562189166,NaN,0.525,0,15.1,0,NaN
NaN,NaN,NaN,NaN,NaN,0,0,NaN,0.505,0,0,NaN,NaN
NaN,NaN,NaN,NaN,NaN,0,0,NaN,0.505,0,0,NaN,NaN
NaN,NaN,NaN,NaN,NaN,NaN,NaN,NaN,-0.505,NaN,NaN,NaN,NaN
NaN,NaN,NaN,NaN,NaN,NaN,NaN,NaN,-0.505,NaN,NaN,NaN,NaN
6,4,4,3,4,1,5.80919099358938,1693384939.53963,-0.525,-0.01,-0.3,0,0
NaN,NaN,NaN,NaN,NaN,2,6.00079994667378,NaN,0.525,7.88,-0.3,0,NaN
NaN,NaN,NaN,NaN,NaN,3,7.04806356384504,NaN,-0.525,7.84,10.5,0,NaN
NaN,NaN,NaN,NaN,NaN,4,11.2937814747763,NaN,0.525,0,15.1,0,NaN
NaN,NaN,NaN,NaN,NaN,0,0,NaN,0.505,0,0,NaN,NaN
NaN,NaN,NaN,NaN,NaN,0,0,NaN,0.505,0,0,NaN,NaN
NaN,NaN,NaN,NaN,NaN,NaN,NaN,NaN,-0.505,NaN,NaN,NaN,NaN
NaN,NaN,NaN,NaN,NaN,NaN,NaN,NaN,-0.505,NaN,NaN,NaN,NaN
6,4,4,4,4,1,5.21344415909483,1693384939.5429,-0.525,-0.01,-0.3,0,0
NaN,NaN,NaN,NaN,NaN,2,6.48444292133102,NaN,0.525,7.88,-0.3,0,NaN
NaN,NaN,NaN,NaN,NaN,3,7.67145357803852,NaN,-0.525,7.84,10.5,0,NaN
NaN,NaN,NaN,NaN,NaN,4,10.9529676343902,NaN,0.525,0,15.1,0,NaN
NaN,NaN,NaN,NaN,NaN,0,0,NaN,0.505,0,0,NaN,NaN
NaN,NaN,NaN,NaN,NaN,0,0,NaN,0.505,0,0,NaN,NaN
NaN,NaN,NaN,NaN,NaN,NaN,NaN,NaN,-0.505,NaN,NaN,NaN,NaN
NaN,NaN,NaN,NaN,NaN,NaN,NaN,NaN,-0.505,NaN,NaN,NaN,NaN
6,4,4,2,4,1,4.2609858014314,1693384939.57378,-0.525,-0.01,-0.3,0,0
NaN,NaN,NaN,NaN,NaN,2,5.86971038467828,NaN,0.525,7.88,-0.3,0,NaN
NaN,NaN,NaN,NaN,NaN,3,8.29433541641523,NaN,-0.525,7.84,10.5,0,NaN
NaN,NaN,NaN,NaN,NaN,4,11.7548075271354,NaN,0.525,0,15.1,0,NaN
NaN,NaN,NaN,NaN,NaN,0,0,NaN,0.505,0,0,NaN,NaN
NaN,NaN,NaN,NaN,NaN,0,0,NaN,0.505,0,0,NaN,NaN
NaN,NaN,NaN,NaN,NaN,NaN,NaN,NaN,-0.505,NaN,NaN,NaN,NaN
NaN,NaN,NaN,NaN,NaN,NaN,NaN,NaN,-0.505,NaN,NaN,NaN,NaN
6,4,4,1,4,1,5.03142127037679,1693384939.58142,-0.525,-0.01,-0.3,0,0
NaN,NaN,NaN,NaN,NaN,2,5.22355243105686,NaN,0.525,7.88,-0.3,0,NaN
NaN,NaN,NaN,NaN,NaN,3,7.82219278719209,NaN,-0.525,7.84,10.5,0,NaN
NaN,NaN,NaN,NaN,NaN,4,12.175676572577,NaN,0.525,0,15.1,0,NaN
NaN,NaN,NaN,NaN,NaN,0,0,NaN,0.505,0,0,NaN,NaN
NaN,NaN,NaN,NaN,NaN,0,0,NaN,0.505,0,0,NaN,NaN
NaN,NaN,NaN,NaN,NaN,NaN,NaN,NaN,-0.505,NaN,NaN,NaN,NaN
NaN,NaN,NaN,NaN,NaN,NaN,NaN,NaN,-0.505,NaN,NaN,NaN,NaN
6,4,4,4,4,1,5.23366028702666,1693384939.64316,-0.525,-0.01,-0.3,0,0
NaN,NaN,NaN,NaN,NaN,2,6.54486057911091,NaN,0.525,7.88,-0.3,0,NaN
NaN,NaN,NaN,NaN,NaN,3,7.59104735856654,NaN,-0.525,7.84,10.5,0,NaN
NaN,NaN,NaN,NaN,NaN,4,10.9629922922531,NaN,0.525,0,15.1,0,NaN
NaN,NaN,NaN,NaN,NaN,0,0,NaN,0.505,0,0,NaN,NaN
NaN,NaN,NaN,NaN,NaN,0,0,NaN,0.505,0,0,NaN,NaN
NaN,NaN,NaN,NaN,NaN,NaN,NaN,NaN,-0.505,NaN,NaN,NaN,NaN
NaN,NaN,NaN,NaN,NaN,NaN,NaN,NaN,-0.505,NaN,NaN,NaN,NaN
6,4,4,3,4,1,5.82936531708213,1693384939.64599,-0.525,-0.01,-0.3,0,0
NaN,NaN,NaN,NaN,NaN,2,6.03104468562454,NaN,0.525,7.88,-0.3,0,NaN
NaN,NaN,NaN,NaN,NaN,3,7.03800397840183,NaN,-0.525,7.84,10.5,0,NaN
NaN,NaN,NaN,NaN,NaN,4,11.3438970376145,NaN,0.525,0,15.1,0,NaN
NaN,NaN,NaN,NaN,NaN,0,0,NaN,0.505,0,0,NaN,NaN
NaN,NaN,NaN,NaN,NaN,0,0,NaN,0.505,0,0,NaN,NaN
NaN,NaN,NaN,NaN,NaN,NaN,NaN,NaN,-0.505,NaN,NaN,NaN,NaN
NaN,NaN,NaN,NaN,NaN,NaN,NaN,NaN,-0.505,NaN,NaN,NaN,NaN
6,4,4,2,4,1,4.2609858014314,1693384939.67446,-0.525,-0.01,-0.3,0,0
NaN,NaN,NaN,NaN,NaN,2,5.88988115330012,NaN,0.525,7.88,-0.3,0,NaN
NaN,NaN,NaN,NaN,NaN,3,8.31442120655431,NaN,-0.525,7.84,10.5,0,NaN
NaN,NaN,NaN,NaN,NaN,4,11.7548075271354,NaN,0.525,0,15.1,0,NaN
NaN,NaN,NaN,NaN,NaN,0,0,NaN,0.505,0,0,NaN,NaN
NaN,NaN,NaN,NaN,NaN,0,0,NaN,0.505,0,0,NaN,NaN
NaN,NaN,NaN,NaN,NaN,NaN,NaN,NaN,-0.505,NaN,NaN,NaN,NaN
NaN,NaN,NaN,NaN,NaN,NaN,NaN,NaN,-0.505,NaN,NaN,NaN,NaN
6,4,4,1,4,2,5.24376772940984,1693384939.6824,-0.525,-0.01,-0.3,0,0
NaN,NaN,NaN,NaN,NaN,1,5.03142127037679,NaN,0.525,7.88,-0.3,0,NaN
NaN,NaN,NaN,NaN,NaN,3,7.82219278719209,NaN,-0.525,7.84,10.5,0,NaN
NaN,NaN,NaN,NaN,NaN,4,12.2157562189166,NaN,0.525,0,15.1,0,NaN
NaN,NaN,NaN,NaN,NaN,0,0,NaN,0.505,0,0,NaN,NaN
NaN,NaN,NaN,NaN,NaN,0,0,NaN,0.505,0,0,NaN,NaN
NaN,NaN,NaN,NaN,NaN,NaN,NaN,NaN,-0.505,NaN,NaN,NaN,NaN
NaN,NaN,NaN,NaN,NaN,NaN,NaN,NaN,-0.505,NaN,NaN,NaN,NaN
6,4,4,4,4,1,5.19322635747759,1693384939.74318,-0.525,-0.01,-0.3,0,0
NaN,NaN,NaN,NaN,NaN,2,6.54486057911091,NaN,0.525,7.88,-0.3,0,NaN
NaN,NaN,NaN,NaN,NaN,3,7.66140326572097,NaN,-0.525,7.84,10.5,0,NaN
NaN,NaN,NaN,NaN,NaN,4,10.9128685504775,NaN,0.525,0,15.1,0,NaN
NaN,NaN,NaN,NaN,NaN,0,0,NaN,0.505,0,0,NaN,NaN
NaN,NaN,NaN,NaN,NaN,0,0,NaN,0.505,0,0,NaN,NaN
NaN,NaN,NaN,NaN,NaN,NaN,NaN,NaN,-0.505,NaN,NaN,NaN,NaN
NaN,NaN,NaN,NaN,NaN,NaN,NaN,NaN,-0.505,NaN,NaN,NaN,NaN
6,4,4,3,4,1,5.81927830576954,1693384939.74502,-0.525,-0.01,-0.3,0,0
NaN,NaN,NaN,NaN,NaN,2,6.01088179887111,NaN,0.525,7.88,-0.3,0,NaN
NaN,NaN,NaN,NaN,NaN,3,7.00782419870818,NaN,-0.525,7.84,10.5,0,NaN
NaN,NaN,NaN,NaN,NaN,4,11.2336414398894,NaN,0.525,0,15.1,0,NaN
NaN,NaN,NaN,NaN,NaN,0,0,NaN,0.505,0,0,NaN,NaN
NaN,NaN,NaN,NaN,NaN,0,0,NaN,0.505,0,0,NaN,NaN
NaN,NaN,NaN,NaN,NaN,NaN,NaN,NaN,-0.505,NaN,NaN,NaN,NaN
NaN,NaN,NaN,NaN,NaN,NaN,NaN,NaN,-0.505,NaN,NaN,NaN,NaN
6,4,4,2,4,1,4.2,1693384939.77643,-0.525,-0.01,-0.3,0,0
NaN,NaN,NaN,NaN,NaN,2,5.89996610159753,NaN,0.525,7.88,-0.3,0,NaN
NaN,NaN,NaN,NaN,NaN,3,8.34454911903573,NaN,-0.525,7.84,10.5,0,NaN
NaN,NaN,NaN,NaN,NaN,4,11.8149354632177,NaN,0.525,0,15.1,0,NaN
NaN,NaN,NaN,NaN,NaN,0,0,NaN,0.505,0,0,NaN,NaN
NaN,NaN,NaN,NaN,NaN,0,0,NaN,0.505,0,0,NaN,NaN
NaN,NaN,NaN,NaN,NaN,NaN,NaN,NaN,-0.505,NaN,NaN,NaN,NaN
NaN,NaN,NaN,NaN,NaN,NaN,NaN,NaN,-0.505,NaN,NaN,NaN,NaN
6,4,4,1,4,1,5.06176846566494,1693384939.7813,-0.525,-0.01,-0.3,0,0
NaN,NaN,NaN,NaN,NaN,2,5.17300686255103,NaN,0.525,7.88,-0.3,0,NaN
NaN,NaN,NaN,NaN,NaN,3,7.86238513429608,NaN,-0.525,7.84,10.5,0,NaN
NaN,NaN,NaN,NaN,NaN,4,12.2157562189166,NaN,0.525,0,15.1,0,NaN
NaN,NaN,NaN,NaN,NaN,0,0,NaN,0.505,0,0,NaN,NaN
NaN,NaN,NaN,NaN,NaN,0,0,NaN,0.505,0,0,NaN,NaN
NaN,NaN,NaN,NaN,NaN,NaN,NaN,NaN,-0.505,NaN,NaN,NaN,NaN
NaN,NaN,NaN,NaN,NaN,NaN,NaN,NaN,-0.505,NaN,NaN,NaN,NaN
6,4,4,4,4,1,5.22355243105686,1693384939.84364,-0.525,-0.01,-0.3,0,0
NaN,NaN,NaN,NaN,NaN,2,6.55492944279342,NaN,0.525,7.88,-0.3,0,NaN
NaN,NaN,NaN,NaN,NaN,3,7.63125153562638,NaN,-0.525,7.84,10.5,0,NaN
NaN,NaN,NaN,NaN,NaN,4,10.872768736619,NaN,0.525,0,15.1,0,NaN
NaN,NaN,NaN,NaN,NaN,0,0,NaN,0.505,0,0,NaN,NaN
NaN,NaN,NaN,NaN,NaN,0,0,NaN,0.505,0,0,NaN,NaN
NaN,NaN,NaN,NaN,NaN,NaN,NaN,NaN,-0.505,NaN,NaN,NaN,NaN
NaN,NaN,NaN,NaN,NaN,NaN,NaN,NaN,-0.505,NaN,NaN,NaN,NaN
6,4,4,3,4,1,5.79910337897161,1693384939.84546,-0.525,-0.01,-0.3,0,0
NaN,NaN,NaN,NaN,NaN,2,5.99071782009468,NaN,0.525,7.88,-0.3,0,NaN
NaN,NaN,NaN,NaN,NaN,3,7.04806356384504,NaN,-0.525,7.84,10.5,0,NaN
NaN,NaN,NaN,NaN,NaN,4,11.2737349622918,NaN,0.525,0,15.1,0,NaN
NaN,NaN,NaN,NaN,NaN,0,0,NaN,0.505,0,0,NaN,NaN
NaN,NaN,NaN,NaN,NaN,0,0,NaN,0.505,0,0,NaN,NaN
NaN,NaN,NaN,NaN,NaN,NaN,NaN,NaN,-0.505,NaN,NaN,NaN,NaN
NaN,NaN,NaN,NaN,NaN,NaN,NaN,NaN,-0.505,NaN,NaN,NaN,NaN
6,4,4,2,4,1,4.24066032593982,1693384939.87525,-0.525,-0.01,-0.3,0,0
NaN,NaN,NaN,NaN,NaN,2,5.87979591482562,NaN,0.525,7.88,-0.3,0,NaN
NaN,NaN,NaN,NaN,NaN,3,8.35459155195513,NaN,-0.525,7.84,10.5,0,NaN
NaN,NaN,NaN,NaN,NaN,4,11.7948929626343,NaN,0.525,0,15.1,0,NaN
NaN,NaN,NaN,NaN,NaN,0,0,NaN,0.505,0,0,NaN,NaN
NaN,NaN,NaN,NaN,NaN,0,0,NaN,0.505,0,0,NaN,NaN
NaN,NaN,NaN,NaN,NaN,NaN,NaN,NaN,-0.505,NaN,NaN,NaN,NaN
NaN,NaN,NaN,NaN,NaN,NaN,NaN,NaN,-0.505,NaN,NaN,NaN,NaN
6,4,4,1,4,2,5.21344415909483,1693384939.88155,-0.525,-0.01,-0.3,0,0
NaN,NaN,NaN,NaN,NaN,1,5.06176846566494,NaN,0.525,7.88,-0.3,0,NaN
NaN,NaN,NaN,NaN,NaN,3,7.7819984579798,NaN,-0.525,7.84,10.5,0,NaN
NaN,NaN,NaN,NaN,NaN,4,12.1856965332311,NaN,0.525,0,15.1,0,NaN
NaN,NaN,NaN,NaN,NaN,0,0,NaN,0.505,0,0,NaN,NaN
NaN,NaN,NaN,NaN,NaN,0,0,NaN,0.505,0,0,NaN,NaN
NaN,NaN,NaN,NaN,NaN,NaN,NaN,NaN,-0.505,NaN,NaN,NaN,NaN
NaN,NaN,NaN,NaN,NaN,NaN,NaN,NaN,-0.505,NaN,NaN,NaN,NaN
6,4,4,4,4,1,5.21344415909483,1693384939.94399,-0.525,-0.01,-0.3,0,0
NaN,NaN,NaN,NaN,NaN,2,6.55492944279342,NaN,0.525,7.88,-0.3,0,NaN
NaN,NaN,NaN,NaN,NaN,3,7.61114971604159,NaN,-0.525,7.84,10.5,0,NaN
NaN,NaN,NaN,NaN,NaN,4,10.8527185534317,NaN,0.525,0,15.1,0,NaN
NaN,NaN,NaN,NaN,NaN,0,0,NaN,0.505,0,0,NaN,NaN
NaN,NaN,NaN,NaN,NaN,0,0,NaN,0.505,0,0,NaN,NaN
NaN,NaN,NaN,NaN,NaN,NaN,NaN,NaN,-0.505,NaN,NaN,NaN,NaN
NaN,NaN,NaN,NaN,NaN,NaN,NaN,NaN,-0.505,NaN,NaN,NaN,NaN
6,4,4,3,4,1,5.77892723608803,1693384939.94572,-0.525,-0.01,-0.3,0,0
NaN,NaN,NaN,NaN,NaN,2,6.03104468562454,NaN,0.525,7.88,-0.3,0,NaN
NaN,NaN,NaN,NaN,NaN,3,7.06818222741887,NaN,-0.525,7.84,10.5,0,NaN
NaN,NaN,NaN,NaN,NaN,4,11.2436648829463,NaN,0.525,0,15.1,0,NaN
NaN,NaN,NaN,NaN,NaN,0,0,NaN,0.505,0,0,NaN,NaN
NaN,NaN,NaN,NaN,NaN,0,0,NaN,0.505,0,0,NaN,NaN
NaN,NaN,NaN,NaN,NaN,NaN,NaN,NaN,-0.505,NaN,NaN,NaN,NaN
NaN,NaN,NaN,NaN,NaN,NaN,NaN,NaN,-0.505,NaN,NaN,NaN,NaN
6,4,4,2,4,1,4.2609858014314,1693384939.97645,-0.525,-0.01,-0.3,0,0
NaN,NaN,NaN,NaN,NaN,2,5.87979591482562,NaN,0.525,7.88,-0.3,0,NaN
NaN,NaN,NaN,NaN,NaN,3,8.33450658407563,NaN,-0.525,7.84,10.5,0,NaN
NaN,NaN,NaN,NaN,NaN,4,11.82495665954,NaN,0.525,0,15.1,0,NaN
NaN,NaN,NaN,NaN,NaN,0,0,NaN,0.505,0,0,NaN,NaN
NaN,NaN,NaN,NaN,NaN,0,0,NaN,0.505,0,0,NaN,NaN
NaN,NaN,NaN,NaN,NaN,NaN,NaN,NaN,-0.505,NaN,NaN,NaN,NaN
NaN,NaN,NaN,NaN,NaN,NaN,NaN,NaN,-0.505,NaN,NaN,NaN,NaN
6,4,4,1,4,2,5.2033354687162,1693384939.98149,-0.525,-0.01,-0.3,0,0
NaN,NaN,NaN,NaN,NaN,1,5.07188327941407,NaN,0.525,7.88,-0.3,0,NaN
NaN,NaN,NaN,NaN,NaN,3,7.90257552953466,NaN,-0.525,7.84,10.5,0,NaN
NaN,NaN,NaN,NaN,NaN,4,12.2357958466133,NaN,0.525,0,15.1,0,NaN
NaN,NaN,NaN,NaN,NaN,0,0,NaN,0.505,0,0,NaN,NaN
NaN,NaN,NaN,NaN,NaN,0,0,NaN,0.505,0,0,NaN,NaN
NaN,NaN,NaN,NaN,NaN,NaN,NaN,NaN,-0.505,NaN,NaN,NaN,NaN
NaN,NaN,NaN,NaN,NaN,NaN,NaN,NaN,-0.505,NaN,NaN,NaN,NaN
6,4,4,4,4,1,5.23366028702666,1693384940.04405,-0.525,-0.01,-0.3,0,0
NaN,NaN,NaN,NaN,NaN,2,6.52472221630929,NaN,0.525,7.88,-0.3,0,NaN
NaN,NaN,NaN,NaN,NaN,3,7.65135282156038,NaN,-0.525,7.84,10.5,0,NaN
NaN,NaN,NaN,NaN,NaN,4,10.9329181831751,NaN,0.525,0,15.1,0,NaN
NaN,NaN,NaN,NaN,NaN,0,0,NaN,0.505,0,0,NaN,NaN
NaN,NaN,NaN,NaN,NaN,0,0,NaN,0.505,0,0,NaN,NaN
NaN,NaN,NaN,NaN,NaN,NaN,NaN,NaN,-0.505,NaN,NaN,NaN,NaN
NaN,NaN,NaN,NaN,NaN,NaN,NaN,NaN,-0.505,NaN,NaN,NaN,NaN
6,4,4,3,4,1,5.75874986433688,1693384940.04595,-0.525,-0.01,-0.3,0,0
NaN,NaN,NaN,NaN,NaN,2,6.00079994667378,NaN,0.525,7.88,-0.3,0,NaN
NaN,NaN,NaN,NaN,NaN,3,6.99776392857033,NaN,-0.525,7.84,10.5,0,NaN
NaN,NaN,NaN,NaN,NaN,4,11.2737349622918,NaN,0.525,0,15.1,0,NaN
NaN,NaN,NaN,NaN,NaN,0,0,NaN,0.505,0,0,NaN,NaN
NaN,NaN,NaN,NaN,NaN,0,0,NaN,0.505,0,0,NaN,NaN
NaN,NaN,NaN,NaN,NaN,NaN,NaN,NaN,-0.505,NaN,NaN,NaN,NaN
NaN,NaN,NaN,NaN,NaN,NaN,NaN,NaN,-0.505,NaN,NaN,NaN,NaN
6,4,4,2,4,1,4.24066032593982,1693384940.07599,-0.525,-0.01,-0.3,0,0
NaN,NaN,NaN,NaN,NaN,2,5.87979591482562,NaN,0.525,7.88,-0.3,0,NaN
NaN,NaN,NaN,NaN,NaN,3,8.31442120655431,NaN,-0.525,7.84,10.5,0,NaN
NaN,NaN,NaN,NaN,NaN,4,11.8349778200046,NaN,0.525,0,15.1,0,NaN
NaN,NaN,NaN,NaN,NaN,0,0,NaN,0.505,0,0,NaN,NaN
NaN,NaN,NaN,NaN,NaN,0,0,NaN,0.505,0,0,NaN,NaN
NaN,NaN,NaN,NaN,NaN,NaN,NaN,NaN,-0.505,NaN,NaN,NaN,NaN
NaN,NaN,NaN,NaN,NaN,NaN,NaN,NaN,-0.505,NaN,NaN,NaN,NaN
6,4,4,1,4,2,5.21344415909483,1693384940.08222,-0.525,-0.01,-0.3,0,0
NaN,NaN,NaN,NaN,NaN,1,5.07188327941407,NaN,0.525,7.88,-0.3,0,NaN
NaN,NaN,NaN,NaN,NaN,3,7.7719495623685,NaN,-0.525,7.84,10.5,0,NaN
NaN,NaN,NaN,NaN,NaN,4,12.255835344847,NaN,0.525,0,15.1,0,NaN
NaN,NaN,NaN,NaN,NaN,0,0,NaN,0.505,0,0,NaN,NaN
NaN,NaN,NaN,NaN,NaN,0,0,NaN,0.505,0,0,NaN,NaN
NaN,NaN,NaN,NaN,NaN,NaN,NaN,NaN,-0.505,NaN,NaN,NaN,NaN
NaN,NaN,NaN,NaN,NaN,NaN,NaN,NaN,-0.505,NaN,NaN,NaN,NaN
6,4,4,4,4,1,5.24376772940984,1693384940.14813,-0.525,-0.01,-0.3,0,0
NaN,NaN,NaN,NaN,NaN,2,6.48444292133102,NaN,0.525,7.88,-0.3,0,NaN
NaN,NaN,NaN,NaN,NaN,3,7.59104735856654,NaN,-0.525,7.84,10.5,0,NaN
NaN,NaN,NaN,NaN,NaN,4,10.9629922922531,NaN,0.525,0,15.1,0,NaN
NaN,NaN,NaN,NaN,NaN,0,0,NaN,0.505,0,0,NaN,NaN
NaN,NaN,NaN,NaN,NaN,0,0,NaN,0.505,0,0,NaN,NaN
NaN,NaN,NaN,NaN,NaN,NaN,NaN,NaN,-0.505,NaN,NaN,NaN,NaN
NaN,NaN,NaN,NaN,NaN,NaN,NaN,NaN,-0.505,NaN,NaN,NaN,NaN
6,4,4,3,4,1,5.83945202908629,1693384940.1501,-0.525,-0.01,-0.3,0,0
NaN,NaN,NaN,NaN,NaN,2,6.00079994667378,NaN,0.525,7.88,-0.3,0,NaN
NaN,NaN,NaN,NaN,NaN,3,7.02794422288623,NaN,-0.525,7.84,10.5,0,NaN
NaN,NaN,NaN,NaN,NaN,4,11.3138278226248,NaN,0.525,0,15.1,0,NaN
NaN,NaN,NaN,NaN,NaN,0,0,NaN,0.505,0,0,NaN,NaN
NaN,NaN,NaN,NaN,NaN,0,0,NaN,0.505,0,0,NaN,NaN
NaN,NaN,NaN,NaN,NaN,NaN,NaN,NaN,-0.505,NaN,NaN,NaN,NaN
NaN,NaN,NaN,NaN,NaN,NaN,NaN,NaN,-0.505,NaN,NaN,NaN,NaN
6,4,4,2,4,1,4.2609858014314,1693384940.17411,-0.525,-0.01,-0.3,0,0
NaN,NaN,NaN,NaN,NaN,2,5.89996610159753,NaN,0.525,7.88,-0.3,0,NaN
NaN,NaN,NaN,NaN,NaN,3,8.29433541641523,NaN,-0.525,7.84,10.5,0,NaN
NaN,NaN,NaN,NaN,NaN,4,11.8650410871602,NaN,0.525,0,15.1,0,NaN
NaN,NaN,NaN,NaN,NaN,0,0,NaN,0.505,0,0,NaN,NaN
NaN,NaN,NaN,NaN,NaN,0,0,NaN,0.505,0,0,NaN,NaN
NaN,NaN,NaN,NaN,NaN,NaN,NaN,NaN,-0.505,NaN,NaN,NaN,NaN
NaN,NaN,NaN,NaN,NaN,NaN,NaN,NaN,-0.505,NaN,NaN,NaN,NaN
6,4,4,1,4,2,5.21344415909483,1693384940.18466,-0.525,-0.01,-0.3,0,0
NaN,NaN,NaN,NaN,NaN,1,5.03142127037679,NaN,0.525,7.88,-0.3,0,NaN
NaN,NaN,NaN,NaN,NaN,3,7.82219278719209,NaN,-0.525,7.84,10.5,0,NaN
NaN,NaN,NaN,NaN,NaN,4,12.175676572577,NaN,0.525,0,15.1,0,NaN
NaN,NaN,NaN,NaN,NaN,0,0,NaN,0.505,0,0,NaN,NaN
NaN,NaN,NaN,NaN,NaN,0,0,NaN,0.505,0,0,NaN,NaN
NaN,NaN,NaN,NaN,NaN,NaN,NaN,NaN,-0.505,NaN,NaN,NaN,NaN
NaN,NaN,NaN,NaN,NaN,NaN,NaN,NaN,-0.505,NaN,NaN,NaN,NaN
6,4,4,4,4,1,5.22355243105686,1693384940.2433,-0.525,-0.01,-0.3,0,0
NaN,NaN,NaN,NaN,NaN,2,6.52472221630929,NaN,0.525,7.88,-0.3,0,NaN
NaN,NaN,NaN,NaN,NaN,3,7.62120069280425,NaN,-0.525,7.84,10.5,0,NaN
NaN,NaN,NaN,NaN,NaN,4,10.8928187352953,NaN,0.525,0,15.1,0,NaN
NaN,NaN,NaN,NaN,NaN,0,0,NaN,0.505,0,0,NaN,NaN
NaN,NaN,NaN,NaN,NaN,0,0,NaN,0.505,0,0,NaN,NaN
NaN,NaN,NaN,NaN,NaN,NaN,NaN,NaN,-0.505,NaN,NaN,NaN,NaN
NaN,NaN,NaN,NaN,NaN,NaN,NaN,NaN,-0.505,NaN,NaN,NaN,NaN
6,4,4,3,4,1,5.80919099358938,1693384940.24518,-0.525,-0.01,-0.3,0,0
NaN,NaN,NaN,NaN,NaN,2,5.99071782009468,NaN,0.525,7.88,-0.3,0,NaN
NaN,NaN,NaN,NaN,NaN,3,7.04806356384504,NaN,-0.525,7.84,10.5,0,NaN
NaN,NaN,NaN,NaN,NaN,4,11.2536882842915,NaN,0.525,0,15.1,0,NaN
NaN,NaN,NaN,NaN,NaN,0,0,NaN,0.505,0,0,NaN,NaN
NaN,NaN,NaN,NaN,NaN,0,0,NaN,0.505,0,0,NaN,NaN
NaN,NaN,NaN,NaN,NaN,NaN,NaN,NaN,-0.505,NaN,NaN,NaN,NaN
NaN,NaN,NaN,NaN,NaN,NaN,NaN,NaN,-0.505,NaN,NaN,NaN,NaN
6,4,4,2,4,1,4.2609858014314,1693384940.27376,-0.525,-0.01,-0.3,0,0
NaN,NaN,NaN,NaN,NaN,2,5.88988115330012,NaN,0.525,7.88,-0.3,0,NaN
NaN,NaN,NaN,NaN,NaN,3,8.38471824213551,NaN,-0.525,7.84,10.5,0,NaN
NaN,NaN,NaN,NaN,NaN,4,11.8550200337241,NaN,0.525,0,15.1,0,NaN
NaN,NaN,NaN,NaN,NaN,0,0,NaN,0.505,0,0,NaN,NaN
NaN,NaN,NaN,NaN,NaN,0,0,NaN,0.505,0,0,NaN,NaN
NaN,NaN,NaN,NaN,NaN,NaN,NaN,NaN,-0.505,NaN,NaN,NaN,NaN
NaN,NaN,NaN,NaN,NaN,NaN,NaN,NaN,-0.505,NaN,NaN,NaN,NaN
6,4,4,1,4,2,5.1831168229165,1693384940.28175,-0.525,-0.01,-0.3,0,0
NaN,NaN,NaN,NaN,NaN,1,5.0415374639092,NaN,0.525,7.88,-0.3,0,NaN
NaN,NaN,NaN,NaN,NaN,3,7.7719495623685,NaN,-0.525,7.84,10.5,0,NaN
NaN,NaN,NaN,NaN,NaN,4,12.1957164611186,NaN,0.525,0,15.1,0,NaN
NaN,NaN,NaN,NaN,NaN,0,0,NaN,0.505,0,0,NaN,NaN
NaN,NaN,NaN,NaN,NaN,0,0,NaN,0.505,0,0,NaN,NaN
NaN,NaN,NaN,NaN,NaN,NaN,NaN,NaN,-0.505,NaN,NaN,NaN,NaN
NaN,NaN,NaN,NaN,NaN,NaN,NaN,NaN,-0.505,NaN,NaN,NaN,NaN
6,4,4,4,4,1,5.19322635747759,1693384940.3436,-0.525,-0.01,-0.3,0,0
NaN,NaN,NaN,NaN,NaN,2,6.47437255647217,NaN,0.525,7.88,-0.3,0,NaN
NaN,NaN,NaN,NaN,NaN,3,7.64130224503651,NaN,-0.525,7.84,10.5,0,NaN
NaN,NaN,NaN,NaN,NaN,4,10.9629922922531,NaN,0.525,0,15.1,0,NaN
NaN,NaN,NaN,NaN,NaN,0,0,NaN,0.505,0,0,NaN,NaN
NaN,NaN,NaN,NaN,NaN,0,0,NaN,0.505,0,0,NaN,NaN
NaN,NaN,NaN,NaN,NaN,NaN,NaN,NaN,-0.505,NaN,NaN,NaN,NaN
NaN,NaN,NaN,NaN,NaN,NaN,NaN,NaN,-0.505,NaN,NaN,NaN,NaN
6,4,4,3,4,1,5.81927830576954,1693384940.34605,-0.525,-0.01,-0.3,0,0
NaN,NaN,NaN,NaN,NaN,2,5.98063541774618,NaN,0.525,7.88,-0.3,0,NaN
NaN,NaN,NaN,NaN,NaN,3,7.01788429656688,NaN,-0.525,7.84,10.5,0,NaN
NaN,NaN,NaN,NaN,NaN,4,11.2336414398894,NaN,0.525,0,15.1,0,NaN
NaN,NaN,NaN,NaN,NaN,0,0,NaN,0.505,0,0,NaN,NaN
NaN,NaN,NaN,NaN,NaN,0,0,NaN,0.505,0,0,NaN,NaN
NaN,NaN,NaN,NaN,NaN,NaN,NaN,NaN,-0.505,NaN,NaN,NaN,NaN
NaN,NaN,NaN,NaN,NaN,NaN,NaN,NaN,-0.505,NaN,NaN,NaN,NaN
6,4,4,2,4,1,4.2711473868271,1693384940.37378,-0.525,-0.01,-0.3,0,0
NaN,NaN,NaN,NaN,NaN,2,5.92013513359281,NaN,0.525,7.88,-0.3,0,NaN
NaN,NaN,NaN,NaN,NaN,3,8.33450658407563,NaN,-0.525,7.84,10.5,0,NaN
NaN,NaN,NaN,NaN,NaN,4,11.7848716581896,NaN,0.525,0,15.1,0,NaN
NaN,NaN,NaN,NaN,NaN,0,0,NaN,0.505,0,0,NaN,NaN
NaN,NaN,NaN,NaN,NaN,0,0,NaN,0.505,0,0,NaN,NaN
NaN,NaN,NaN,NaN,NaN,NaN,NaN,NaN,-0.505,NaN,NaN,NaN,NaN
NaN,NaN,NaN,NaN,NaN,NaN,NaN,NaN,-0.505,NaN,NaN,NaN,NaN
6,4,4,1,4,2,5.17300686255103,1693384940.38165,-0.525,-0.01,-0.3,0,0
NaN,NaN,NaN,NaN,NaN,1,5.05165319474724,NaN,0.525,7.88,-0.3,0,NaN
NaN,NaN,NaN,NaN,NaN,3,7.83224105859875,NaN,-0.525,7.84,10.5,0,NaN
NaN,NaN,NaN,NaN,NaN,4,12.1957164611186,NaN,0.525,0,15.1,0,NaN
NaN,NaN,NaN,NaN,NaN,0,0,NaN,0.505,0,0,NaN,NaN
NaN,NaN,NaN,NaN,NaN,0,0,NaN,0.505,0,0,NaN,NaN
NaN,NaN,NaN,NaN,NaN,NaN,NaN,NaN,-0.505,NaN,NaN,NaN,NaN
NaN,NaN,NaN,NaN,NaN,NaN,NaN,NaN,-0.505,NaN,NaN,NaN,NaN
6,4,4,4,4,1,5.19322635747759,1693384940.44344,-0.525,-0.01,-0.3,0,0
NaN,NaN,NaN,NaN,NaN,2,6.49451306873733,NaN,0.525,7.88,-0.3,0,NaN
NaN,NaN,NaN,NaN,NaN,3,7.60109860480707,NaN,-0.525,7.84,10.5,0,NaN
NaN,NaN,NaN,NaN,NaN,4,10.9329181831751,NaN,0.525,0,15.1,0,NaN
NaN,NaN,NaN,NaN,NaN,0,0,NaN,0.505,0,0,NaN,NaN
NaN,NaN,NaN,NaN,NaN,0,0,NaN,0.505,0,0,NaN,NaN
NaN,NaN,NaN,NaN,NaN,NaN,NaN,NaN,-0.505,NaN,NaN,NaN,NaN
NaN,NaN,NaN,NaN,NaN,NaN,NaN,NaN,-0.505,NaN,NaN,NaN,NaN
6,4,4,3,4,1,5.79910337897161,1693384940.446,-0.525,-0.01,-0.3,0,0
NaN,NaN,NaN,NaN,NaN,2,5.98063541774618,NaN,0.525,7.88,-0.3,0,NaN
NaN,NaN,NaN,NaN,NaN,3,7.07824130699145,NaN,-0.525,7.84,10.5,0,NaN
NaN,NaN,NaN,NaN,NaN,4,11.2536882842915,NaN,0.525,0,15.1,0,NaN
NaN,NaN,NaN,NaN,NaN,0,0,NaN,0.505,0,0,NaN,NaN
NaN,NaN,NaN,NaN,NaN,0,0,NaN,0.505,0,0,NaN,NaN
NaN,NaN,NaN,NaN,NaN,NaN,NaN,NaN,-0.505,NaN,NaN,NaN,NaN
NaN,NaN,NaN,NaN,NaN,NaN,NaN,NaN,-0.505,NaN,NaN,NaN,NaN
6,4,4,2,4,1,4.2609858014314,1693384940.47393,-0.525,-0.01,-0.3,0,0
NaN,NaN,NaN,NaN,NaN,2,5.85962456135203,NaN,0.525,7.88,-0.3,0,NaN
NaN,NaN,NaN,NaN,NaN,3,8.37467611314014,NaN,-0.525,7.84,10.5,0,NaN
NaN,NaN,NaN,NaN,NaN,4,11.7447860772344,NaN,0.525,0,15.1,0,NaN
NaN,NaN,NaN,NaN,NaN,0,0,NaN,0.505,0,0,NaN,NaN
NaN,NaN,NaN,NaN,NaN,0,0,NaN,0.505,0,0,NaN,NaN
NaN,NaN,NaN,NaN,NaN,NaN,NaN,NaN,-0.505,NaN,NaN,NaN,NaN
NaN,NaN,NaN,NaN,NaN,NaN,NaN,NaN,-0.505,NaN,NaN,NaN,NaN
6,4,4,1,4,2,5.19322635747759,1693384940.4824,-0.525,-0.01,-0.3,0,0
NaN,NaN,NaN,NaN,NaN,1,5.09211154630375,NaN,0.525,7.88,-0.3,0,NaN
NaN,NaN,NaN,NaN,NaN,3,7.79204722778295,NaN,-0.525,7.84,10.5,0,NaN
NaN,NaN,NaN,NaN,NaN,4,12.1957164611186,NaN,0.525,0,15.1,0,NaN
NaN,NaN,NaN,NaN,NaN,0,0,NaN,0.505,0,0,NaN,NaN
NaN,NaN,NaN,NaN,NaN,0,0,NaN,0.505,0,0,NaN,NaN
NaN,NaN,NaN,NaN,NaN,NaN,NaN,NaN,-0.505,NaN,NaN,NaN,NaN
NaN,NaN,NaN,NaN,NaN,NaN,NaN,NaN,-0.505,NaN,NaN,NaN,NaN
6,4,4,4,4,1,5.21344415909483,1693384940.54333,-0.525,-0.01,-0.3,0,0
NaN,NaN,NaN,NaN,NaN,2,6.48444292133102,NaN,0.525,7.88,-0.3,0,NaN
NaN,NaN,NaN,NaN,NaN,3,7.60109860480707,NaN,-0.525,7.84,10.5,0,NaN
NaN,NaN,NaN,NaN,NaN,4,10.9128685504775,NaN,0.525,0,15.1,0,NaN
NaN,NaN,NaN,NaN,NaN,0,0,NaN,0.505,0,0,NaN,NaN
NaN,NaN,NaN,NaN,NaN,0,0,NaN,0.505,0,0,NaN,NaN
NaN,NaN,NaN,NaN,NaN,NaN,NaN,NaN,-0.505,NaN,NaN,NaN,NaN
NaN,NaN,NaN,NaN,NaN,NaN,NaN,NaN,-0.505,NaN,NaN,NaN,NaN
6,4,4,3,4,1,5.7890154603352,1693384940.54605,-0.525,-0.01,-0.3,0,0
NaN,NaN,NaN,NaN,NaN,2,5.98063541774618,NaN,0.525,7.88,-0.3,0,NaN
NaN,NaN,NaN,NaN,NaN,3,7.1184759604848,NaN,-0.525,7.84,10.5,0,NaN
NaN,NaN,NaN,NaN,NaN,4,11.223617955009,NaN,0.525,0,15.1,0,NaN
NaN,NaN,NaN,NaN,NaN,0,0,NaN,0.505,0,0,NaN,NaN
NaN,NaN,NaN,NaN,NaN,0,0,NaN,0.505,0,0,NaN,NaN
NaN,NaN,NaN,NaN,NaN,NaN,NaN,NaN,-0.505,NaN,NaN,NaN,NaN
NaN,NaN,NaN,NaN,NaN,NaN,NaN,NaN,-0.505,NaN,NaN,NaN,NaN
6,4,4,2,4,1,4.2609858014314,1693384940.57449,-0.525,-0.01,-0.3,0,0
NaN,NaN,NaN,NaN,NaN,2,5.88988115330012,NaN,0.525,7.88,-0.3,0,NaN
NaN,NaN,NaN,NaN,NaN,3,8.32446394670552,NaN,-0.525,7.84,10.5,0,NaN
NaN,NaN,NaN,NaN,NaN,4,11.8750621051008,NaN,0.525,0,15.1,0,NaN
NaN,NaN,NaN,NaN,NaN,0,0,NaN,0.505,0,0,NaN,NaN
NaN,NaN,NaN,NaN,NaN,0,0,NaN,0.505,0,0,NaN,NaN
NaN,NaN,NaN,NaN,NaN,NaN,NaN,NaN,-0.505,NaN,NaN,NaN,NaN
NaN,NaN,NaN,NaN,NaN,NaN,NaN,NaN,-0.505,NaN,NaN,NaN,NaN
6,4,4,1,4,2,5.2033354687162,1693384940.58153,-0.525,-0.01,-0.3,0,0
NaN,NaN,NaN,NaN,NaN,1,5.07188327941407,NaN,0.525,7.88,-0.3,0,NaN
NaN,NaN,NaN,NaN,NaN,3,7.84228920660288,NaN,-0.525,7.84,10.5,0,NaN
NaN,NaN,NaN,NaN,NaN,4,12.155636552645,NaN,0.525,0,15.1,0,NaN
NaN,NaN,NaN,NaN,NaN,0,0,NaN,0.505,0,0,NaN,NaN
NaN,NaN,NaN,NaN,NaN,0,0,NaN,0.505,0,0,NaN,NaN
NaN,NaN,NaN,NaN,NaN,NaN,NaN,NaN,-0.505,NaN,NaN,NaN,NaN
NaN,NaN,NaN,NaN,NaN,NaN,NaN,NaN,-0.505,NaN,NaN,NaN,NaN
6,4,4,4,4,1,5.23366028702666,1693384940.64331,-0.525,-0.01,-0.3,0,0
NaN,NaN,NaN,NaN,NaN,2,6.50458299970106,NaN,0.525,7.88,-0.3,0,NaN
NaN,NaN,NaN,NaN,NaN,3,7.64130224503651,NaN,-0.525,7.84,10.5,0,NaN
NaN,NaN,NaN,NaN,NaN,4,10.9128685504775,NaN,0.525,0,15.1,0,NaN
NaN,NaN,NaN,NaN,NaN,0,0,NaN,0.505,0,0,NaN,NaN
NaN,NaN,NaN,NaN,NaN,0,0,NaN,0.505,0,0,NaN,NaN
NaN,NaN,NaN,NaN,NaN,NaN,NaN,NaN,-0.505,NaN,NaN,NaN,NaN
NaN,NaN,NaN,NaN,NaN,NaN,NaN,NaN,-0.505,NaN,NaN,NaN,NaN
6,4,4,3,4,1,5.80919099358938,1693384940.64488,-0.525,-0.01,-0.3,0,0
NaN,NaN,NaN,NaN,NaN,2,6.03104468562454,NaN,0.525,7.88,-0.3,0,NaN
NaN,NaN,NaN,NaN,NaN,3,6.98770348540921,NaN,-0.525,7.84,10.5,0,NaN
NaN,NaN,NaN,NaN,NaN,4,11.2436648829463,NaN,0.525,0,15.1,0,NaN
NaN,NaN,NaN,NaN,NaN,0,0,NaN,0.505,0,0,NaN,NaN
NaN,NaN,NaN,NaN,NaN,0,0,NaN,0.505,0,0,NaN,NaN
NaN,NaN,NaN,NaN,NaN,NaN,NaN,NaN,-0.505,NaN,NaN,NaN,NaN
NaN,NaN,NaN,NaN,NaN,NaN,NaN,NaN,-0.505,NaN,NaN,NaN,NaN
6,4,4,2,4,1,4.25082344963891,1693384940.67427,-0.525,-0.01,-0.3,0,0
NaN,NaN,NaN,NaN,NaN,2,5.84953844333038,NaN,0.525,7.88,-0.3,0,NaN
NaN,NaN,NaN,NaN,NaN,3,8.28429236567614,NaN,-0.525,7.84,10.5,0,NaN
NaN,NaN,NaN,NaN,NaN,4,11.8049142309464,NaN,0.525,0,15.1,0,NaN
NaN,NaN,NaN,NaN,NaN,0,0,NaN,0.505,0,0,NaN,NaN
NaN,NaN,NaN,NaN,NaN,0,0,NaN,0.505,0,0,NaN,NaN
NaN,NaN,NaN,NaN,NaN,NaN,NaN,NaN,-0.505,NaN,NaN,NaN,NaN
NaN,NaN,NaN,NaN,NaN,NaN,NaN,NaN,-0.505,NaN,NaN,NaN,NaN
6,4,4,1,4,2,5.21344415909483,1693384940.68226,-0.525,-0.01,-0.3,0,0
NaN,NaN,NaN,NaN,NaN,1,5.02130461135351,NaN,0.525,7.88,-0.3,0,NaN
NaN,NaN,NaN,NaN,NaN,3,7.7819984579798,NaN,-0.525,7.84,10.5,0,NaN
NaN,NaN,NaN,NaN,NaN,4,12.1957164611186,NaN,0.525,0,15.1,0,NaN
NaN,NaN,NaN,NaN,NaN,0,0,NaN,0.505,0,0,NaN,NaN
NaN,NaN,NaN,NaN,NaN,0,0,NaN,0.505,0,0,NaN,NaN
NaN,NaN,NaN,NaN,NaN,NaN,NaN,NaN,-0.505,NaN,NaN,NaN,NaN
NaN,NaN,NaN,NaN,NaN,NaN,NaN,NaN,-0.505,NaN,NaN,NaN,NaN
6,4,4,4,4,1,5.24376772940984,1693384940.7449,-0.525,-0.01,-0.3,0,0
NaN,NaN,NaN,NaN,NaN,2,6.56499809596317,NaN,0.525,7.88,-0.3,0,NaN
NaN,NaN,NaN,NaN,NaN,3,7.70160372909435,NaN,-0.525,7.84,10.5,0,NaN
NaN,NaN,NaN,NaN,NaN,4,10.9529676343902,NaN,0.525,0,15.1,0,NaN
NaN,NaN,NaN,NaN,NaN,0,0,NaN,0.505,0,0,NaN,NaN
NaN,NaN,NaN,NaN,NaN,0,0,NaN,0.505,0,0,NaN,NaN
NaN,NaN,NaN,NaN,NaN,NaN,NaN,NaN,-0.505,NaN,NaN,NaN,NaN
NaN,NaN,NaN,NaN,NaN,NaN,NaN,NaN,-0.505,NaN,NaN,NaN,NaN
6,4,4,3,4,1,5.79910337897161,1693384940.74694,-0.525,-0.01,-0.3,0,0
NaN,NaN,NaN,NaN,NaN,2,6.01088179887111,NaN,0.525,7.88,-0.3,0,NaN
NaN,NaN,NaN,NaN,NaN,3,7.04806356384504,NaN,-0.525,7.84,10.5,0,NaN
NaN,NaN,NaN,NaN,NaN,4,11.2837582391684,NaN,0.525,0,15.1,0,NaN
NaN,NaN,NaN,NaN,NaN,0,0,NaN,0.505,0,0,NaN,NaN
NaN,NaN,NaN,NaN,NaN,0,0,NaN,0.505,0,0,NaN,NaN
NaN,NaN,NaN,NaN,NaN,NaN,NaN,NaN,-0.505,NaN,NaN,NaN,NaN
NaN,NaN,NaN,NaN,NaN,NaN,NaN,NaN,-0.505,NaN,NaN,NaN,NaN
6,4,4,2,4,1,4.25082344963891,1693384940.77534,-0.525,-0.01,-0.3,0,0
NaN,NaN,NaN,NaN,NaN,2,5.91005076120332,NaN,0.525,7.88,-0.3,0,NaN
NaN,NaN,NaN,NaN,NaN,3,8.34454911903573,NaN,-0.525,7.84,10.5,0,NaN
NaN,NaN,NaN,NaN,NaN,4,11.8149354632177,NaN,0.525,0,15.1,0,NaN
NaN,NaN,NaN,NaN,NaN,0,0,NaN,0.505,0,0,NaN,NaN
NaN,NaN,NaN,NaN,NaN,0,0,NaN,0.505,0,0,NaN,NaN
NaN,NaN,NaN,NaN,NaN,NaN,NaN,NaN,-0.505,NaN,NaN,NaN,NaN
NaN,NaN,NaN,NaN,NaN,NaN,NaN,NaN,-0.505,NaN,NaN,NaN,NaN
6,4,4,1,4,2,5.17300686255103,1693384940.78209,-0.525,-0.01,-0.3,0,0
NaN,NaN,NaN,NaN,NaN,1,5.00106988553449,NaN,0.525,7.88,-0.3,0,NaN
NaN,NaN,NaN,NaN,NaN,3,7.79204722778295,NaN,-0.525,7.84,10.5,0,NaN
NaN,NaN,NaN,NaN,NaN,4,12.2057363563203,NaN,0.525,0,15.1,0,NaN
NaN,NaN,NaN,NaN,NaN,0,0,NaN,0.505,0,0,NaN,NaN
NaN,NaN,NaN,NaN,NaN,0,0,NaN,0.505,0,0,NaN,NaN
NaN,NaN,NaN,NaN,NaN,NaN,NaN,NaN,-0.505,NaN,NaN,NaN,NaN
NaN,NaN,NaN,NaN,NaN,NaN,NaN,NaN,-0.505,NaN,NaN,NaN,NaN
6,4,4,4,4,1,5.2033354687162,1693384940.84241,-0.525,-0.01,-0.3,0,0
NaN,NaN,NaN,NaN,NaN,2,6.48444292133102,NaN,0.525,7.88,-0.3,0,NaN
NaN,NaN,NaN,NaN,NaN,3,7.67145357803852,NaN,-0.525,7.84,10.5,0,NaN
NaN,NaN,NaN,NaN,NaN,4,10.9128685504775,NaN,0.525,0,15.1,0,NaN
NaN,NaN,NaN,NaN,NaN,0,0,NaN,0.505,0,0,NaN,NaN
NaN,NaN,NaN,NaN,NaN,0,0,NaN,0.505,0,0,NaN,NaN
NaN,NaN,NaN,NaN,NaN,NaN,NaN,NaN,-0.505,NaN,NaN,NaN,NaN
NaN,NaN,NaN,NaN,NaN,NaN,NaN,NaN,-0.505,NaN,NaN,NaN,NaN
6,4,4,3,4,1,5.75874986433688,1693384940.84548,-0.525,-0.01,-0.3,0,0
NaN,NaN,NaN,NaN,NaN,2,6.00079994667378,NaN,0.525,7.88,-0.3,0,NaN
NaN,NaN,NaN,NaN,NaN,3,7.04806356384504,NaN,-0.525,7.84,10.5,0,NaN
NaN,NaN,NaN,NaN,NaN,4,11.3138278226248,NaN,0.525,0,15.1,0,NaN
NaN,NaN,NaN,NaN,NaN,0,0,NaN,0.505,0,0,NaN,NaN
NaN,NaN,NaN,NaN,NaN,0,0,NaN,0.505,0,0,NaN,NaN
NaN,NaN,NaN,NaN,NaN,NaN,NaN,NaN,-0.505,NaN,NaN,NaN,NaN
NaN,NaN,NaN,NaN,NaN,NaN,NaN,NaN,-0.505,NaN,NaN,NaN,NaN
6,4,4,2,3,2,5.87979591482562,1693384940.8762,-0.525,-0.01,-0.3,0,0
NaN,NaN,NaN,NaN,NaN,3,8.34454911903573,NaN,0.525,7.88,-0.3,0,NaN
NaN,NaN,NaN,NaN,NaN,4,11.7948929626343,NaN,-0.525,7.84,10.5,0,NaN
NaN,NaN,NaN,NaN,NaN,0,0,NaN,0.525,0,15.1,0,NaN
NaN,NaN,NaN,NaN,NaN,0,0,NaN,0.505,0,0,NaN,NaN
NaN,NaN,NaN,NaN,NaN,0,0,NaN,0.505,0,0,NaN,NaN
NaN,NaN,NaN,NaN,NaN,NaN,NaN,NaN,-0.505,NaN,NaN,NaN,NaN
NaN,NaN,NaN,NaN,NaN,NaN,NaN,NaN,-0.505,NaN,NaN,NaN,NaN
6,4,4,1,4,1,5.03142127037679,1693384940.88187,-0.525,-0.01,-0.3,0,0
NaN,NaN,NaN,NaN,NaN,2,5.2033354687162,NaN,0.525,7.88,-0.3,0,NaN
NaN,NaN,NaN,NaN,NaN,3,7.81214439190674,NaN,-0.525,7.84,10.5,0,NaN
NaN,NaN,NaN,NaN,NaN,4,12.2257760489876,NaN,0.525,0,15.1,0,NaN
NaN,NaN,NaN,NaN,NaN,0,0,NaN,0.505,0,0,NaN,NaN
NaN,NaN,NaN,NaN,NaN,0,0,NaN,0.505,0,0,NaN,NaN
NaN,NaN,NaN,NaN,NaN,NaN,NaN,NaN,-0.505,NaN,NaN,NaN,NaN
NaN,NaN,NaN,NaN,NaN,NaN,NaN,NaN,-0.505,NaN,NaN,NaN,NaN
6,4,4,4,4,1,5.23366028702666,1693384940.94372,-0.525,-0.01,-0.3,0,0
NaN,NaN,NaN,NaN,NaN,2,6.4542311703254,NaN,0.525,7.88,-0.3,0,NaN
NaN,NaN,NaN,NaN,NaN,3,7.68150375903052,NaN,-0.525,7.84,10.5,0,NaN
NaN,NaN,NaN,NaN,NaN,4,10.9028436657599,NaN,0.525,0,15.1,0,NaN
NaN,NaN,NaN,NaN,NaN,0,0,NaN,0.505,0,0,NaN,NaN
NaN,NaN,NaN,NaN,NaN,0,0,NaN,0.505,0,0,NaN,NaN
NaN,NaN,NaN,NaN,NaN,NaN,NaN,NaN,-0.505,NaN,NaN,NaN,NaN
NaN,NaN,NaN,NaN,NaN,NaN,NaN,NaN,-0.505,NaN,NaN,NaN,NaN
6,4,4,3,4,1,5.82936531708213,1693384940.94558,-0.525,-0.01,-0.3,0,0
NaN,NaN,NaN,NaN,NaN,2,5.97055273823119,NaN,0.525,7.88,-0.3,0,NaN
NaN,NaN,NaN,NaN,NaN,3,7.04806356384504,NaN,-0.525,7.84,10.5,0,NaN
NaN,NaN,NaN,NaN,NaN,4,11.2436648829463,NaN,0.525,0,15.1,0,NaN
NaN,NaN,NaN,NaN,NaN,0,0,NaN,0.505,0,0,NaN,NaN
NaN,NaN,NaN,NaN,NaN,0,0,NaN,0.505,0,0,NaN,NaN
NaN,NaN,NaN,NaN,NaN,NaN,NaN,NaN,-0.505,NaN,NaN,NaN,NaN
NaN,NaN,NaN,NaN,NaN,NaN,NaN,NaN,-0.505,NaN,NaN,NaN,NaN
6,4,4,2,4,1,4.23049642477097,1693384940.96726,-0.525,-0.01,-0.3,0,0
NaN,NaN,NaN,NaN,NaN,2,5.87979591482562,NaN,0.525,7.88,-0.3,0,NaN
NaN,NaN,NaN,NaN,NaN,3,8.34454911903573,NaN,-0.525,7.84,10.5,0,NaN
NaN,NaN,NaN,NaN,NaN,4,11.7548075271354,NaN,0.525,0,15.1,0,NaN
NaN,NaN,NaN,NaN,NaN,0,0,NaN,0.505,0,0,NaN,NaN
NaN,NaN,NaN,NaN,NaN,0,0,NaN,0.505,0,0,NaN,NaN
NaN,NaN,NaN,NaN,NaN,NaN,NaN,NaN,-0.505,NaN,NaN,NaN,NaN
NaN,NaN,NaN,NaN,NaN,NaN,NaN,NaN,-0.505,NaN,NaN,NaN,NaN
6,4,4,1,4,1,5.00106988553449,1693384940.98277,-0.525,-0.01,-0.3,0,0
NaN,NaN,NaN,NaN,NaN,2,5.19322635747759,NaN,0.525,7.88,-0.3,0,NaN
NaN,NaN,NaN,NaN,NaN,3,7.85233723167822,NaN,-0.525,7.84,10.5,0,NaN
NaN,NaN,NaN,NaN,NaN,4,12.175676572577,NaN,0.525,0,15.1,0,NaN
NaN,NaN,NaN,NaN,NaN,0,0,NaN,0.505,0,0,NaN,NaN
NaN,NaN,NaN,NaN,NaN,0,0,NaN,0.505,0,0,NaN,NaN
NaN,NaN,NaN,NaN,NaN,NaN,NaN,NaN,-0.505,NaN,NaN,NaN,NaN
NaN,NaN,NaN,NaN,NaN,NaN,NaN,NaN,-0.505,NaN,NaN,NaN,NaN
6,4,4,4,4,1,5.22355243105686,1693384941.04358,-0.525,-0.01,-0.3,0,0
NaN,NaN,NaN,NaN,NaN,2,6.50458299970106,NaN,0.525,7.88,-0.3,0,NaN
NaN,NaN,NaN,NaN,NaN,3,7.60109860480707,NaN,-0.525,7.84,10.5,0,NaN
NaN,NaN,NaN,NaN,NaN,4,10.9429429314056,NaN,0.525,0,15.1,0,NaN
NaN,NaN,NaN,NaN,NaN,0,0,NaN,0.505,0,0,NaN,NaN
NaN,NaN,NaN,NaN,NaN,0,0,NaN,0.505,0,0,NaN,NaN
NaN,NaN,NaN,NaN,NaN,NaN,NaN,NaN,-0.505,NaN,NaN,NaN,NaN
NaN,NaN,NaN,NaN,NaN,NaN,NaN,NaN,-0.505,NaN,NaN,NaN,NaN
6,4,4,3,4,1,5.7890154603352,1693384941.04562,-0.525,-0.01,-0.3,0,0
NaN,NaN,NaN,NaN,NaN,2,6.01088179887111,NaN,0.525,7.88,-0.3,0,NaN
NaN,NaN,NaN,NaN,NaN,3,7.01788429656688,NaN,-0.525,7.84,10.5,0,NaN
NaN,NaN,NaN,NaN,NaN,4,11.3138278226248,NaN,0.525,0,15.1,0,NaN
NaN,NaN,NaN,NaN,NaN,0,0,NaN,0.505,0,0,NaN,NaN
NaN,NaN,NaN,NaN,NaN,0,0,NaN,0.505,0,0,NaN,NaN
NaN,NaN,NaN,NaN,NaN,NaN,NaN,NaN,-0.505,NaN,NaN,NaN,NaN
NaN,NaN,NaN,NaN,NaN,NaN,NaN,NaN,-0.505,NaN,NaN,NaN,NaN
6,4,4,2,4,1,4.23049642477097,1693384941.0751,-0.525,-0.01,-0.3,0,0
NaN,NaN,NaN,NaN,NaN,2,5.91005076120332,NaN,0.525,7.88,-0.3,0,NaN
NaN,NaN,NaN,NaN,NaN,3,8.33450658407563,NaN,-0.525,7.84,10.5,0,NaN
NaN,NaN,NaN,NaN,NaN,4,11.8049142309464,NaN,0.525,0,15.1,0,NaN
NaN,NaN,NaN,NaN,NaN,0,0,NaN,0.505,0,0,NaN,NaN
NaN,NaN,NaN,NaN,NaN,0,0,NaN,0.505,0,0,NaN,NaN
NaN,NaN,NaN,NaN,NaN,NaN,NaN,NaN,-0.505,NaN,NaN,NaN,NaN
NaN,NaN,NaN,NaN,NaN,NaN,NaN,NaN,-0.505,NaN,NaN,NaN,NaN
6,4,4,1,4,1,5.0415374639092,1693384941.08205,-0.525,-0.01,-0.3,0,0
NaN,NaN,NaN,NaN,NaN,2,5.1224505854132,NaN,0.525,7.88,-0.3,0,NaN
NaN,NaN,NaN,NaN,NaN,3,7.85233723167822,NaN,-0.525,7.84,10.5,0,NaN
NaN,NaN,NaN,NaN,NaN,4,12.1856965332311,NaN,0.525,0,15.1,0,NaN
NaN,NaN,NaN,NaN,NaN,0,0,NaN,0.505,0,0,NaN,NaN
NaN,NaN,NaN,NaN,NaN,0,0,NaN,0.505,0,0,NaN,NaN
NaN,NaN,NaN,NaN,NaN,NaN,NaN,NaN,-0.505,NaN,NaN,NaN,NaN
NaN,NaN,NaN,NaN,NaN,NaN,NaN,NaN,-0.505,NaN,NaN,NaN,NaN
6,4,4,4,4,1,5.22355243105686,1693384941.14567,-0.525,-0.01,-0.3,0,0
NaN,NaN,NaN,NaN,NaN,2,6.50458299970106,NaN,0.525,7.88,-0.3,0,NaN
NaN,NaN,NaN,NaN,NaN,3,7.63125153562638,NaN,-0.525,7.84,10.5,0,NaN
NaN,NaN,NaN,NaN,NaN,4,10.9429429314056,NaN,0.525,0,15.1,0,NaN
NaN,NaN,NaN,NaN,NaN,0,0,NaN,0.505,0,0,NaN,NaN
NaN,NaN,NaN,NaN,NaN,0,0,NaN,0.505,0,0,NaN,NaN
NaN,NaN,NaN,NaN,NaN,NaN,NaN,NaN,-0.505,NaN,NaN,NaN,NaN
NaN,NaN,NaN,NaN,NaN,NaN,NaN,NaN,-0.505,NaN,NaN,NaN,NaN
6,4,4,3,4,1,5.82936531708213,1693384941.14742,-0.525,-0.01,-0.3,0,0
NaN,NaN,NaN,NaN,NaN,2,6.00079994667378,NaN,0.525,7.88,-0.3,0,NaN
NaN,NaN,NaN,NaN,NaN,3,7.05812297994304,NaN,-0.525,7.84,10.5,0,NaN
NaN,NaN,NaN,NaN,NaN,4,11.2737349622918,NaN,0.525,0,15.1,0,NaN
NaN,NaN,NaN,NaN,NaN,0,0,NaN,0.505,0,0,NaN,NaN
NaN,NaN,NaN,NaN,NaN,0,0,NaN,0.505,0,0,NaN,NaN
NaN,NaN,NaN,NaN,NaN,NaN,NaN,NaN,-0.505,NaN,NaN,NaN,NaN
NaN,NaN,NaN,NaN,NaN,NaN,NaN,NaN,-0.505,NaN,NaN,NaN,NaN
6,4,4,2,4,1,4.23049642477097,1693384941.17401,-0.525,-0.01,-0.3,0,0
NaN,NaN,NaN,NaN,NaN,2,5.87979591482562,NaN,0.525,7.88,-0.3,0,NaN
NaN,NaN,NaN,NaN,NaN,3,8.32446394670552,NaN,-0.525,7.84,10.5,0,NaN
NaN,NaN,NaN,NaN,NaN,4,11.7948929626343,NaN,0.525,0,15.1,0,NaN
NaN,NaN,NaN,NaN,NaN,0,0,NaN,0.505,0,0,NaN,NaN
NaN,NaN,NaN,NaN,NaN,0,0,NaN,0.505,0,0,NaN,NaN
NaN,NaN,NaN,NaN,NaN,NaN,NaN,NaN,-0.505,NaN,NaN,NaN,NaN
NaN,NaN,NaN,NaN,NaN,NaN,NaN,NaN,-0.505,NaN,NaN,NaN,NaN
6,4,4,1,4,2,5.22355243105686,1693384941.18254,-0.525,-0.01,-0.3,0,0
NaN,NaN,NaN,NaN,NaN,1,5.05165319474724,NaN,0.525,7.88,-0.3,0,NaN
NaN,NaN,NaN,NaN,NaN,3,7.7719495623685,NaN,-0.525,7.84,10.5,0,NaN
NaN,NaN,NaN,NaN,NaN,4,12.2257760489876,NaN,0.525,0,15.1,0,NaN
NaN,NaN,NaN,NaN,NaN,0,0,NaN,0.505,0,0,NaN,NaN
NaN,NaN,NaN,NaN,NaN,0,0,NaN,0.505,0,0,NaN,NaN
NaN,NaN,NaN,NaN,NaN,NaN,NaN,NaN,-0.505,NaN,NaN,NaN,NaN
NaN,NaN,NaN,NaN,NaN,NaN,NaN,NaN,-0.505,NaN,NaN,NaN,NaN
6,4,4,4,4,1,5.1831168229165,1693384941.24441,-0.525,-0.01,-0.3,0,0
NaN,NaN,NaN,NaN,NaN,2,6.54486057911091,NaN,0.525,7.88,-0.3,0,NaN
NaN,NaN,NaN,NaN,NaN,3,7.72170317999857,NaN,-0.525,7.84,10.5,0,NaN
NaN,NaN,NaN,NaN,NaN,4,10.9028436657599,NaN,0.525,0,15.1,0,NaN
NaN,NaN,NaN,NaN,NaN,0,0,NaN,0.505,0,0,NaN,NaN
NaN,NaN,NaN,NaN,NaN,0,0,NaN,0.505,0,0,NaN,NaN
NaN,NaN,NaN,NaN,NaN,NaN,NaN,NaN,-0.505,NaN,NaN,NaN,NaN
NaN,NaN,NaN,NaN,NaN,NaN,NaN,NaN,-0.505,NaN,NaN,NaN,NaN
6,4,4,3,4,1,5.7890154603352,1693384941.2462,-0.525,-0.01,-0.3,0,0
NaN,NaN,NaN,NaN,NaN,2,6.03104468562454,NaN,0.525,7.88,-0.3,0,NaN
NaN,NaN,NaN,NaN,NaN,3,7.06818222741887,NaN,-0.525,7.84,10.5,0,NaN
NaN,NaN,NaN,NaN,NaN,4,11.2737349622918,NaN,0.525,0,15.1,0,NaN
NaN,NaN,NaN,NaN,NaN,0,0,NaN,0.505,0,0,NaN,NaN
NaN,NaN,NaN,NaN,NaN,0,0,NaN,0.505,0,0,NaN,NaN
NaN,NaN,NaN,NaN,NaN,NaN,NaN,NaN,-0.505,NaN,NaN,NaN,NaN
NaN,NaN,NaN,NaN,NaN,NaN,NaN,NaN,-0.505,NaN,NaN,NaN,NaN
6,4,4,2,4,1,4.23049642477097,1693384941.27379,-0.525,-0.01,-0.3,0,0
NaN,NaN,NaN,NaN,NaN,2,5.88988115330012,NaN,0.525,7.88,-0.3,0,NaN
NaN,NaN,NaN,NaN,NaN,3,8.30437836324911,NaN,-0.525,7.84,10.5,0,NaN
NaN,NaN,NaN,NaN,NaN,4,11.8049142309464,NaN,0.525,0,15.1,0,NaN
NaN,NaN,NaN,NaN,NaN,0,0,NaN,0.505,0,0,NaN,NaN
NaN,NaN,NaN,NaN,NaN,0,0,NaN,0.505,0,0,NaN,NaN
NaN,NaN,NaN,NaN,NaN,NaN,NaN,NaN,-0.505,NaN,NaN,NaN,NaN
NaN,NaN,NaN,NaN,NaN,NaN,NaN,NaN,-0.505,NaN,NaN,NaN,NaN
6,4,4,1,4,1,5.02130461135351,1693384941.28175,-0.525,-0.01,-0.3,0,0
NaN,NaN,NaN,NaN,NaN,2,5.19322635747759,NaN,0.525,7.88,-0.3,0,NaN
NaN,NaN,NaN,NaN,NaN,3,7.76190054046044,NaN,-0.525,7.84,10.5,0,NaN
NaN,NaN,NaN,NaN,NaN,4,12.1656565790754,NaN,0.525,0,15.1,0,NaN
NaN,NaN,NaN,NaN,NaN,0,0,NaN,0.505,0,0,NaN,NaN
NaN,NaN,NaN,NaN,NaN,0,0,NaN,0.505,0,0,NaN,NaN
NaN,NaN,NaN,NaN,NaN,NaN,NaN,NaN,-0.505,NaN,NaN,NaN,NaN
NaN,NaN,NaN,NaN,NaN,NaN,NaN,NaN,-0.505,NaN,NaN,NaN,NaN
6,4,4,4,4,1,5.24376772940984,1693384941.3431,-0.525,-0.01,-0.3,0,0
NaN,NaN,NaN,NaN,NaN,2,6.49451306873733,NaN,0.525,7.88,-0.3,0,NaN
NaN,NaN,NaN,NaN,NaN,3,7.62120069280425,NaN,-0.525,7.84,10.5,0,NaN
NaN,NaN,NaN,NaN,NaN,4,10.9028436657599,NaN,0.525,0,15.1,0,NaN
NaN,NaN,NaN,NaN,NaN,0,0,NaN,0.505,0,0,NaN,NaN
NaN,NaN,NaN,NaN,NaN,0,0,NaN,0.505,0,0,NaN,NaN
NaN,NaN,NaN,NaN,NaN,NaN,NaN,NaN,-0.505,NaN,NaN,NaN,NaN
NaN,NaN,NaN,NaN,NaN,NaN,NaN,NaN,-0.505,NaN,NaN,NaN,NaN
6,4,4,3,4,1,5.79910337897161,1693384941.34557,-0.525,-0.01,-0.3,0,0
NaN,NaN,NaN,NaN,NaN,2,5.99071782009468,NaN,0.525,7.88,-0.3,0,NaN
NaN,NaN,NaN,NaN,NaN,3,7.07824130699145,NaN,-0.525,7.84,10.5,0,NaN
NaN,NaN,NaN,NaN,NaN,4,11.3038046692253,NaN,0.525,0,15.1,0,NaN
NaN,NaN,NaN,NaN,NaN,0,0,NaN,0.505,0,0,NaN,NaN
NaN,NaN,NaN,NaN,NaN,0,0,NaN,0.505,0,0,NaN,NaN
NaN,NaN,NaN,NaN,NaN,NaN,NaN,NaN,-0.505,NaN,NaN,NaN,NaN
NaN,NaN,NaN,NaN,NaN,NaN,NaN,NaN,-0.505,NaN,NaN,NaN,NaN
6,4,4,2,4,1,4.24066032593982,1693384941.37523,-0.525,-0.01,-0.3,0,0
NaN,NaN,NaN,NaN,NaN,2,5.88988115330012,NaN,0.525,7.88,-0.3,0,NaN
NaN,NaN,NaN,NaN,NaN,3,8.33450658407563,NaN,-0.525,7.84,10.5,0,NaN
NaN,NaN,NaN,NaN,NaN,4,11.82495665954,NaN,0.525,0,15.1,0,NaN
NaN,NaN,NaN,NaN,NaN,0,0,NaN,0.505,0,0,NaN,NaN
NaN,NaN,NaN,NaN,NaN,0,0,NaN,0.505,0,0,NaN,NaN
NaN,NaN,NaN,NaN,NaN,NaN,NaN,NaN,-0.505,NaN,NaN,NaN,NaN
NaN,NaN,NaN,NaN,NaN,NaN,NaN,NaN,-0.505,NaN,NaN,NaN,NaN
6,4,4,1,4,2,5.1831168229165,1693384941.38177,-0.525,-0.01,-0.3,0,0
NaN,NaN,NaN,NaN,NaN,1,4.98083326362166,NaN,0.525,7.88,-0.3,0,NaN
NaN,NaN,NaN,NaN,NaN,3,7.83224105859875,NaN,-0.525,7.84,10.5,0,NaN
NaN,NaN,NaN,NaN,NaN,4,12.2658550456134,NaN,0.525,0,15.1,0,NaN
NaN,NaN,NaN,NaN,NaN,0,0,NaN,0.505,0,0,NaN,NaN
NaN,NaN,NaN,NaN,NaN,0,0,NaN,0.505,0,0,NaN,NaN
NaN,NaN,NaN,NaN,NaN,NaN,NaN,NaN,-0.505,NaN,NaN,NaN,NaN
NaN,NaN,NaN,NaN,NaN,NaN,NaN,NaN,-0.505,NaN,NaN,NaN,NaN
6,4,4,4,4,1,5.24376772940984,1693384941.44375,-0.525,-0.01,-0.3,0,0
NaN,NaN,NaN,NaN,NaN,2,6.50458299970106,NaN,0.525,7.88,-0.3,0,NaN
NaN,NaN,NaN,NaN,NaN,3,7.60109860480707,NaN,-0.525,7.84,10.5,0,NaN
NaN,NaN,NaN,NaN,NaN,4,10.9429429314056,NaN,0.525,0,15.1,0,NaN
NaN,NaN,NaN,NaN,NaN,0,0,NaN,0.505,0,0,NaN,NaN
NaN,NaN,NaN,NaN,NaN,0,0,NaN,0.505,0,0,NaN,NaN
NaN,NaN,NaN,NaN,NaN,NaN,NaN,NaN,-0.505,NaN,NaN,NaN,NaN
NaN,NaN,NaN,NaN,NaN,NaN,NaN,NaN,-0.505,NaN,NaN,NaN,NaN
6,4,4,3,4,1,5.76883870462678,1693384941.44569,-0.525,-0.01,-0.3,0,0
NaN,NaN,NaN,NaN,NaN,2,6.0411257229096,NaN,0.525,7.88,-0.3,0,NaN
NaN,NaN,NaN,NaN,NaN,3,6.99776392857033,NaN,-0.525,7.84,10.5,0,NaN
NaN,NaN,NaN,NaN,NaN,4,11.2737349622918,NaN,0.525,0,15.1,0,NaN
NaN,NaN,NaN,NaN,NaN,0,0,NaN,0.505,0,0,NaN,NaN
NaN,NaN,NaN,NaN,NaN,0,0,NaN,0.505,0,0,NaN,NaN
NaN,NaN,NaN,NaN,NaN,NaN,NaN,NaN,-0.505,NaN,NaN,NaN,NaN
NaN,NaN,NaN,NaN,NaN,NaN,NaN,NaN,-0.505,NaN,NaN,NaN,NaN
6,4,4,2,4,1,4.28130821128309,1693384941.47517,-0.525,-0.01,-0.3,0,0
NaN,NaN,NaN,NaN,NaN,2,5.92013513359281,NaN,0.525,7.88,-0.3,0,NaN
NaN,NaN,NaN,NaN,NaN,3,8.33450658407563,NaN,-0.525,7.84,10.5,0,NaN
NaN,NaN,NaN,NaN,NaN,4,11.77485031752,NaN,0.525,0,15.1,0,NaN
NaN,NaN,NaN,NaN,NaN,0,0,NaN,0.505,0,0,NaN,NaN
NaN,NaN,NaN,NaN,NaN,0,0,NaN,0.505,0,0,NaN,NaN
NaN,NaN,NaN,NaN,NaN,NaN,NaN,NaN,-0.505,NaN,NaN,NaN,NaN
NaN,NaN,NaN,NaN,NaN,NaN,NaN,NaN,-0.505,NaN,NaN,NaN,NaN
6,4,4,1,4,1,5.07188327941407,1693384941.48137,-0.525,-0.01,-0.3,0,0
NaN,NaN,NaN,NaN,NaN,2,5.2033354687162,NaN,0.525,7.88,-0.3,0,NaN
NaN,NaN,NaN,NaN,NaN,3,7.83224105859875,NaN,-0.525,7.84,10.5,0,NaN
NaN,NaN,NaN,NaN,NaN,4,12.2057363563203,NaN,0.525,0,15.1,0,NaN
NaN,NaN,NaN,NaN,NaN,0,0,NaN,0.505,0,0,NaN,NaN
NaN,NaN,NaN,NaN,NaN,0,0,NaN,0.505,0,0,NaN,NaN
NaN,NaN,NaN,NaN,NaN,NaN,NaN,NaN,-0.505,NaN,NaN,NaN,NaN
NaN,NaN,NaN,NaN,NaN,NaN,NaN,NaN,-0.505,NaN,NaN,NaN,NaN
6,4,4,4,4,1,5.23366028702666,1693384941.54318,-0.525,-0.01,-0.3,0,0
NaN,NaN,NaN,NaN,NaN,2,6.52472221630929,NaN,0.525,7.88,-0.3,0,NaN
NaN,NaN,NaN,NaN,NaN,3,7.66140326572097,NaN,-0.525,7.84,10.5,0,NaN
NaN,NaN,NaN,NaN,NaN,4,10.9329181831751,NaN,0.525,0,15.1,0,NaN
NaN,NaN,NaN,NaN,NaN,0,0,NaN,0.505,0,0,NaN,NaN
NaN,NaN,NaN,NaN,NaN,0,0,NaN,0.505,0,0,NaN,NaN
NaN,NaN,NaN,NaN,NaN,NaN,NaN,NaN,-0.505,NaN,NaN,NaN,NaN
NaN,NaN,NaN,NaN,NaN,NaN,NaN,NaN,-0.505,NaN,NaN,NaN,NaN
6,4,4,3,4,1,5.79910337897161,1693384941.54559,-0.525,-0.01,-0.3,0,0
NaN,NaN,NaN,NaN,NaN,2,6.01088179887111,NaN,0.525,7.88,-0.3,0,NaN
NaN,NaN,NaN,NaN,NaN,3,7.01788429656688,NaN,-0.525,7.84,10.5,0,NaN
NaN,NaN,NaN,NaN,NaN,4,11.2436648829463,NaN,0.525,0,15.1,0,NaN
NaN,NaN,NaN,NaN,NaN,0,0,NaN,0.505,0,0,NaN,NaN
NaN,NaN,NaN,NaN,NaN,0,0,NaN,0.505,0,0,NaN,NaN
NaN,NaN,NaN,NaN,NaN,NaN,NaN,NaN,-0.505,NaN,NaN,NaN,NaN
NaN,NaN,NaN,NaN,NaN,NaN,NaN,NaN,-0.505,NaN,NaN,NaN,NaN
6,4,4,2,4,1,4.25082344963891,1693384941.5741,-0.525,-0.01,-0.3,0,0
NaN,NaN,NaN,NaN,NaN,2,5.87979591482562,NaN,0.525,7.88,-0.3,0,NaN
NaN,NaN,NaN,NaN,NaN,3,8.36463388320134,NaN,-0.525,7.84,10.5,0,NaN
NaN,NaN,NaN,NaN,NaN,4,11.7648289405329,NaN,0.525,0,15.1,0,NaN
NaN,NaN,NaN,NaN,NaN,0,0,NaN,0.505,0,0,NaN,NaN
NaN,NaN,NaN,NaN,NaN,0,0,NaN,0.505,0,0,NaN,NaN
NaN,NaN,NaN,NaN,NaN,NaN,NaN,NaN,-0.505,NaN,NaN,NaN,NaN
NaN,NaN,NaN,NaN,NaN,NaN,NaN,NaN,-0.505,NaN,NaN,NaN,NaN
6,4,4,1,4,2,5.24376772940984,1693384941.58168,-0.525,-0.01,-0.3,0,0
NaN,NaN,NaN,NaN,NaN,1,5.01118748402013,NaN,0.525,7.88,-0.3,0,NaN
NaN,NaN,NaN,NaN,NaN,3,7.76190054046044,NaN,-0.525,7.84,10.5,0,NaN
NaN,NaN,NaN,NaN,NaN,4,12.2057363563203,NaN,0.525,0,15.1,0,NaN
NaN,NaN,NaN,NaN,NaN,0,0,NaN,0.505,0,0,NaN,NaN
NaN,NaN,NaN,NaN,NaN,0,0,NaN,0.505,0,0,NaN,NaN
NaN,NaN,NaN,NaN,NaN,NaN,NaN,NaN,-0.505,NaN,NaN,NaN,NaN
NaN,NaN,NaN,NaN,NaN,NaN,NaN,NaN,-0.505,NaN,NaN,NaN,NaN
6,4,4,4,4,1,5.21344415909483,1693384941.64341,-0.525,-0.01,-0.3,0,0
NaN,NaN,NaN,NaN,NaN,2,6.50458299970106,NaN,0.525,7.88,-0.3,0,NaN
NaN,NaN,NaN,NaN,NaN,3,7.65135282156038,NaN,-0.525,7.84,10.5,0,NaN
NaN,NaN,NaN,NaN,NaN,4,10.9429429314056,NaN,0.525,0,15.1,0,NaN
NaN,NaN,NaN,NaN,NaN,0,0,NaN,0.505,0,0,NaN,NaN
NaN,NaN,NaN,NaN,NaN,0,0,NaN,0.505,0,0,NaN,NaN
NaN,NaN,NaN,NaN,NaN,NaN,NaN,NaN,-0.505,NaN,NaN,NaN,NaN
NaN,NaN,NaN,NaN,NaN,NaN,NaN,NaN,-0.505,NaN,NaN,NaN,NaN
6,4,4,3,4,1,5.7890154603352,1693384941.64588,-0.525,-0.01,-0.3,0,0
NaN,NaN,NaN,NaN,NaN,2,5.99071782009468,NaN,0.525,7.88,-0.3,0,NaN
NaN,NaN,NaN,NaN,NaN,3,7.03800397840183,NaN,-0.525,7.84,10.5,0,NaN
NaN,NaN,NaN,NaN,NaN,4,11.2937814747763,NaN,0.525,0,15.1,0,NaN
NaN,NaN,NaN,NaN,NaN,0,0,NaN,0.505,0,0,NaN,NaN
NaN,NaN,NaN,NaN,NaN,0,0,NaN,0.505,0,0,NaN,NaN
NaN,NaN,NaN,NaN,NaN,NaN,NaN,NaN,-0.505,NaN,NaN,NaN,NaN
NaN,NaN,NaN,NaN,NaN,NaN,NaN,NaN,-0.505,NaN,NaN,NaN,NaN
6,4,4,2,4,1,4.25082344963891,1693384941.67458,-0.525,-0.01,-0.3,0,0
NaN,NaN,NaN,NaN,NaN,2,5.85962456135203,NaN,0.525,7.88,-0.3,0,NaN
NaN,NaN,NaN,NaN,NaN,3,8.29433541641523,NaN,-0.525,7.84,10.5,0,NaN
NaN,NaN,NaN,NaN,NaN,4,11.8750621051008,NaN,0.525,0,15.1,0,NaN
NaN,NaN,NaN,NaN,NaN,0,0,NaN,0.505,0,0,NaN,NaN
NaN,NaN,NaN,NaN,NaN,0,0,NaN,0.505,0,0,NaN,NaN
NaN,NaN,NaN,NaN,NaN,NaN,NaN,NaN,-0.505,NaN,NaN,NaN,NaN
NaN,NaN,NaN,NaN,NaN,NaN,NaN,NaN,-0.505,NaN,NaN,NaN,NaN
6,4,4,1,4,1,5.07188327941407,1693384941.68165,-0.525,-0.01,-0.3,0,0
NaN,NaN,NaN,NaN,NaN,2,5.2033354687162,NaN,0.525,7.88,-0.3,0,NaN
NaN,NaN,NaN,NaN,NaN,3,7.82219278719209,NaN,-0.525,7.84,10.5,0,NaN
NaN,NaN,NaN,NaN,NaN,4,12.2357958466133,NaN,0.525,0,15.1,0,NaN
NaN,NaN,NaN,NaN,NaN,0,0,NaN,0.505,0,0,NaN,NaN
NaN,NaN,NaN,NaN,NaN,0,0,NaN,0.505,0,0,NaN,NaN
NaN,NaN,NaN,NaN,NaN,NaN,NaN,NaN,-0.505,NaN,NaN,NaN,NaN
NaN,NaN,NaN,NaN,NaN,NaN,NaN,NaN,-0.505,NaN,NaN,NaN,NaN
6,4,4,4,4,1,5.23366028702666,1693384941.74379,-0.525,-0.01,-0.3,0,0
NaN,NaN,NaN,NaN,NaN,2,6.48444292133102,NaN,0.525,7.88,-0.3,0,NaN
NaN,NaN,NaN,NaN,NaN,3,7.61114971604159,NaN,-0.525,7.84,10.5,0,NaN
NaN,NaN,NaN,NaN,NaN,4,10.9429429314056,NaN,0.525,0,15.1,0,NaN
NaN,NaN,NaN,NaN,NaN,0,0,NaN,0.505,0,0,NaN,NaN
NaN,NaN,NaN,NaN,NaN,0,0,NaN,0.505,0,0,NaN,NaN
NaN,NaN,NaN,NaN,NaN,NaN,NaN,NaN,-0.505,NaN,NaN,NaN,NaN
NaN,NaN,NaN,NaN,NaN,NaN,NaN,NaN,-0.505,NaN,NaN,NaN,NaN
6,4,4,3,4,1,5.80919099358938,1693384941.74568,-0.525,-0.01,-0.3,0,0
NaN,NaN,NaN,NaN,NaN,2,6.03104468562454,NaN,0.525,7.88,-0.3,0,NaN
NaN,NaN,NaN,NaN,NaN,3,7.07824130699145,NaN,-0.525,7.84,10.5,0,NaN
NaN,NaN,NaN,NaN,NaN,4,11.2536882842915,NaN,0.525,0,15.1,0,NaN
NaN,NaN,NaN,NaN,NaN,0,0,NaN,0.505,0,0,NaN,NaN
NaN,NaN,NaN,NaN,NaN,0,0,NaN,0.505,0,0,NaN,NaN
NaN,NaN,NaN,NaN,NaN,NaN,NaN,NaN,-0.505,NaN,NaN,NaN,NaN
NaN,NaN,NaN,NaN,NaN,NaN,NaN,NaN,-0.505,NaN,NaN,NaN,NaN
6,4,4,2,4,1,4.22033174051519,1693384941.77441,-0.525,-0.01,-0.3,0,0
NaN,NaN,NaN,NaN,NaN,2,5.84953844333038,NaN,0.525,7.88,-0.3,0,NaN
NaN,NaN,NaN,NaN,NaN,3,8.32446394670552,NaN,-0.525,7.84,10.5,0,NaN
NaN,NaN,NaN,NaN,NaN,4,11.82495665954,NaN,0.525,0,15.1,0,NaN
NaN,NaN,NaN,NaN,NaN,0,0,NaN,0.505,0,0,NaN,NaN
NaN,NaN,NaN,NaN,NaN,0,0,NaN,0.505,0,0,NaN,NaN
NaN,NaN,NaN,NaN,NaN,NaN,NaN,NaN,-0.505,NaN,NaN,NaN,NaN
NaN,NaN,NaN,NaN,NaN,NaN,NaN,NaN,-0.505,NaN,NaN,NaN,NaN
6,4,4,1,4,2,5.1831168229165,1693384941.78157,-0.525,-0.01,-0.3,0,0
NaN,NaN,NaN,NaN,NaN,1,5.00106988553449,NaN,0.525,7.88,-0.3,0,NaN
NaN,NaN,NaN,NaN,NaN,3,7.82219278719209,NaN,-0.525,7.84,10.5,0,NaN
NaN,NaN,NaN,NaN,NaN,4,12.1355964006719,NaN,0.525,0,15.1,0,NaN
NaN,NaN,NaN,NaN,NaN,0,0,NaN,0.505,0,0,NaN,NaN
NaN,NaN,NaN,NaN,NaN,0,0,NaN,0.505,0,0,NaN,NaN
NaN,NaN,NaN,NaN,NaN,NaN,NaN,NaN,-0.505,NaN,NaN,NaN,NaN
NaN,NaN,NaN,NaN,NaN,NaN,NaN,NaN,-0.505,NaN,NaN,NaN,NaN
6,4,4,4,4,1,5.22355243105686,1693384941.84421,-0.525,-0.01,-0.3,0,0
NaN,NaN,NaN,NaN,NaN,2,6.48444292133102,NaN,0.525,7.88,-0.3,0,NaN
NaN,NaN,NaN,NaN,NaN,3,7.61114971604159,NaN,-0.525,7.84,10.5,0,NaN
NaN,NaN,NaN,NaN,NaN,4,10.8527185534317,NaN,0.525,0,15.1,0,NaN
NaN,NaN,NaN,NaN,NaN,0,0,NaN,0.505,0,0,NaN,NaN
NaN,NaN,NaN,NaN,NaN,0,0,NaN,0.505,0,0,NaN,NaN
NaN,NaN,NaN,NaN,NaN,NaN,NaN,NaN,-0.505,NaN,NaN,NaN,NaN
NaN,NaN,NaN,NaN,NaN,NaN,NaN,NaN,-0.505,NaN,NaN,NaN,NaN
6,4,4,3,4,1,5.79910337897161,1693384941.84567,-0.525,-0.01,-0.3,0,0
NaN,NaN,NaN,NaN,NaN,2,6.00079994667378,NaN,0.525,7.88,-0.3,0,NaN
NaN,NaN,NaN,NaN,NaN,3,7.06818222741887,NaN,-0.525,7.84,10.5,0,NaN
NaN,NaN,NaN,NaN,NaN,4,11.2436648829463,NaN,0.525,0,15.1,0,NaN
NaN,NaN,NaN,NaN,NaN,0,0,NaN,0.505,0,0,NaN,NaN
NaN,NaN,NaN,NaN,NaN,0,0,NaN,0.505,0,0,NaN,NaN
NaN,NaN,NaN,NaN,NaN,NaN,NaN,NaN,-0.505,NaN,NaN,NaN,NaN
NaN,NaN,NaN,NaN,NaN,NaN,NaN,NaN,-0.505,NaN,NaN,NaN,NaN
6,4,4,2,4,1,4.30162759894438,1693384941.87421,-0.525,-0.01,-0.3,0,0
NaN,NaN,NaN,NaN,NaN,2,5.86971038467828,NaN,0.525,7.88,-0.3,0,NaN
NaN,NaN,NaN,NaN,NaN,3,8.31442120655431,NaN,-0.525,7.84,10.5,0,NaN
NaN,NaN,NaN,NaN,NaN,4,11.8349778200046,NaN,0.525,0,15.1,0,NaN
NaN,NaN,NaN,NaN,NaN,0,0,NaN,0.505,0,0,NaN,NaN
NaN,NaN,NaN,NaN,NaN,0,0,NaN,0.505,0,0,NaN,NaN
NaN,NaN,NaN,NaN,NaN,NaN,NaN,NaN,-0.505,NaN,NaN,NaN,NaN
NaN,NaN,NaN,NaN,NaN,NaN,NaN,NaN,-0.505,NaN,NaN,NaN,NaN
6,4,4,1,4,2,5.23366028702666,1693384941.88235,-0.525,-0.01,-0.3,0,0
NaN,NaN,NaN,NaN,NaN,1,5.02130461135351,NaN,0.525,7.88,-0.3,0,NaN
NaN,NaN,NaN,NaN,NaN,3,7.83224105859875,NaN,-0.525,7.84,10.5,0,NaN
NaN,NaN,NaN,NaN,NaN,4,12.155636552645,NaN,0.525,0,15.1,0,NaN
NaN,NaN,NaN,NaN,NaN,0,0,NaN,0.505,0,0,NaN,NaN
NaN,NaN,NaN,NaN,NaN,0,0,NaN,0.505,0,0,NaN,NaN
NaN,NaN,NaN,NaN,NaN,NaN,NaN,NaN,-0.505,NaN,NaN,NaN,NaN
NaN,NaN,NaN,NaN,NaN,NaN,NaN,NaN,-0.505,NaN,NaN,NaN,NaN
6,4,4,4,4,1,5.22355243105686,1693384941.94424,-0.525,-0.01,-0.3,0,0
NaN,NaN,NaN,NaN,NaN,2,6.51465271522588,NaN,0.525,7.88,-0.3,0,NaN
NaN,NaN,NaN,NaN,NaN,3,7.66140326572097,NaN,-0.525,7.84,10.5,0,NaN
NaN,NaN,NaN,NaN,NaN,4,10.8928187352953,NaN,0.525,0,15.1,0,NaN
NaN,NaN,NaN,NaN,NaN,0,0,NaN,0.505,0,0,NaN,NaN
NaN,NaN,NaN,NaN,NaN,0,0,NaN,0.505,0,0,NaN,NaN
NaN,NaN,NaN,NaN,NaN,NaN,NaN,NaN,-0.505,NaN,NaN,NaN,NaN
NaN,NaN,NaN,NaN,NaN,NaN,NaN,NaN,-0.505,NaN,NaN,NaN,NaN
6,4,4,3,4,1,5.77892723608803,1693384941.94579,-0.525,-0.01,-0.3,0,0
NaN,NaN,NaN,NaN,NaN,2,5.99071782009468,NaN,0.525,7.88,-0.3,0,NaN
NaN,NaN,NaN,NaN,NaN,3,7.01788429656688,NaN,-0.525,7.84,10.5,0,NaN
NaN,NaN,NaN,NaN,NaN,4,11.223617955009,NaN,0.525,0,15.1,0,NaN
NaN,NaN,NaN,NaN,NaN,0,0,NaN,0.505,0,0,NaN,NaN
NaN,NaN,NaN,NaN,NaN,0,0,NaN,0.505,0,0,NaN,NaN
NaN,NaN,NaN,NaN,NaN,NaN,NaN,NaN,-0.505,NaN,NaN,NaN,NaN
NaN,NaN,NaN,NaN,NaN,NaN,NaN,NaN,-0.505,NaN,NaN,NaN,NaN
6,4,4,2,4,1,4.25082344963891,1693384941.97492,-0.525,-0.01,-0.3,0,0
NaN,NaN,NaN,NaN,NaN,2,5.82936531708213,NaN,0.525,7.88,-0.3,0,NaN
NaN,NaN,NaN,NaN,NaN,3,8.34454911903573,NaN,-0.525,7.84,10.5,0,NaN
NaN,NaN,NaN,NaN,NaN,4,11.8650410871602,NaN,0.525,0,15.1,0,NaN
NaN,NaN,NaN,NaN,NaN,0,0,NaN,0.505,0,0,NaN,NaN
NaN,NaN,NaN,NaN,NaN,0,0,NaN,0.505,0,0,NaN,NaN
NaN,NaN,NaN,NaN,NaN,NaN,NaN,NaN,-0.505,NaN,NaN,NaN,NaN
NaN,NaN,NaN,NaN,NaN,NaN,NaN,NaN,-0.505,NaN,NaN,NaN,NaN
6,4,4,1,4,2,5.22355243105686,1693384941.98179,-0.525,-0.01,-0.3,0,0
NaN,NaN,NaN,NaN,NaN,1,5.0415374639092,NaN,0.525,7.88,-0.3,0,NaN
NaN,NaN,NaN,NaN,NaN,3,7.79204722778295,NaN,-0.525,7.84,10.5,0,NaN
NaN,NaN,NaN,NaN,NaN,4,12.2357958466133,NaN,0.525,0,15.1,0,NaN
NaN,NaN,NaN,NaN,NaN,0,0,NaN,0.505,0,0,NaN,NaN
NaN,NaN,NaN,NaN,NaN,0,0,NaN,0.505,0,0,NaN,NaN
NaN,NaN,NaN,NaN,NaN,NaN,NaN,NaN,-0.505,NaN,NaN,NaN,NaN
NaN,NaN,NaN,NaN,NaN,NaN,NaN,NaN,-0.505,NaN,NaN,NaN,NaN
6,4,4,4,4,1,5.24376772940984,1693384942.04303,-0.525,-0.01,-0.3,0,0
NaN,NaN,NaN,NaN,NaN,2,6.49451306873733,NaN,0.525,7.88,-0.3,0,NaN
NaN,NaN,NaN,NaN,NaN,3,7.65135282156038,NaN,-0.525,7.84,10.5,0,NaN
NaN,NaN,NaN,NaN,NaN,4,10.9629922922531,NaN,0.525,0,15.1,0,NaN
NaN,NaN,NaN,NaN,NaN,0,0,NaN,0.505,0,0,NaN,NaN
NaN,NaN,NaN,NaN,NaN,0,0,NaN,0.505,0,0,NaN,NaN
NaN,NaN,NaN,NaN,NaN,NaN,NaN,NaN,-0.505,NaN,NaN,NaN,NaN
NaN,NaN,NaN,NaN,NaN,NaN,NaN,NaN,-0.505,NaN,NaN,NaN,NaN
6,4,4,3,4,1,5.82936531708213,1693384942.04662,-0.525,-0.01,-0.3,0,0
NaN,NaN,NaN,NaN,NaN,2,6.03104468562454,NaN,0.525,7.88,-0.3,0,NaN
NaN,NaN,NaN,NaN,NaN,3,7.03800397840183,NaN,-0.525,7.84,10.5,0,NaN
NaN,NaN,NaN,NaN,NaN,4,11.3038046692253,NaN,0.525,0,15.1,0,NaN
NaN,NaN,NaN,NaN,NaN,0,0,NaN,0.505,0,0,NaN,NaN
NaN,NaN,NaN,NaN,NaN,0,0,NaN,0.505,0,0,NaN,NaN
NaN,NaN,NaN,NaN,NaN,NaN,NaN,NaN,-0.505,NaN,NaN,NaN,NaN
NaN,NaN,NaN,NaN,NaN,NaN,NaN,NaN,-0.505,NaN,NaN,NaN,NaN
6,4,4,2,4,1,4.22033174051519,1693384942.07545,-0.525,-0.01,-0.3,0,0
NaN,NaN,NaN,NaN,NaN,2,5.88988115330012,NaN,0.525,7.88,-0.3,0,NaN
NaN,NaN,NaN,NaN,NaN,3,8.31442120655431,NaN,-0.525,7.84,10.5,0,NaN
NaN,NaN,NaN,NaN,NaN,4,11.7548075271354,NaN,0.525,0,15.1,0,NaN
NaN,NaN,NaN,NaN,NaN,0,0,NaN,0.505,0,0,NaN,NaN
NaN,NaN,NaN,NaN,NaN,0,0,NaN,0.505,0,0,NaN,NaN
NaN,NaN,NaN,NaN,NaN,NaN,NaN,NaN,-0.505,NaN,NaN,NaN,NaN
NaN,NaN,NaN,NaN,NaN,NaN,NaN,NaN,-0.505,NaN,NaN,NaN,NaN
6,4,4,1,4,2,5.22355243105686,1693384942.08132,-0.525,-0.01,-0.3,0,0
NaN,NaN,NaN,NaN,NaN,1,5.05165319474724,NaN,0.525,7.88,-0.3,0,NaN
NaN,NaN,NaN,NaN,NaN,3,7.84228920660288,NaN,-0.525,7.84,10.5,0,NaN
NaN,NaN,NaN,NaN,NaN,4,12.175676572577,NaN,0.525,0,15.1,0,NaN
NaN,NaN,NaN,NaN,NaN,0,0,NaN,0.505,0,0,NaN,NaN
NaN,NaN,NaN,NaN,NaN,0,0,NaN,0.505,0,0,NaN,NaN
NaN,NaN,NaN,NaN,NaN,NaN,NaN,NaN,-0.505,NaN,NaN,NaN,NaN
NaN,NaN,NaN,NaN,NaN,NaN,NaN,NaN,-0.505,NaN,NaN,NaN,NaN
6,4,4,4,4,1,5.2033354687162,1693384942.14344,-0.525,-0.01,-0.3,0,0
NaN,NaN,NaN,NaN,NaN,2,6.53479150394257,NaN,0.525,7.88,-0.3,0,NaN
NaN,NaN,NaN,NaN,NaN,3,7.63125153562638,NaN,-0.525,7.84,10.5,0,NaN
NaN,NaN,NaN,NaN,NaN,4,10.9329181831751,NaN,0.525,0,15.1,0,NaN
NaN,NaN,NaN,NaN,NaN,0,0,NaN,0.505,0,0,NaN,NaN
NaN,NaN,NaN,NaN,NaN,0,0,NaN,0.505,0,0,NaN,NaN
NaN,NaN,NaN,NaN,NaN,NaN,NaN,NaN,-0.505,NaN,NaN,NaN,NaN
NaN,NaN,NaN,NaN,NaN,NaN,NaN,NaN,-0.505,NaN,NaN,NaN,NaN
6,4,4,3,4,1,5.79910337897161,1693384942.1449,-0.525,-0.01,-0.3,0,0
NaN,NaN,NaN,NaN,NaN,2,6.01088179887111,NaN,0.525,7.88,-0.3,0,NaN
NaN,NaN,NaN,NaN,NaN,3,7.02794422288623,NaN,-0.525,7.84,10.5,0,NaN
NaN,NaN,NaN,NaN,NaN,4,11.3038046692253,NaN,0.525,0,15.1,0,NaN
NaN,NaN,NaN,NaN,NaN,0,0,NaN,0.505,0,0,NaN,NaN
NaN,NaN,NaN,NaN,NaN,0,0,NaN,0.505,0,0,NaN,NaN
NaN,NaN,NaN,NaN,NaN,NaN,NaN,NaN,-0.505,NaN,NaN,NaN,NaN
NaN,NaN,NaN,NaN,NaN,NaN,NaN,NaN,-0.505,NaN,NaN,NaN,NaN
6,4,4,2,4,1,4.25082344963891,1693384942.17625,-0.525,-0.01,-0.3,0,0
NaN,NaN,NaN,NaN,NaN,2,5.91005076120332,NaN,0.525,7.88,-0.3,0,NaN
NaN,NaN,NaN,NaN,NaN,3,8.30437836324911,NaN,-0.525,7.84,10.5,0,NaN
NaN,NaN,NaN,NaN,NaN,4,11.7848716581896,NaN,0.525,0,15.1,0,NaN
NaN,NaN,NaN,NaN,NaN,0,0,NaN,0.505,0,0,NaN,NaN
NaN,NaN,NaN,NaN,NaN,0,0,NaN,0.505,0,0,NaN,NaN
NaN,NaN,NaN,NaN,NaN,NaN,NaN,NaN,-0.505,NaN,NaN,NaN,NaN
NaN,NaN,NaN,NaN,NaN,NaN,NaN,NaN,-0.505,NaN,NaN,NaN,NaN
6,4,4,1,4,2,5.21344415909483,1693384942.18202,-0.525,-0.01,-0.3,0,0
NaN,NaN,NaN,NaN,NaN,1,4.99095181303126,NaN,0.525,7.88,-0.3,0,NaN
NaN,NaN,NaN,NaN,NaN,3,7.88248057403252,NaN,-0.525,7.84,10.5,0,NaN
NaN,NaN,NaN,NaN,NaN,4,12.1656565790754,NaN,0.525,0,15.1,0,NaN
NaN,NaN,NaN,NaN,NaN,0,0,NaN,0.505,0,0,NaN,NaN
NaN,NaN,NaN,NaN,NaN,0,0,NaN,0.505,0,0,NaN,NaN
NaN,NaN,NaN,NaN,NaN,NaN,NaN,NaN,-0.505,NaN,NaN,NaN,NaN
NaN,NaN,NaN,NaN,NaN,NaN,NaN,NaN,-0.505,NaN,NaN,NaN,NaN
6,4,4,4,4,1,5.22355243105686,1693384942.24492,-0.525,-0.01,-0.3,0,0
NaN,NaN,NaN,NaN,NaN,2,6.53479150394257,NaN,0.525,7.88,-0.3,0,NaN
NaN,NaN,NaN,NaN,NaN,3,7.61114971604159,NaN,-0.525,7.84,10.5,0,NaN
NaN,NaN,NaN,NaN,NaN,4,10.8827937589573,NaN,0.525,0,15.1,0,NaN
NaN,NaN,NaN,NaN,NaN,0,0,NaN,0.505,0,0,NaN,NaN
NaN,NaN,NaN,NaN,NaN,0,0,NaN,0.505,0,0,NaN,NaN
NaN,NaN,NaN,NaN,NaN,NaN,NaN,NaN,-0.505,NaN,NaN,NaN,NaN
NaN,NaN,NaN,NaN,NaN,NaN,NaN,NaN,-0.505,NaN,NaN,NaN,NaN
6,4,4,3,4,1,5.80919099358938,1693384942.24662,-0.525,-0.01,-0.3,0,0
NaN,NaN,NaN,NaN,NaN,2,5.99071782009468,NaN,0.525,7.88,-0.3,0,NaN
NaN,NaN,NaN,NaN,NaN,3,7.01788429656688,NaN,-0.525,7.84,10.5,0,NaN
NaN,NaN,NaN,NaN,NaN,4,11.2536882842915,NaN,0.525,0,15.1,0,NaN
NaN,NaN,NaN,NaN,NaN,0,0,NaN,0.505,0,0,NaN,NaN
NaN,NaN,NaN,NaN,NaN,0,0,NaN,0.505,0,0,NaN,NaN
NaN,NaN,NaN,NaN,NaN,NaN,NaN,NaN,-0.505,NaN,NaN,NaN,NaN
NaN,NaN,NaN,NaN,NaN,NaN,NaN,NaN,-0.505,NaN,NaN,NaN,NaN
6,4,4,2,4,1,4.25082344963891,1693384942.2757,-0.525,-0.01,-0.3,0,0
NaN,NaN,NaN,NaN,NaN,2,5.86971038467828,NaN,0.525,7.88,-0.3,0,NaN
NaN,NaN,NaN,NaN,NaN,3,8.31442120655431,NaN,-0.525,7.84,10.5,0,NaN
NaN,NaN,NaN,NaN,NaN,4,11.8149354632177,NaN,0.525,0,15.1,0,NaN
NaN,NaN,NaN,NaN,NaN,0,0,NaN,0.505,0,0,NaN,NaN
NaN,NaN,NaN,NaN,NaN,0,0,NaN,0.505,0,0,NaN,NaN
NaN,NaN,NaN,NaN,NaN,NaN,NaN,NaN,-0.505,NaN,NaN,NaN,NaN
NaN,NaN,NaN,NaN,NaN,NaN,NaN,NaN,-0.505,NaN,NaN,NaN,NaN
6,4,4,1,4,2,5.19322635747759,1693384942.28317,-0.525,-0.01,-0.3,0,0
NaN,NaN,NaN,NaN,NaN,1,5.08199763872436,NaN,0.525,7.88,-0.3,0,NaN
NaN,NaN,NaN,NaN,NaN,3,7.87243291492535,NaN,-0.525,7.84,10.5,0,NaN
NaN,NaN,NaN,NaN,NaN,4,12.1856965332311,NaN,0.525,0,15.1,0,NaN
NaN,NaN,NaN,NaN,NaN,0,0,NaN,0.505,0,0,NaN,NaN
NaN,NaN,NaN,NaN,NaN,0,0,NaN,0.505,0,0,NaN,NaN
NaN,NaN,NaN,NaN,NaN,NaN,NaN,NaN,-0.505,NaN,NaN,NaN,NaN
NaN,NaN,NaN,NaN,NaN,NaN,NaN,NaN,-0.505,NaN,NaN,NaN,NaN
6,4,4,4,4,1,5.19322635747759,1693384942.34359,-0.525,-0.01,-0.3,0,0
NaN,NaN,NaN,NaN,NaN,2,6.46430197314451,NaN,0.525,7.88,-0.3,0,NaN
NaN,NaN,NaN,NaN,NaN,3,7.65135282156038,NaN,-0.525,7.84,10.5,0,NaN
NaN,NaN,NaN,NaN,NaN,4,10.922893389574,NaN,0.525,0,15.1,0,NaN
NaN,NaN,NaN,NaN,NaN,0,0,NaN,0.505,0,0,NaN,NaN
NaN,NaN,NaN,NaN,NaN,0,0,NaN,0.505,0,0,NaN,NaN
NaN,NaN,NaN,NaN,NaN,NaN,NaN,NaN,-0.505,NaN,NaN,NaN,NaN
NaN,NaN,NaN,NaN,NaN,NaN,NaN,NaN,-0.505,NaN,NaN,NaN,NaN
6,4,4,3,4,1,5.80919099358938,1693384942.3453,-0.525,-0.01,-0.3,0,0
NaN,NaN,NaN,NaN,NaN,2,6.02096337806501,NaN,0.525,7.88,-0.3,0,NaN
NaN,NaN,NaN,NaN,NaN,3,7.03800397840183,NaN,-0.525,7.84,10.5,0,NaN
NaN,NaN,NaN,NaN,NaN,4,11.2737349622918,NaN,0.525,0,15.1,0,NaN
NaN,NaN,NaN,NaN,NaN,0,0,NaN,0.505,0,0,NaN,NaN
NaN,NaN,NaN,NaN,NaN,0,0,NaN,0.505,0,0,NaN,NaN
NaN,NaN,NaN,NaN,NaN,NaN,NaN,NaN,-0.505,NaN,NaN,NaN,NaN
NaN,NaN,NaN,NaN,NaN,NaN,NaN,NaN,-0.505,NaN,NaN,NaN,NaN
6,4,4,2,4,1,4.25082344963891,1693384942.37594,-0.525,-0.01,-0.3,0,0
NaN,NaN,NaN,NaN,NaN,2,5.89996610159753,NaN,0.525,7.88,-0.3,0,NaN
NaN,NaN,NaN,NaN,NaN,3,8.35459155195513,NaN,-0.525,7.84,10.5,0,NaN
NaN,NaN,NaN,NaN,NaN,4,11.8550200337241,NaN,0.525,0,15.1,0,NaN
NaN,NaN,NaN,NaN,NaN,0,0,NaN,0.505,0,0,NaN,NaN
NaN,NaN,NaN,NaN,NaN,0,0,NaN,0.505,0,0,NaN,NaN
NaN,NaN,NaN,NaN,NaN,NaN,NaN,NaN,-0.505,NaN,NaN,NaN,NaN
NaN,NaN,NaN,NaN,NaN,NaN,NaN,NaN,-0.505,NaN,NaN,NaN,NaN
6,4,4,1,4,2,5.2033354687162,1693384942.3818,-0.525,-0.01,-0.3,0,0
NaN,NaN,NaN,NaN,NaN,1,5.06176846566494,NaN,0.525,7.88,-0.3,0,NaN
NaN,NaN,NaN,NaN,NaN,3,7.86238513429608,NaN,-0.525,7.84,10.5,0,NaN
NaN,NaN,NaN,NaN,NaN,4,12.175676572577,NaN,0.525,0,15.1,0,NaN
NaN,NaN,NaN,NaN,NaN,0,0,NaN,0.505,0,0,NaN,NaN
NaN,NaN,NaN,NaN,NaN,0,0,NaN,0.505,0,0,NaN,NaN
NaN,NaN,NaN,NaN,NaN,NaN,NaN,NaN,-0.505,NaN,NaN,NaN,NaN
NaN,NaN,NaN,NaN,NaN,NaN,NaN,NaN,-0.505,NaN,NaN,NaN,NaN
6,4,4,4,4,1,5.21344415909483,1693384942.44435,-0.525,-0.01,-0.3,0,0
NaN,NaN,NaN,NaN,NaN,2,6.48444292133102,NaN,0.525,7.88,-0.3,0,NaN
NaN,NaN,NaN,NaN,NaN,3,7.65135282156038,NaN,-0.525,7.84,10.5,0,NaN
NaN,NaN,NaN,NaN,NaN,4,10.9429429314056,NaN,0.525,0,15.1,0,NaN
NaN,NaN,NaN,NaN,NaN,0,0,NaN,0.505,0,0,NaN,NaN
NaN,NaN,NaN,NaN,NaN,0,0,NaN,0.505,0,0,NaN,NaN
NaN,NaN,NaN,NaN,NaN,NaN,NaN,NaN,-0.505,NaN,NaN,NaN,NaN
NaN,NaN,NaN,NaN,NaN,NaN,NaN,NaN,-0.505,NaN,NaN,NaN,NaN
6,4,4,3,4,1,5.75874986433688,1693384942.44784,-0.525,-0.01,-0.3,0,0
NaN,NaN,NaN,NaN,NaN,2,6.02096337806501,NaN,0.525,7.88,-0.3,0,NaN
NaN,NaN,NaN,NaN,NaN,3,7.02794422288623,NaN,-0.525,7.84,10.5,0,NaN
NaN,NaN,NaN,NaN,NaN,4,11.3438970376145,NaN,0.525,0,15.1,0,NaN
NaN,NaN,NaN,NaN,NaN,0,0,NaN,0.505,0,0,NaN,NaN
NaN,NaN,NaN,NaN,NaN,0,0,NaN,0.505,0,0,NaN,NaN
NaN,NaN,NaN,NaN,NaN,NaN,NaN,NaN,-0.505,NaN,NaN,NaN,NaN
NaN,NaN,NaN,NaN,NaN,NaN,NaN,NaN,-0.505,NaN,NaN,NaN,NaN
6,4,4,2,4,1,4.25082344963891,1693384942.47388,-0.525,-0.01,-0.3,0,0
NaN,NaN,NaN,NaN,NaN,2,5.89996610159753,NaN,0.525,7.88,-0.3,0,NaN
NaN,NaN,NaN,NaN,NaN,3,8.35459155195513,NaN,-0.525,7.84,10.5,0,NaN
NaN,NaN,NaN,NaN,NaN,4,11.7848716581896,NaN,0.525,0,15.1,0,NaN
NaN,NaN,NaN,NaN,NaN,0,0,NaN,0.505,0,0,NaN,NaN
NaN,NaN,NaN,NaN,NaN,0,0,NaN,0.505,0,0,NaN,NaN
NaN,NaN,NaN,NaN,NaN,NaN,NaN,NaN,-0.505,NaN,NaN,NaN,NaN
NaN,NaN,NaN,NaN,NaN,NaN,NaN,NaN,-0.505,NaN,NaN,NaN,NaN
6,4,4,1,4,2,5.21344415909483,1693384942.4821,-0.525,-0.01,-0.3,0,0
NaN,NaN,NaN,NaN,NaN,1,5.00106988553449,NaN,0.525,7.88,-0.3,0,NaN
NaN,NaN,NaN,NaN,NaN,3,7.79204722778295,NaN,-0.525,7.84,10.5,0,NaN
NaN,NaN,NaN,NaN,NaN,4,12.1856965332311,NaN,0.525,0,15.1,0,NaN
NaN,NaN,NaN,NaN,NaN,0,0,NaN,0.505,0,0,NaN,NaN
NaN,NaN,NaN,NaN,NaN,0,0,NaN,0.505,0,0,NaN,NaN
NaN,NaN,NaN,NaN,NaN,NaN,NaN,NaN,-0.505,NaN,NaN,NaN,NaN
NaN,NaN,NaN,NaN,NaN,NaN,NaN,NaN,-0.505,NaN,NaN,NaN,NaN
6,4,4,4,4,1,5.21344415909483,1693384942.54505,-0.525,-0.01,-0.3,0,0
NaN,NaN,NaN,NaN,NaN,2,6.55492944279342,NaN,0.525,7.88,-0.3,0,NaN
NaN,NaN,NaN,NaN,NaN,3,7.65135282156038,NaN,-0.525,7.84,10.5,0,NaN
NaN,NaN,NaN,NaN,NaN,4,10.9028436657599,NaN,0.525,0,15.1,0,NaN
NaN,NaN,NaN,NaN,NaN,0,0,NaN,0.505,0,0,NaN,NaN
NaN,NaN,NaN,NaN,NaN,0,0,NaN,0.505,0,0,NaN,NaN
NaN,NaN,NaN,NaN,NaN,NaN,NaN,NaN,-0.505,NaN,NaN,NaN,NaN
NaN,NaN,NaN,NaN,NaN,NaN,NaN,NaN,-0.505,NaN,NaN,NaN,NaN
6,4,4,3,3,1,5.82936531708213,1693384942.54655,-0.525,-0.01,-0.3,0,0
NaN,NaN,NaN,NaN,NaN,2,6.00079994667378,NaN,0.525,7.88,-0.3,0,NaN
NaN,NaN,NaN,NaN,NaN,3,7.03800397840183,NaN,-0.525,7.84,10.5,0,NaN
NaN,NaN,NaN,NaN,NaN,0,0,NaN,0.525,0,15.1,0,NaN
NaN,NaN,NaN,NaN,NaN,0,0,NaN,0.505,0,0,NaN,NaN
NaN,NaN,NaN,NaN,NaN,0,0,NaN,0.505,0,0,NaN,NaN
NaN,NaN,NaN,NaN,NaN,NaN,NaN,NaN,-0.505,NaN,NaN,NaN,NaN
NaN,NaN,NaN,NaN,NaN,NaN,NaN,NaN,-0.505,NaN,NaN,NaN,NaN
6,4,4,2,4,1,4.28130821128309,1693384942.57479,-0.525,-0.01,-0.3,0,0
NaN,NaN,NaN,NaN,NaN,2,5.85962456135203,NaN,0.525,7.88,-0.3,0,NaN
NaN,NaN,NaN,NaN,NaN,3,8.37467611314014,NaN,-0.525,7.84,10.5,0,NaN
NaN,NaN,NaN,NaN,NaN,4,11.82495665954,NaN,0.525,0,15.1,0,NaN
NaN,NaN,NaN,NaN,NaN,0,0,NaN,0.505,0,0,NaN,NaN
NaN,NaN,NaN,NaN,NaN,0,0,NaN,0.505,0,0,NaN,NaN
NaN,NaN,NaN,NaN,NaN,NaN,NaN,NaN,-0.505,NaN,NaN,NaN,NaN
NaN,NaN,NaN,NaN,NaN,NaN,NaN,NaN,-0.505,NaN,NaN,NaN,NaN
6,4,4,1,4,2,5.21344415909483,1693384942.58223,-0.525,-0.01,-0.3,0,0
NaN,NaN,NaN,NaN,NaN,1,5.02130461135351,NaN,0.525,7.88,-0.3,0,NaN
NaN,NaN,NaN,NaN,NaN,3,7.85233723167822,NaN,-0.525,7.84,10.5,0,NaN
NaN,NaN,NaN,NaN,NaN,4,12.155636552645,NaN,0.525,0,15.1,0,NaN
NaN,NaN,NaN,NaN,NaN,0,0,NaN,0.505,0,0,NaN,NaN
NaN,NaN,NaN,NaN,NaN,0,0,NaN,0.505,0,0,NaN,NaN
NaN,NaN,NaN,NaN,NaN,NaN,NaN,NaN,-0.505,NaN,NaN,NaN,NaN
NaN,NaN,NaN,NaN,NaN,NaN,NaN,NaN,-0.505,NaN,NaN,NaN,NaN
6,4,4,3,4,1,5.81927830576954,1693384942.63929,-0.525,-0.01,-0.3,0,0
NaN,NaN,NaN,NaN,NaN,2,6.01088179887111,NaN,0.525,7.88,-0.3,0,NaN
NaN,NaN,NaN,NaN,NaN,3,7.07824130699145,NaN,-0.525,7.84,10.5,0,NaN
NaN,NaN,NaN,NaN,NaN,4,11.333874006711,NaN,0.525,0,15.1,0,NaN
NaN,NaN,NaN,NaN,NaN,0,0,NaN,0.505,0,0,NaN,NaN
NaN,NaN,NaN,NaN,NaN,0,0,NaN,0.505,0,0,NaN,NaN
NaN,NaN,NaN,NaN,NaN,NaN,NaN,NaN,-0.505,NaN,NaN,NaN,NaN
NaN,NaN,NaN,NaN,NaN,NaN,NaN,NaN,-0.505,NaN,NaN,NaN,NaN
6,4,4,4,4,1,5.23366028702666,1693384942.64314,-0.525,-0.01,-0.3,0,0
NaN,NaN,NaN,NaN,NaN,2,6.54486057911091,NaN,0.525,7.88,-0.3,0,NaN
NaN,NaN,NaN,NaN,NaN,3,7.62120069280425,NaN,-0.525,7.84,10.5,0,NaN
NaN,NaN,NaN,NaN,NaN,4,10.9429429314056,NaN,0.525,0,15.1,0,NaN
NaN,NaN,NaN,NaN,NaN,0,0,NaN,0.505,0,0,NaN,NaN
NaN,NaN,NaN,NaN,NaN,0,0,NaN,0.505,0,0,NaN,NaN
NaN,NaN,NaN,NaN,NaN,NaN,NaN,NaN,-0.505,NaN,NaN,NaN,NaN
NaN,NaN,NaN,NaN,NaN,NaN,NaN,NaN,-0.505,NaN,NaN,NaN,NaN
6,4,4,2,4,1,4.23049642477097,1693384942.67315,-0.525,-0.01,-0.3,0,0
NaN,NaN,NaN,NaN,NaN,2,5.94030302257385,NaN,0.525,7.88,-0.3,0,NaN
NaN,NaN,NaN,NaN,NaN,3,8.34454911903573,NaN,-0.525,7.84,10.5,0,NaN
NaN,NaN,NaN,NaN,NaN,4,11.7247430675474,NaN,0.525,0,15.1,0,NaN
NaN,NaN,NaN,NaN,NaN,0,0,NaN,0.505,0,0,NaN,NaN
NaN,NaN,NaN,NaN,NaN,0,0,NaN,0.505,0,0,NaN,NaN
NaN,NaN,NaN,NaN,NaN,NaN,NaN,NaN,-0.505,NaN,NaN,NaN,NaN
NaN,NaN,NaN,NaN,NaN,NaN,NaN,NaN,-0.505,NaN,NaN,NaN,NaN
6,4,4,1,4,2,5.22355243105686,1693384942.68208,-0.525,-0.01,-0.3,0,0
NaN,NaN,NaN,NaN,NaN,1,5.07188327941407,NaN,0.525,7.88,-0.3,0,NaN
NaN,NaN,NaN,NaN,NaN,3,7.84228920660288,NaN,-0.525,7.84,10.5,0,NaN
NaN,NaN,NaN,NaN,NaN,4,12.2057363563203,NaN,0.525,0,15.1,0,NaN
NaN,NaN,NaN,NaN,NaN,0,0,NaN,0.505,0,0,NaN,NaN
NaN,NaN,NaN,NaN,NaN,0,0,NaN,0.505,0,0,NaN,NaN
NaN,NaN,NaN,NaN,NaN,NaN,NaN,NaN,-0.505,NaN,NaN,NaN,NaN
NaN,NaN,NaN,NaN,NaN,NaN,NaN,NaN,-0.505,NaN,NaN,NaN,NaN
6,4,4,4,4,1,5.21344415909483,1693384942.74461,-0.525,-0.01,-0.3,0,0
NaN,NaN,NaN,NaN,NaN,2,6.53479150394257,NaN,0.525,7.88,-0.3,0,NaN
NaN,NaN,NaN,NaN,NaN,3,7.61114971604159,NaN,-0.525,7.84,10.5,0,NaN
NaN,NaN,NaN,NaN,NaN,4,10.9529676343902,NaN,0.525,0,15.1,0,NaN
NaN,NaN,NaN,NaN,NaN,0,0,NaN,0.505,0,0,NaN,NaN
NaN,NaN,NaN,NaN,NaN,0,0,NaN,0.505,0,0,NaN,NaN
NaN,NaN,NaN,NaN,NaN,NaN,NaN,NaN,-0.505,NaN,NaN,NaN,NaN
NaN,NaN,NaN,NaN,NaN,NaN,NaN,NaN,-0.505,NaN,NaN,NaN,NaN
6,4,4,3,4,1,5.77892723608803,1693384942.74714,-0.525,-0.01,-0.3,0,0
NaN,NaN,NaN,NaN,NaN,2,6.03104468562454,NaN,0.525,7.88,-0.3,0,NaN
NaN,NaN,NaN,NaN,NaN,3,7.08830021937559,NaN,-0.525,7.84,10.5,0,NaN
NaN,NaN,NaN,NaN,NaN,4,11.2937814747763,NaN,0.525,0,15.1,0,NaN
NaN,NaN,NaN,NaN,NaN,0,0,NaN,0.505,0,0,NaN,NaN
NaN,NaN,NaN,NaN,NaN,0,0,NaN,0.505,0,0,NaN,NaN
NaN,NaN,NaN,NaN,NaN,NaN,NaN,NaN,-0.505,NaN,NaN,NaN,NaN
NaN,NaN,NaN,NaN,NaN,NaN,NaN,NaN,-0.505,NaN,NaN,NaN,NaN
6,4,4,2,4,1,4.22033174051519,1693384942.77549,-0.525,-0.01,-0.3,0,0
NaN,NaN,NaN,NaN,NaN,2,5.92013513359281,NaN,0.525,7.88,-0.3,0,NaN
NaN,NaN,NaN,NaN,NaN,3,8.32446394670552,NaN,-0.525,7.84,10.5,0,NaN
NaN,NaN,NaN,NaN,NaN,4,11.8149354632177,NaN,0.525,0,15.1,0,NaN
NaN,NaN,NaN,NaN,NaN,0,0,NaN,0.505,0,0,NaN,NaN
NaN,NaN,NaN,NaN,NaN,0,0,NaN,0.505,0,0,NaN,NaN
NaN,NaN,NaN,NaN,NaN,NaN,NaN,NaN,-0.505,NaN,NaN,NaN,NaN
NaN,NaN,NaN,NaN,NaN,NaN,NaN,NaN,-0.505,NaN,NaN,NaN,NaN
6,4,4,1,4,2,5.1831168229165,1693384942.78194,-0.525,-0.01,-0.3,0,0
NaN,NaN,NaN,NaN,NaN,1,5.0415374639092,NaN,0.525,7.88,-0.3,0,NaN
NaN,NaN,NaN,NaN,NaN,3,7.87243291492535,NaN,-0.525,7.84,10.5,0,NaN
NaN,NaN,NaN,NaN,NaN,4,12.1957164611186,NaN,0.525,0,15.1,0,NaN
NaN,NaN,NaN,NaN,NaN,0,0,NaN,0.505,0,0,NaN,NaN
NaN,NaN,NaN,NaN,NaN,0,0,NaN,0.505,0,0,NaN,NaN
NaN,NaN,NaN,NaN,NaN,NaN,NaN,NaN,-0.505,NaN,NaN,NaN,NaN
NaN,NaN,NaN,NaN,NaN,NaN,NaN,NaN,-0.505,NaN,NaN,NaN,NaN
6,4,4,4,4,1,5.22355243105686,1693384942.84531,-0.525,-0.01,-0.3,0,0
NaN,NaN,NaN,NaN,NaN,2,6.55492944279342,NaN,0.525,7.88,-0.3,0,NaN
NaN,NaN,NaN,NaN,NaN,3,7.65135282156038,NaN,-0.525,7.84,10.5,0,NaN
NaN,NaN,NaN,NaN,NaN,4,10.8928187352953,NaN,0.525,0,15.1,0,NaN
NaN,NaN,NaN,NaN,NaN,0,0,NaN,0.505,0,0,NaN,NaN
NaN,NaN,NaN,NaN,NaN,0,0,NaN,0.505,0,0,NaN,NaN
NaN,NaN,NaN,NaN,NaN,NaN,NaN,NaN,-0.505,NaN,NaN,NaN,NaN
NaN,NaN,NaN,NaN,NaN,NaN,NaN,NaN,-0.505,NaN,NaN,NaN,NaN
6,4,4,3,4,1,5.79910337897161,1693384942.84738,-0.525,-0.01,-0.3,0,0
NaN,NaN,NaN,NaN,NaN,2,5.98063541774618,NaN,0.525,7.88,-0.3,0,NaN
NaN,NaN,NaN,NaN,NaN,3,7.03800397840183,NaN,-0.525,7.84,10.5,0,NaN
NaN,NaN,NaN,NaN,NaN,4,11.2937814747763,NaN,0.525,0,15.1,0,NaN
NaN,NaN,NaN,NaN,NaN,0,0,NaN,0.505,0,0,NaN,NaN
NaN,NaN,NaN,NaN,NaN,0,0,NaN,0.505,0,0,NaN,NaN
NaN,NaN,NaN,NaN,NaN,NaN,NaN,NaN,-0.505,NaN,NaN,NaN,NaN
NaN,NaN,NaN,NaN,NaN,NaN,NaN,NaN,-0.505,NaN,NaN,NaN,NaN
6,4,4,2,4,1,4.23049642477097,1693384942.87419,-0.525,-0.01,-0.3,0,0
NaN,NaN,NaN,NaN,NaN,2,5.84953844333038,NaN,0.525,7.88,-0.3,0,NaN
NaN,NaN,NaN,NaN,NaN,3,8.37467611314014,NaN,-0.525,7.84,10.5,0,NaN
NaN,NaN,NaN,NaN,NaN,4,11.77485031752,NaN,0.525,0,15.1,0,NaN
NaN,NaN,NaN,NaN,NaN,0,0,NaN,0.505,0,0,NaN,NaN
NaN,NaN,NaN,NaN,NaN,0,0,NaN,0.505,0,0,NaN,NaN
NaN,NaN,NaN,NaN,NaN,NaN,NaN,NaN,-0.505,NaN,NaN,NaN,NaN
NaN,NaN,NaN,NaN,NaN,NaN,NaN,NaN,-0.505,NaN,NaN,NaN,NaN
6,4,4,1,4,2,5.22355243105686,1693384942.88277,-0.525,-0.01,-0.3,0,0
NaN,NaN,NaN,NaN,NaN,1,5.07188327941407,NaN,0.525,7.88,-0.3,0,NaN
NaN,NaN,NaN,NaN,NaN,3,7.7819984579798,NaN,-0.525,7.84,10.5,0,NaN
NaN,NaN,NaN,NaN,NaN,4,12.1456164932045,NaN,0.525,0,15.1,0,NaN
NaN,NaN,NaN,NaN,NaN,0,0,NaN,0.505,0,0,NaN,NaN
NaN,NaN,NaN,NaN,NaN,0,0,NaN,0.505,0,0,NaN,NaN
NaN,NaN,NaN,NaN,NaN,NaN,NaN,NaN,-0.505,NaN,NaN,NaN,NaN
NaN,NaN,NaN,NaN,NaN,NaN,NaN,NaN,-0.505,NaN,NaN,NaN,NaN
6,4,4,4,4,1,5.24376772940984,1693384942.94464,-0.525,-0.01,-0.3,0,0
NaN,NaN,NaN,NaN,NaN,2,6.51465271522588,NaN,0.525,7.88,-0.3,0,NaN
NaN,NaN,NaN,NaN,NaN,3,7.580995976783,NaN,-0.525,7.84,10.5,0,NaN
NaN,NaN,NaN,NaN,NaN,4,10.9429429314056,NaN,0.525,0,15.1,0,NaN
NaN,NaN,NaN,NaN,NaN,0,0,NaN,0.505,0,0,NaN,NaN
NaN,NaN,NaN,NaN,NaN,0,0,NaN,0.505,0,0,NaN,NaN
NaN,NaN,NaN,NaN,NaN,NaN,NaN,NaN,-0.505,NaN,NaN,NaN,NaN
NaN,NaN,NaN,NaN,NaN,NaN,NaN,NaN,-0.505,NaN,NaN,NaN,NaN
6,4,4,3,4,1,5.79910337897161,1693384942.94645,-0.525,-0.01,-0.3,0,0
NaN,NaN,NaN,NaN,NaN,2,6.02096337806501,NaN,0.525,7.88,-0.3,0,NaN
NaN,NaN,NaN,NaN,NaN,3,7.05812297994304,NaN,-0.525,7.84,10.5,0,NaN
NaN,NaN,NaN,NaN,NaN,4,11.2336414398894,NaN,0.525,0,15.1,0,NaN
NaN,NaN,NaN,NaN,NaN,0,0,NaN,0.505,0,0,NaN,NaN
NaN,NaN,NaN,NaN,NaN,0,0,NaN,0.505,0,0,NaN,NaN
NaN,NaN,NaN,NaN,NaN,NaN,NaN,NaN,-0.505,NaN,NaN,NaN,NaN
NaN,NaN,NaN,NaN,NaN,NaN,NaN,NaN,-0.505,NaN,NaN,NaN,NaN
6,4,4,2,4,1,4.2609858014314,1693384942.97467,-0.525,-0.01,-0.3,0,0
NaN,NaN,NaN,NaN,NaN,2,5.84953844333038,NaN,0.525,7.88,-0.3,0,NaN
NaN,NaN,NaN,NaN,NaN,3,8.2642059509671,NaN,-0.525,7.84,10.5,0,NaN
NaN,NaN,NaN,NaN,NaN,4,11.7848716581896,NaN,0.525,0,15.1,0,NaN
NaN,NaN,NaN,NaN,NaN,0,0,NaN,0.505,0,0,NaN,NaN
NaN,NaN,NaN,NaN,NaN,0,0,NaN,0.505,0,0,NaN,NaN
NaN,NaN,NaN,NaN,NaN,NaN,NaN,NaN,-0.505,NaN,NaN,NaN,NaN
NaN,NaN,NaN,NaN,NaN,NaN,NaN,NaN,-0.505,NaN,NaN,NaN,NaN
6,4,4,1,4,2,5.23366028702666,1693384942.98189,-0.525,-0.01,-0.3,0,0
NaN,NaN,NaN,NaN,NaN,1,5.08199763872436,NaN,0.525,7.88,-0.3,0,NaN
NaN,NaN,NaN,NaN,NaN,3,7.7819984579798,NaN,-0.525,7.84,10.5,0,NaN
NaN,NaN,NaN,NaN,NaN,4,12.1957164611186,NaN,0.525,0,15.1,0,NaN
NaN,NaN,NaN,NaN,NaN,0,0,NaN,0.505,0,0,NaN,NaN
NaN,NaN,NaN,NaN,NaN,0,0,NaN,0.505,0,0,NaN,NaN
NaN,NaN,NaN,NaN,NaN,NaN,NaN,NaN,-0.505,NaN,NaN,NaN,NaN
NaN,NaN,NaN,NaN,NaN,NaN,NaN,NaN,-0.505,NaN,NaN,NaN,NaN
6,4,4,4,4,1,5.25387476059337,1693384943.04419,-0.525,-0.01,-0.3,0,0
NaN,NaN,NaN,NaN,NaN,2,6.47437255647217,NaN,0.525,7.88,-0.3,0,NaN
NaN,NaN,NaN,NaN,NaN,3,7.64130224503651,NaN,-0.525,7.84,10.5,0,NaN
NaN,NaN,NaN,NaN,NaN,4,10.9629922922531,NaN,0.525,0,15.1,0,NaN
NaN,NaN,NaN,NaN,NaN,0,0,NaN,0.505,0,0,NaN,NaN
NaN,NaN,NaN,NaN,NaN,0,0,NaN,0.505,0,0,NaN,NaN
NaN,NaN,NaN,NaN,NaN,NaN,NaN,NaN,-0.505,NaN,NaN,NaN,NaN
NaN,NaN,NaN,NaN,NaN,NaN,NaN,NaN,-0.505,NaN,NaN,NaN,NaN
6,4,4,3,4,1,5.79910337897161,1693384943.04575,-0.525,-0.01,-0.3,0,0
NaN,NaN,NaN,NaN,NaN,2,6.03104468562454,NaN,0.525,7.88,-0.3,0,NaN
NaN,NaN,NaN,NaN,NaN,3,7.01788429656688,NaN,-0.525,7.84,10.5,0,NaN
NaN,NaN,NaN,NaN,NaN,4,11.223617955009,NaN,0.525,0,15.1,0,NaN
NaN,NaN,NaN,NaN,NaN,0,0,NaN,0.505,0,0,NaN,NaN
NaN,NaN,NaN,NaN,NaN,0,0,NaN,0.505,0,0,NaN,NaN
NaN,NaN,NaN,NaN,NaN,NaN,NaN,NaN,-0.505,NaN,NaN,NaN,NaN
NaN,NaN,NaN,NaN,NaN,NaN,NaN,NaN,-0.505,NaN,NaN,NaN,NaN
6,4,4,2,4,1,4.24066032593982,1693384943.07413,-0.525,-0.01,-0.3,0,0
NaN,NaN,NaN,NaN,NaN,2,5.87979591482562,NaN,0.525,7.88,-0.3,0,NaN
NaN,NaN,NaN,NaN,NaN,3,8.31442120655431,NaN,-0.525,7.84,10.5,0,NaN
NaN,NaN,NaN,NaN,NaN,4,11.7848716581896,NaN,0.525,0,15.1,0,NaN
NaN,NaN,NaN,NaN,NaN,0,0,NaN,0.505,0,0,NaN,NaN
NaN,NaN,NaN,NaN,NaN,0,0,NaN,0.505,0,0,NaN,NaN
NaN,NaN,NaN,NaN,NaN,NaN,NaN,NaN,-0.505,NaN,NaN,NaN,NaN
NaN,NaN,NaN,NaN,NaN,NaN,NaN,NaN,-0.505,NaN,NaN,NaN,NaN
6,4,4,1,4,2,5.21344415909483,1693384943.08156,-0.525,-0.01,-0.3,0,0
NaN,NaN,NaN,NaN,NaN,1,5.06176846566494,NaN,0.525,7.88,-0.3,0,NaN
NaN,NaN,NaN,NaN,NaN,3,7.76190054046044,NaN,-0.525,7.84,10.5,0,NaN
NaN,NaN,NaN,NaN,NaN,4,12.1957164611186,NaN,0.525,0,15.1,0,NaN
NaN,NaN,NaN,NaN,NaN,0,0,NaN,0.505,0,0,NaN,NaN
NaN,NaN,NaN,NaN,NaN,0,0,NaN,0.505,0,0,NaN,NaN
NaN,NaN,NaN,NaN,NaN,NaN,NaN,NaN,-0.505,NaN,NaN,NaN,NaN
NaN,NaN,NaN,NaN,NaN,NaN,NaN,NaN,-0.505,NaN,NaN,NaN,NaN
6,4,4,4,4,1,5.23366028702666,1693384943.1439,-0.525,-0.01,-0.3,0,0
NaN,NaN,NaN,NaN,NaN,2,6.50458299970106,NaN,0.525,7.88,-0.3,0,NaN
NaN,NaN,NaN,NaN,NaN,3,7.61114971604159,NaN,-0.525,7.84,10.5,0,NaN
NaN,NaN,NaN,NaN,NaN,4,10.922893389574,NaN,0.525,0,15.1,0,NaN
NaN,NaN,NaN,NaN,NaN,0,0,NaN,0.505,0,0,NaN,NaN
NaN,NaN,NaN,NaN,NaN,0,0,NaN,0.505,0,0,NaN,NaN
NaN,NaN,NaN,NaN,NaN,NaN,NaN,NaN,-0.505,NaN,NaN,NaN,NaN
NaN,NaN,NaN,NaN,NaN,NaN,NaN,NaN,-0.505,NaN,NaN,NaN,NaN
6,4,4,3,4,1,5.82936531708213,1693384943.14544,-0.525,-0.01,-0.3,0,0
NaN,NaN,NaN,NaN,NaN,2,6.03104468562454,NaN,0.525,7.88,-0.3,0,NaN
NaN,NaN,NaN,NaN,NaN,3,7.06818222741887,NaN,-0.525,7.84,10.5,0,NaN
NaN,NaN,NaN,NaN,NaN,4,11.2637116440363,NaN,0.525,0,15.1,0,NaN
NaN,NaN,NaN,NaN,NaN,0,0,NaN,0.505,0,0,NaN,NaN
NaN,NaN,NaN,NaN,NaN,0,0,NaN,0.505,0,0,NaN,NaN
NaN,NaN,NaN,NaN,NaN,NaN,NaN,NaN,-0.505,NaN,NaN,NaN,NaN
NaN,NaN,NaN,NaN,NaN,NaN,NaN,NaN,-0.505,NaN,NaN,NaN,NaN
6,4,4,2,4,1,4.23049642477097,1693384943.17456,-0.525,-0.01,-0.3,0,0
NaN,NaN,NaN,NaN,NaN,2,5.84953844333038,NaN,0.525,7.88,-0.3,0,NaN
NaN,NaN,NaN,NaN,NaN,3,8.2742492106535,NaN,-0.525,7.84,10.5,0,NaN
NaN,NaN,NaN,NaN,NaN,4,11.7347645907364,NaN,0.525,0,15.1,0,NaN
NaN,NaN,NaN,NaN,NaN,0,0,NaN,0.505,0,0,NaN,NaN
NaN,NaN,NaN,NaN,NaN,0,0,NaN,0.505,0,0,NaN,NaN
NaN,NaN,NaN,NaN,NaN,NaN,NaN,NaN,-0.505,NaN,NaN,NaN,NaN
NaN,NaN,NaN,NaN,NaN,NaN,NaN,NaN,-0.505,NaN,NaN,NaN,NaN
6,4,4,1,4,1,5.03142127037679,1693384943.18303,-0.525,-0.01,-0.3,0,0
NaN,NaN,NaN,NaN,NaN,2,5.16289647387975,NaN,0.525,7.88,-0.3,0,NaN
NaN,NaN,NaN,NaN,NaN,3,7.79204722778295,NaN,-0.525,7.84,10.5,0,NaN
NaN,NaN,NaN,NaN,NaN,4,12.1856965332311,NaN,0.525,0,15.1,0,NaN
NaN,NaN,NaN,NaN,NaN,0,0,NaN,0.505,0,0,NaN,NaN
NaN,NaN,NaN,NaN,NaN,0,0,NaN,0.505,0,0,NaN,NaN
NaN,NaN,NaN,NaN,NaN,NaN,NaN,NaN,-0.505,NaN,NaN,NaN,NaN
NaN,NaN,NaN,NaN,NaN,NaN,NaN,NaN,-0.505,NaN,NaN,NaN,NaN
6,4,4,4,4,1,5.2033354687162,1693384943.24353,-0.525,-0.01,-0.3,0,0
NaN,NaN,NaN,NaN,NaN,2,6.42401743459652,NaN,0.525,7.88,-0.3,0,NaN
NaN,NaN,NaN,NaN,NaN,3,7.65135282156038,NaN,-0.525,7.84,10.5,0,NaN
NaN,NaN,NaN,NaN,NaN,4,10.9028436657599,NaN,0.525,0,15.1,0,NaN
NaN,NaN,NaN,NaN,NaN,0,0,NaN,0.505,0,0,NaN,NaN
NaN,NaN,NaN,NaN,NaN,0,0,NaN,0.505,0,0,NaN,NaN
NaN,NaN,NaN,NaN,NaN,NaN,NaN,NaN,-0.505,NaN,NaN,NaN,NaN
NaN,NaN,NaN,NaN,NaN,NaN,NaN,NaN,-0.505,NaN,NaN,NaN,NaN
6,4,4,3,4,1,5.76883870462678,1693384943.24505,-0.525,-0.01,-0.3,0,0
NaN,NaN,NaN,NaN,NaN,2,6.03104468562454,NaN,0.525,7.88,-0.3,0,NaN
NaN,NaN,NaN,NaN,NaN,3,7.01788429656688,NaN,-0.525,7.84,10.5,0,NaN
NaN,NaN,NaN,NaN,NaN,4,11.2637116440363,NaN,0.525,0,15.1,0,NaN
NaN,NaN,NaN,NaN,NaN,0,0,NaN,0.505,0,0,NaN,NaN
NaN,NaN,NaN,NaN,NaN,0,0,NaN,0.505,0,0,NaN,NaN
NaN,NaN,NaN,NaN,NaN,NaN,NaN,NaN,-0.505,NaN,NaN,NaN,NaN
NaN,NaN,NaN,NaN,NaN,NaN,NaN,NaN,-0.505,NaN,NaN,NaN,NaN
6,4,4,2,4,1,4.23049642477097,1693384943.27462,-0.525,-0.01,-0.3,0,0
NaN,NaN,NaN,NaN,NaN,2,5.91005076120332,NaN,0.525,7.88,-0.3,0,NaN
NaN,NaN,NaN,NaN,NaN,3,8.36463388320134,NaN,-0.525,7.84,10.5,0,NaN
NaN,NaN,NaN,NaN,NaN,4,11.77485031752,NaN,0.525,0,15.1,0,NaN
NaN,NaN,NaN,NaN,NaN,0,0,NaN,0.505,0,0,NaN,NaN
NaN,NaN,NaN,NaN,NaN,0,0,NaN,0.505,0,0,NaN,NaN
NaN,NaN,NaN,NaN,NaN,NaN,NaN,NaN,-0.505,NaN,NaN,NaN,NaN
NaN,NaN,NaN,NaN,NaN,NaN,NaN,NaN,-0.505,NaN,NaN,NaN,NaN
6,4,4,1,4,2,5.2033354687162,1693384943.28212,-0.525,-0.01,-0.3,0,0
NaN,NaN,NaN,NaN,NaN,1,5.02130461135351,NaN,0.525,7.88,-0.3,0,NaN
NaN,NaN,NaN,NaN,NaN,3,7.83224105859875,NaN,-0.525,7.84,10.5,0,NaN
NaN,NaN,NaN,NaN,NaN,4,12.2257760489876,NaN,0.525,0,15.1,0,NaN
NaN,NaN,NaN,NaN,NaN,0,0,NaN,0.505,0,0,NaN,NaN
NaN,NaN,NaN,NaN,NaN,0,0,NaN,0.505,0,0,NaN,NaN
NaN,NaN,NaN,NaN,NaN,NaN,NaN,NaN,-0.505,NaN,NaN,NaN,NaN
NaN,NaN,NaN,NaN,NaN,NaN,NaN,NaN,-0.505,NaN,NaN,NaN,NaN
6,4,4,4,4,1,5.2639813829458,1693384943.34476,-0.525,-0.01,-0.3,0,0
NaN,NaN,NaN,NaN,NaN,2,6.46430197314451,NaN,0.525,7.88,-0.3,0,NaN
NaN,NaN,NaN,NaN,NaN,3,7.61114971604159,NaN,-0.525,7.84,10.5,0,NaN
NaN,NaN,NaN,NaN,NaN,4,10.9128685504775,NaN,0.525,0,15.1,0,NaN
NaN,NaN,NaN,NaN,NaN,0,0,NaN,0.505,0,0,NaN,NaN
NaN,NaN,NaN,NaN,NaN,0,0,NaN,0.505,0,0,NaN,NaN
NaN,NaN,NaN,NaN,NaN,NaN,NaN,NaN,-0.505,NaN,NaN,NaN,NaN
NaN,NaN,NaN,NaN,NaN,NaN,NaN,NaN,-0.505,NaN,NaN,NaN,NaN
6,4,4,3,4,1,5.79910337897161,1693384943.34626,-0.525,-0.01,-0.3,0,0
NaN,NaN,NaN,NaN,NaN,2,5.97055273823119,NaN,0.525,7.88,-0.3,0,NaN
NaN,NaN,NaN,NaN,NaN,3,7.03800397840183,NaN,-0.525,7.84,10.5,0,NaN
NaN,NaN,NaN,NaN,NaN,4,11.3038046692253,NaN,0.525,0,15.1,0,NaN
NaN,NaN,NaN,NaN,NaN,0,0,NaN,0.505,0,0,NaN,NaN
NaN,NaN,NaN,NaN,NaN,0,0,NaN,0.505,0,0,NaN,NaN
NaN,NaN,NaN,NaN,NaN,NaN,NaN,NaN,-0.505,NaN,NaN,NaN,NaN
NaN,NaN,NaN,NaN,NaN,NaN,NaN,NaN,-0.505,NaN,NaN,NaN,NaN
6,4,4,2,4,1,4.25082344963891,1693384943.37473,-0.525,-0.01,-0.3,0,0
NaN,NaN,NaN,NaN,NaN,2,5.91005076120332,NaN,0.525,7.88,-0.3,0,NaN
NaN,NaN,NaN,NaN,NaN,3,8.28429236567614,NaN,-0.525,7.84,10.5,0,NaN
NaN,NaN,NaN,NaN,NaN,4,11.7247430675474,NaN,0.525,0,15.1,0,NaN
NaN,NaN,NaN,NaN,NaN,0,0,NaN,0.505,0,0,NaN,NaN
NaN,NaN,NaN,NaN,NaN,0,0,NaN,0.505,0,0,NaN,NaN
NaN,NaN,NaN,NaN,NaN,NaN,NaN,NaN,-0.505,NaN,NaN,NaN,NaN
NaN,NaN,NaN,NaN,NaN,NaN,NaN,NaN,-0.505,NaN,NaN,NaN,NaN
6,4,4,1,4,2,5.19322635747759,1693384943.38137,-0.525,-0.01,-0.3,0,0
NaN,NaN,NaN,NaN,NaN,1,5.00106988553449,NaN,0.525,7.88,-0.3,0,NaN
NaN,NaN,NaN,NaN,NaN,3,7.83224105859875,NaN,-0.525,7.84,10.5,0,NaN
NaN,NaN,NaN,NaN,NaN,4,12.1856965332311,NaN,0.525,0,15.1,0,NaN
NaN,NaN,NaN,NaN,NaN,0,0,NaN,0.505,0,0,NaN,NaN
NaN,NaN,NaN,NaN,NaN,0,0,NaN,0.505,0,0,NaN,NaN
NaN,NaN,NaN,NaN,NaN,NaN,NaN,NaN,-0.505,NaN,NaN,NaN,NaN
NaN,NaN,NaN,NaN,NaN,NaN,NaN,NaN,-0.505,NaN,NaN,NaN,NaN
6,4,4,4,4,1,5.23366028702666,1693384943.44381,-0.525,-0.01,-0.3,0,0
NaN,NaN,NaN,NaN,NaN,2,6.46430197314451,NaN,0.525,7.88,-0.3,0,NaN
NaN,NaN,NaN,NaN,NaN,3,7.67145357803852,NaN,-0.525,7.84,10.5,0,NaN
NaN,NaN,NaN,NaN,NaN,4,10.872768736619,NaN,0.525,0,15.1,0,NaN
NaN,NaN,NaN,NaN,NaN,0,0,NaN,0.505,0,0,NaN,NaN
NaN,NaN,NaN,NaN,NaN,0,0,NaN,0.505,0,0,NaN,NaN
NaN,NaN,NaN,NaN,NaN,NaN,NaN,NaN,-0.505,NaN,NaN,NaN,NaN
NaN,NaN,NaN,NaN,NaN,NaN,NaN,NaN,-0.505,NaN,NaN,NaN,NaN
6,4,4,3,4,1,5.80919099358938,1693384943.44527,-0.525,-0.01,-0.3,0,0
NaN,NaN,NaN,NaN,NaN,2,6.01088179887111,NaN,0.525,7.88,-0.3,0,NaN
NaN,NaN,NaN,NaN,NaN,3,7.06818222741887,NaN,-0.525,7.84,10.5,0,NaN
NaN,NaN,NaN,NaN,NaN,4,11.2837582391684,NaN,0.525,0,15.1,0,NaN
NaN,NaN,NaN,NaN,NaN,0,0,NaN,0.505,0,0,NaN,NaN
NaN,NaN,NaN,NaN,NaN,0,0,NaN,0.505,0,0,NaN,NaN
NaN,NaN,NaN,NaN,NaN,NaN,NaN,NaN,-0.505,NaN,NaN,NaN,NaN
NaN,NaN,NaN,NaN,NaN,NaN,NaN,NaN,-0.505,NaN,NaN,NaN,NaN
6,4,4,2,4,1,4.25082344963891,1693384943.4748,-0.525,-0.01,-0.3,0,0
NaN,NaN,NaN,NaN,NaN,2,5.88988115330012,NaN,0.525,7.88,-0.3,0,NaN
NaN,NaN,NaN,NaN,NaN,3,8.29433541641523,NaN,-0.525,7.84,10.5,0,NaN
NaN,NaN,NaN,NaN,NaN,4,11.8149354632177,NaN,0.525,0,15.1,0,NaN
NaN,NaN,NaN,NaN,NaN,0,0,NaN,0.505,0,0,NaN,NaN
NaN,NaN,NaN,NaN,NaN,0,0,NaN,0.505,0,0,NaN,NaN
NaN,NaN,NaN,NaN,NaN,NaN,NaN,NaN,-0.505,NaN,NaN,NaN,NaN
NaN,NaN,NaN,NaN,NaN,NaN,NaN,NaN,-0.505,NaN,NaN,NaN,NaN
6,4,4,1,4,2,5.22355243105686,1693384943.48252,-0.525,-0.01,-0.3,0,0
NaN,NaN,NaN,NaN,NaN,1,5.06176846566494,NaN,0.525,7.88,-0.3,0,NaN
NaN,NaN,NaN,NaN,NaN,3,7.79204722778295,NaN,-0.525,7.84,10.5,0,NaN
NaN,NaN,NaN,NaN,NaN,4,12.2057363563203,NaN,0.525,0,15.1,0,NaN
NaN,NaN,NaN,NaN,NaN,0,0,NaN,0.505,0,0,NaN,NaN
NaN,NaN,NaN,NaN,NaN,0,0,NaN,0.505,0,0,NaN,NaN
NaN,NaN,NaN,NaN,NaN,NaN,NaN,NaN,-0.505,NaN,NaN,NaN,NaN
NaN,NaN,NaN,NaN,NaN,NaN,NaN,NaN,-0.505,NaN,NaN,NaN,NaN
6,4,4,4,4,1,5.25387476059337,1693384943.544,-0.525,-0.01,-0.3,0,0
NaN,NaN,NaN,NaN,NaN,2,6.52472221630929,NaN,0.525,7.88,-0.3,0,NaN
NaN,NaN,NaN,NaN,NaN,3,7.64130224503651,NaN,-0.525,7.84,10.5,0,NaN
NaN,NaN,NaN,NaN,NaN,4,10.9028436657599,NaN,0.525,0,15.1,0,NaN
NaN,NaN,NaN,NaN,NaN,0,0,NaN,0.505,0,0,NaN,NaN
NaN,NaN,NaN,NaN,NaN,0,0,NaN,0.505,0,0,NaN,NaN
NaN,NaN,NaN,NaN,NaN,NaN,NaN,NaN,-0.505,NaN,NaN,NaN,NaN
NaN,NaN,NaN,NaN,NaN,NaN,NaN,NaN,-0.505,NaN,NaN,NaN,NaN
6,4,4,3,4,1,5.81927830576954,1693384943.54549,-0.525,-0.01,-0.3,0,0
NaN,NaN,NaN,NaN,NaN,2,5.99071782009468,NaN,0.525,7.88,-0.3,0,NaN
NaN,NaN,NaN,NaN,NaN,3,7.05812297994304,NaN,-0.525,7.84,10.5,0,NaN
NaN,NaN,NaN,NaN,NaN,4,11.2737349622918,NaN,0.525,0,15.1,0,NaN
NaN,NaN,NaN,NaN,NaN,0,0,NaN,0.505,0,0,NaN,NaN
NaN,NaN,NaN,NaN,NaN,0,0,NaN,0.505,0,0,NaN,NaN
NaN,NaN,NaN,NaN,NaN,NaN,NaN,NaN,-0.505,NaN,NaN,NaN,NaN
NaN,NaN,NaN,NaN,NaN,NaN,NaN,NaN,-0.505,NaN,NaN,NaN,NaN
6,4,4,2,3,1,4.2609858014314,1693384943.57403,-0.525,-0.01,-0.3,0,0
NaN,NaN,NaN,NaN,NaN,2,5.88988115330012,NaN,0.525,7.88,-0.3,0,NaN
NaN,NaN,NaN,NaN,NaN,4,11.6946782768916,NaN,-0.525,7.84,10.5,0,NaN
NaN,NaN,NaN,NaN,NaN,0,0,NaN,0.525,0,15.1,0,NaN
NaN,NaN,NaN,NaN,NaN,0,0,NaN,0.505,0,0,NaN,NaN
NaN,NaN,NaN,NaN,NaN,0,0,NaN,0.505,0,0,NaN,NaN
NaN,NaN,NaN,NaN,NaN,NaN,NaN,NaN,-0.505,NaN,NaN,NaN,NaN
NaN,NaN,NaN,NaN,NaN,NaN,NaN,NaN,-0.505,NaN,NaN,NaN,NaN
6,4,4,1,4,2,5.1831168229165,1693384943.58219,-0.525,-0.01,-0.3,0,0
NaN,NaN,NaN,NaN,NaN,1,5.11233801699379,NaN,0.525,7.88,-0.3,0,NaN
NaN,NaN,NaN,NaN,NaN,3,7.82219278719209,NaN,-0.525,7.84,10.5,0,NaN
NaN,NaN,NaN,NaN,NaN,4,12.2257760489876,NaN,0.525,0,15.1,0,NaN
NaN,NaN,NaN,NaN,NaN,0,0,NaN,0.505,0,0,NaN,NaN
NaN,NaN,NaN,NaN,NaN,0,0,NaN,0.505,0,0,NaN,NaN
NaN,NaN,NaN,NaN,NaN,NaN,NaN,NaN,-0.505,NaN,NaN,NaN,NaN
NaN,NaN,NaN,NaN,NaN,NaN,NaN,NaN,-0.505,NaN,NaN,NaN,NaN
6,4,4,4,4,1,5.22355243105686,1693384943.64315,-0.525,-0.01,-0.3,0,0
NaN,NaN,NaN,NaN,NaN,2,6.51465271522588,NaN,0.525,7.88,-0.3,0,NaN
NaN,NaN,NaN,NaN,NaN,3,7.65135282156038,NaN,-0.525,7.84,10.5,0,NaN
NaN,NaN,NaN,NaN,NaN,4,10.9429429314056,NaN,0.525,0,15.1,0,NaN
NaN,NaN,NaN,NaN,NaN,0,0,NaN,0.505,0,0,NaN,NaN
NaN,NaN,NaN,NaN,NaN,0,0,NaN,0.505,0,0,NaN,NaN
NaN,NaN,NaN,NaN,NaN,NaN,NaN,NaN,-0.505,NaN,NaN,NaN,NaN
NaN,NaN,NaN,NaN,NaN,NaN,NaN,NaN,-0.505,NaN,NaN,NaN,NaN
6,4,4,3,4,1,5.83945202908629,1693384943.64531,-0.525,-0.01,-0.3,0,0
NaN,NaN,NaN,NaN,NaN,2,6.00079994667378,NaN,0.525,7.88,-0.3,0,NaN
NaN,NaN,NaN,NaN,NaN,3,7.02794422288623,NaN,-0.525,7.84,10.5,0,NaN
NaN,NaN,NaN,NaN,NaN,4,11.2937814747763,NaN,0.525,0,15.1,0,NaN
NaN,NaN,NaN,NaN,NaN,0,0,NaN,0.505,0,0,NaN,NaN
NaN,NaN,NaN,NaN,NaN,0,0,NaN,0.505,0,0,NaN,NaN
NaN,NaN,NaN,NaN,NaN,NaN,NaN,NaN,-0.505,NaN,NaN,NaN,NaN
NaN,NaN,NaN,NaN,NaN,NaN,NaN,NaN,-0.505,NaN,NaN,NaN,NaN
6,4,4,2,4,1,4.22033174051519,1693384943.6693,-0.525,-0.01,-0.3,0,0
NaN,NaN,NaN,NaN,NaN,2,5.84953844333038,NaN,0.525,7.88,-0.3,0,NaN
NaN,NaN,NaN,NaN,NaN,3,8.30437836324911,NaN,-0.525,7.84,10.5,0,NaN
NaN,NaN,NaN,NaN,NaN,4,11.7848716581896,NaN,0.525,0,15.1,0,NaN
NaN,NaN,NaN,NaN,NaN,0,0,NaN,0.505,0,0,NaN,NaN
NaN,NaN,NaN,NaN,NaN,0,0,NaN,0.505,0,0,NaN,NaN
NaN,NaN,NaN,NaN,NaN,NaN,NaN,NaN,-0.505,NaN,NaN,NaN,NaN
NaN,NaN,NaN,NaN,NaN,NaN,NaN,NaN,-0.505,NaN,NaN,NaN,NaN
6,4,4,1,4,2,5.16289647387975,1693384943.68217,-0.525,-0.01,-0.3,0,0
NaN,NaN,NaN,NaN,NaN,1,5.02130461135351,NaN,0.525,7.88,-0.3,0,NaN
NaN,NaN,NaN,NaN,NaN,3,7.7819984579798,NaN,-0.525,7.84,10.5,0,NaN
NaN,NaN,NaN,NaN,NaN,4,12.1255762749652,NaN,0.525,0,15.1,0,NaN
NaN,NaN,NaN,NaN,NaN,0,0,NaN,0.505,0,0,NaN,NaN
NaN,NaN,NaN,NaN,NaN,0,0,NaN,0.505,0,0,NaN,NaN
NaN,NaN,NaN,NaN,NaN,NaN,NaN,NaN,-0.505,NaN,NaN,NaN,NaN
NaN,NaN,NaN,NaN,NaN,NaN,NaN,NaN,-0.505,NaN,NaN,NaN,NaN
6,4,4,4,4,1,5.2033354687162,1693384943.74343,-0.525,-0.01,-0.3,0,0
NaN,NaN,NaN,NaN,NaN,2,6.50458299970106,NaN,0.525,7.88,-0.3,0,NaN
NaN,NaN,NaN,NaN,NaN,3,7.63125153562638,NaN,-0.525,7.84,10.5,0,NaN
NaN,NaN,NaN,NaN,NaN,4,10.9329181831751,NaN,0.525,0,15.1,0,NaN
NaN,NaN,NaN,NaN,NaN,0,0,NaN,0.505,0,0,NaN,NaN
NaN,NaN,NaN,NaN,NaN,0,0,NaN,0.505,0,0,NaN,NaN
NaN,NaN,NaN,NaN,NaN,NaN,NaN,NaN,-0.505,NaN,NaN,NaN,NaN
NaN,NaN,NaN,NaN,NaN,NaN,NaN,NaN,-0.505,NaN,NaN,NaN,NaN
6,4,4,3,4,1,5.81927830576954,1693384943.7456,-0.525,-0.01,-0.3,0,0
NaN,NaN,NaN,NaN,NaN,2,5.97055273823119,NaN,0.525,7.88,-0.3,0,NaN
NaN,NaN,NaN,NaN,NaN,3,7.05812297994304,NaN,-0.525,7.84,10.5,0,NaN
NaN,NaN,NaN,NaN,NaN,4,11.3038046692253,NaN,0.525,0,15.1,0,NaN
NaN,NaN,NaN,NaN,NaN,0,0,NaN,0.505,0,0,NaN,NaN
NaN,NaN,NaN,NaN,NaN,0,0,NaN,0.505,0,0,NaN,NaN
NaN,NaN,NaN,NaN,NaN,NaN,NaN,NaN,-0.505,NaN,NaN,NaN,NaN
NaN,NaN,NaN,NaN,NaN,NaN,NaN,NaN,-0.505,NaN,NaN,NaN,NaN
6,4,4,2,4,1,4.2609858014314,1693384943.7754,-0.525,-0.01,-0.3,0,0
NaN,NaN,NaN,NaN,NaN,2,5.88988115330012,NaN,0.525,7.88,-0.3,0,NaN
NaN,NaN,NaN,NaN,NaN,3,8.38471824213551,NaN,-0.525,7.84,10.5,0,NaN
NaN,NaN,NaN,NaN,NaN,4,11.8449989447024,NaN,0.525,0,15.1,0,NaN
NaN,NaN,NaN,NaN,NaN,0,0,NaN,0.505,0,0,NaN,NaN
NaN,NaN,NaN,NaN,NaN,0,0,NaN,0.505,0,0,NaN,NaN
NaN,NaN,NaN,NaN,NaN,NaN,NaN,NaN,-0.505,NaN,NaN,NaN,NaN
NaN,NaN,NaN,NaN,NaN,NaN,NaN,NaN,-0.505,NaN,NaN,NaN,NaN
6,4,4,1,4,2,5.19322635747759,1693384943.78225,-0.525,-0.01,-0.3,0,0
NaN,NaN,NaN,NaN,NaN,1,5.01118748402013,NaN,0.525,7.88,-0.3,0,NaN
NaN,NaN,NaN,NaN,NaN,3,7.80209587226407,NaN,-0.525,7.84,10.5,0,NaN
NaN,NaN,NaN,NaN,NaN,4,12.2057363563203,NaN,0.525,0,15.1,0,NaN
NaN,NaN,NaN,NaN,NaN,0,0,NaN,0.505,0,0,NaN,NaN
NaN,NaN,NaN,NaN,NaN,0,0,NaN,0.505,0,0,NaN,NaN
NaN,NaN,NaN,NaN,NaN,NaN,NaN,NaN,-0.505,NaN,NaN,NaN,NaN
NaN,NaN,NaN,NaN,NaN,NaN,NaN,NaN,-0.505,NaN,NaN,NaN,NaN
6,4,4,4,4,1,5.19322635747759,1693384943.8438,-0.525,-0.01,-0.3,0,0
NaN,NaN,NaN,NaN,NaN,2,6.51465271522588,NaN,0.525,7.88,-0.3,0,NaN
NaN,NaN,NaN,NaN,NaN,3,7.66140326572097,NaN,-0.525,7.84,10.5,0,NaN
NaN,NaN,NaN,NaN,NaN,4,10.9429429314056,NaN,0.525,0,15.1,0,NaN
NaN,NaN,NaN,NaN,NaN,0,0,NaN,0.505,0,0,NaN,NaN
NaN,NaN,NaN,NaN,NaN,0,0,NaN,0.505,0,0,NaN,NaN
NaN,NaN,NaN,NaN,NaN,NaN,NaN,NaN,-0.505,NaN,NaN,NaN,NaN
NaN,NaN,NaN,NaN,NaN,NaN,NaN,NaN,-0.505,NaN,NaN,NaN,NaN
6,4,4,3,4,1,5.81927830576954,1693384943.8456,-0.525,-0.01,-0.3,0,0
NaN,NaN,NaN,NaN,NaN,2,5.98063541774618,NaN,0.525,7.88,-0.3,0,NaN
NaN,NaN,NaN,NaN,NaN,3,7.08830021937559,NaN,-0.525,7.84,10.5,0,NaN
NaN,NaN,NaN,NaN,NaN,4,11.3038046692253,NaN,0.525,0,15.1,0,NaN
NaN,NaN,NaN,NaN,NaN,0,0,NaN,0.505,0,0,NaN,NaN
NaN,NaN,NaN,NaN,NaN,0,0,NaN,0.505,0,0,NaN,NaN
NaN,NaN,NaN,NaN,NaN,NaN,NaN,NaN,-0.505,NaN,NaN,NaN,NaN
NaN,NaN,NaN,NaN,NaN,NaN,NaN,NaN,-0.505,NaN,NaN,NaN,NaN
6,4,4,2,4,1,4.29146828020434,1693384943.87543,-0.525,-0.01,-0.3,0,0
NaN,NaN,NaN,NaN,NaN,2,5.86971038467828,NaN,0.525,7.88,-0.3,0,NaN
NaN,NaN,NaN,NaN,NaN,3,8.32446394670552,NaN,-0.525,7.84,10.5,0,NaN
NaN,NaN,NaN,NaN,NaN,4,11.7447860772344,NaN,0.525,0,15.1,0,NaN
NaN,NaN,NaN,NaN,NaN,0,0,NaN,0.505,0,0,NaN,NaN
NaN,NaN,NaN,NaN,NaN,0,0,NaN,0.505,0,0,NaN,NaN
NaN,NaN,NaN,NaN,NaN,NaN,NaN,NaN,-0.505,NaN,NaN,NaN,NaN
NaN,NaN,NaN,NaN,NaN,NaN,NaN,NaN,-0.505,NaN,NaN,NaN,NaN
6,4,4,1,4,2,5.19322635747759,1693384943.88172,-0.525,-0.01,-0.3,0,0
NaN,NaN,NaN,NaN,NaN,1,5.06176846566494,NaN,0.525,7.88,-0.3,0,NaN
NaN,NaN,NaN,NaN,NaN,3,7.84228920660288,NaN,-0.525,7.84,10.5,0,NaN
NaN,NaN,NaN,NaN,NaN,4,12.2658550456134,NaN,0.525,0,15.1,0,NaN
NaN,NaN,NaN,NaN,NaN,0,0,NaN,0.505,0,0,NaN,NaN
NaN,NaN,NaN,NaN,NaN,0,0,NaN,0.505,0,0,NaN,NaN
NaN,NaN,NaN,NaN,NaN,NaN,NaN,NaN,-0.505,NaN,NaN,NaN,NaN
NaN,NaN,NaN,NaN,NaN,NaN,NaN,NaN,-0.505,NaN,NaN,NaN,NaN
6,4,4,4,4,1,5.2033354687162,1693384943.94413,-0.525,-0.01,-0.3,0,0
NaN,NaN,NaN,NaN,NaN,2,6.50458299970106,NaN,0.525,7.88,-0.3,0,NaN
NaN,NaN,NaN,NaN,NaN,3,7.69155380921176,NaN,-0.525,7.84,10.5,0,NaN
NaN,NaN,NaN,NaN,NaN,4,10.922893389574,NaN,0.525,0,15.1,0,NaN
NaN,NaN,NaN,NaN,NaN,0,0,NaN,0.505,0,0,NaN,NaN
NaN,NaN,NaN,NaN,NaN,0,0,NaN,0.505,0,0,NaN,NaN
NaN,NaN,NaN,NaN,NaN,NaN,NaN,NaN,-0.505,NaN,NaN,NaN,NaN
NaN,NaN,NaN,NaN,NaN,NaN,NaN,NaN,-0.505,NaN,NaN,NaN,NaN
6,4,4,3,4,1,5.79910337897161,1693384943.94565,-0.525,-0.01,-0.3,0,0
NaN,NaN,NaN,NaN,NaN,2,6.01088179887111,NaN,0.525,7.88,-0.3,0,NaN
NaN,NaN,NaN,NaN,NaN,3,7.04806356384504,NaN,-0.525,7.84,10.5,0,NaN
NaN,NaN,NaN,NaN,NaN,4,11.3138278226248,NaN,0.525,0,15.1,0,NaN
NaN,NaN,NaN,NaN,NaN,0,0,NaN,0.505,0,0,NaN,NaN
NaN,NaN,NaN,NaN,NaN,0,0,NaN,0.505,0,0,NaN,NaN
NaN,NaN,NaN,NaN,NaN,NaN,NaN,NaN,-0.505,NaN,NaN,NaN,NaN
NaN,NaN,NaN,NaN,NaN,NaN,NaN,NaN,-0.505,NaN,NaN,NaN,NaN
6,4,4,2,4,1,4.23049642477097,1693384943.97479,-0.525,-0.01,-0.3,0,0
NaN,NaN,NaN,NaN,NaN,2,5.87979591482562,NaN,0.525,7.88,-0.3,0,NaN
NaN,NaN,NaN,NaN,NaN,3,8.29433541641523,NaN,-0.525,7.84,10.5,0,NaN
NaN,NaN,NaN,NaN,NaN,4,11.8049142309464,NaN,0.525,0,15.1,0,NaN
NaN,NaN,NaN,NaN,NaN,0,0,NaN,0.505,0,0,NaN,NaN
NaN,NaN,NaN,NaN,NaN,0,0,NaN,0.505,0,0,NaN,NaN
NaN,NaN,NaN,NaN,NaN,NaN,NaN,NaN,-0.505,NaN,NaN,NaN,NaN
NaN,NaN,NaN,NaN,NaN,NaN,NaN,NaN,-0.505,NaN,NaN,NaN,NaN
6,4,4,1,4,2,5.19322635747759,1693384943.98136,-0.525,-0.01,-0.3,0,0
NaN,NaN,NaN,NaN,NaN,1,5.06176846566494,NaN,0.525,7.88,-0.3,0,NaN
NaN,NaN,NaN,NaN,NaN,3,7.81214439190674,NaN,-0.525,7.84,10.5,0,NaN
NaN,NaN,NaN,NaN,NaN,4,12.1255762749652,NaN,0.525,0,15.1,0,NaN
NaN,NaN,NaN,NaN,NaN,0,0,NaN,0.505,0,0,NaN,NaN
NaN,NaN,NaN,NaN,NaN,0,0,NaN,0.505,0,0,NaN,NaN
NaN,NaN,NaN,NaN,NaN,NaN,NaN,NaN,-0.505,NaN,NaN,NaN,NaN
NaN,NaN,NaN,NaN,NaN,NaN,NaN,NaN,-0.505,NaN,NaN,NaN,NaN
6,4,4,4,4,1,5.21344415909483,1693384944.04452,-0.525,-0.01,-0.3,0,0
NaN,NaN,NaN,NaN,NaN,2,6.4441601469858,NaN,0.525,7.88,-0.3,0,NaN
NaN,NaN,NaN,NaN,NaN,3,7.60109860480707,NaN,-0.525,7.84,10.5,0,NaN
NaN,NaN,NaN,NaN,NaN,4,10.8827937589573,NaN,0.525,0,15.1,0,NaN
NaN,NaN,NaN,NaN,NaN,0,0,NaN,0.505,0,0,NaN,NaN
NaN,NaN,NaN,NaN,NaN,0,0,NaN,0.505,0,0,NaN,NaN
NaN,NaN,NaN,NaN,NaN,NaN,NaN,NaN,-0.505,NaN,NaN,NaN,NaN
NaN,NaN,NaN,NaN,NaN,NaN,NaN,NaN,-0.505,NaN,NaN,NaN,NaN
6,4,4,3,4,1,5.81927830576954,1693384944.0464,-0.525,-0.01,-0.3,0,0
NaN,NaN,NaN,NaN,NaN,2,6.03104468562454,NaN,0.525,7.88,-0.3,0,NaN
NaN,NaN,NaN,NaN,NaN,3,7.00782419870818,NaN,-0.525,7.84,10.5,0,NaN
NaN,NaN,NaN,NaN,NaN,4,11.2637116440363,NaN,0.525,0,15.1,0,NaN
NaN,NaN,NaN,NaN,NaN,0,0,NaN,0.505,0,0,NaN,NaN
NaN,NaN,NaN,NaN,NaN,0,0,NaN,0.505,0,0,NaN,NaN
NaN,NaN,NaN,NaN,NaN,NaN,NaN,NaN,-0.505,NaN,NaN,NaN,NaN
NaN,NaN,NaN,NaN,NaN,NaN,NaN,NaN,-0.505,NaN,NaN,NaN,NaN
6,4,4,2,4,1,4.23049642477097,1693384944.07457,-0.525,-0.01,-0.3,0,0
NaN,NaN,NaN,NaN,NaN,2,5.86971038467828,NaN,0.525,7.88,-0.3,0,NaN
NaN,NaN,NaN,NaN,NaN,3,8.35459155195513,NaN,-0.525,7.84,10.5,0,NaN
NaN,NaN,NaN,NaN,NaN,4,11.82495665954,NaN,0.525,0,15.1,0,NaN
NaN,NaN,NaN,NaN,NaN,0,0,NaN,0.505,0,0,NaN,NaN
NaN,NaN,NaN,NaN,NaN,0,0,NaN,0.505,0,0,NaN,NaN
NaN,NaN,NaN,NaN,NaN,NaN,NaN,NaN,-0.505,NaN,NaN,NaN,NaN
NaN,NaN,NaN,NaN,NaN,NaN,NaN,NaN,-0.505,NaN,NaN,NaN,NaN
6,4,4,1,4,2,5.2033354687162,1693384944.08284,-0.525,-0.01,-0.3,0,0
NaN,NaN,NaN,NaN,NaN,1,5.08199763872436,NaN,0.525,7.88,-0.3,0,NaN
NaN,NaN,NaN,NaN,NaN,3,7.76190054046044,NaN,-0.525,7.84,10.5,0,NaN
NaN,NaN,NaN,NaN,NaN,4,12.1656565790754,NaN,0.525,0,15.1,0,NaN
NaN,NaN,NaN,NaN,NaN,0,0,NaN,0.505,0,0,NaN,NaN
NaN,NaN,NaN,NaN,NaN,0,0,NaN,0.505,0,0,NaN,NaN
NaN,NaN,NaN,NaN,NaN,NaN,NaN,NaN,-0.505,NaN,NaN,NaN,NaN
NaN,NaN,NaN,NaN,NaN,NaN,NaN,NaN,-0.505,NaN,NaN,NaN,NaN
6,4,4,4,4,1,5.23366028702666,1693384944.14561,-0.525,-0.01,-0.3,0,0
NaN,NaN,NaN,NaN,NaN,2,6.51465271522588,NaN,0.525,7.88,-0.3,0,NaN
NaN,NaN,NaN,NaN,NaN,3,7.65135282156038,NaN,-0.525,7.84,10.5,0,NaN
NaN,NaN,NaN,NaN,NaN,4,10.922893389574,NaN,0.525,0,15.1,0,NaN
NaN,NaN,NaN,NaN,NaN,0,0,NaN,0.505,0,0,NaN,NaN
NaN,NaN,NaN,NaN,NaN,0,0,NaN,0.505,0,0,NaN,NaN
NaN,NaN,NaN,NaN,NaN,NaN,NaN,NaN,-0.505,NaN,NaN,NaN,NaN
NaN,NaN,NaN,NaN,NaN,NaN,NaN,NaN,-0.505,NaN,NaN,NaN,NaN
6,4,4,3,3,1,5.80919099358938,1693384944.14685,-0.525,-0.01,-0.3,0,0
NaN,NaN,NaN,NaN,NaN,2,6.01088179887111,NaN,0.525,7.88,-0.3,0,NaN
NaN,NaN,NaN,NaN,NaN,4,11.2937814747763,NaN,-0.525,7.84,10.5,0,NaN
NaN,NaN,NaN,NaN,NaN,0,0,NaN,0.525,0,15.1,0,NaN
NaN,NaN,NaN,NaN,NaN,0,0,NaN,0.505,0,0,NaN,NaN
NaN,NaN,NaN,NaN,NaN,0,0,NaN,0.505,0,0,NaN,NaN
NaN,NaN,NaN,NaN,NaN,NaN,NaN,NaN,-0.505,NaN,NaN,NaN,NaN
NaN,NaN,NaN,NaN,NaN,NaN,NaN,NaN,-0.505,NaN,NaN,NaN,NaN
6,4,4,2,4,1,4.21016626750061,1693384944.17464,-0.525,-0.01,-0.3,0,0
NaN,NaN,NaN,NaN,NaN,2,5.87979591482562,NaN,0.525,7.88,-0.3,0,NaN
NaN,NaN,NaN,NaN,NaN,3,8.31442120655431,NaN,-0.525,7.84,10.5,0,NaN
NaN,NaN,NaN,NaN,NaN,4,11.82495665954,NaN,0.525,0,15.1,0,NaN
NaN,NaN,NaN,NaN,NaN,0,0,NaN,0.505,0,0,NaN,NaN
NaN,NaN,NaN,NaN,NaN,0,0,NaN,0.505,0,0,NaN,NaN
NaN,NaN,NaN,NaN,NaN,NaN,NaN,NaN,-0.505,NaN,NaN,NaN,NaN
NaN,NaN,NaN,NaN,NaN,NaN,NaN,NaN,-0.505,NaN,NaN,NaN,NaN
6,4,4,1,4,1,5.0415374639092,1693384944.18214,-0.525,-0.01,-0.3,0,0
NaN,NaN,NaN,NaN,NaN,2,5.2033354687162,NaN,0.525,7.88,-0.3,0,NaN
NaN,NaN,NaN,NaN,NaN,3,7.84228920660288,NaN,-0.525,7.84,10.5,0,NaN
NaN,NaN,NaN,NaN,NaN,4,12.1856965332311,NaN,0.525,0,15.1,0,NaN
NaN,NaN,NaN,NaN,NaN,0,0,NaN,0.505,0,0,NaN,NaN
NaN,NaN,NaN,NaN,NaN,0,0,NaN,0.505,0,0,NaN,NaN
NaN,NaN,NaN,NaN,NaN,NaN,NaN,NaN,-0.505,NaN,NaN,NaN,NaN
NaN,NaN,NaN,NaN,NaN,NaN,NaN,NaN,-0.505,NaN,NaN,NaN,NaN
6,4,4,3,4,1,5.84953844333038,1693384944.24165,-0.525,-0.01,-0.3,0,0
NaN,NaN,NaN,NaN,NaN,2,5.99071782009468,NaN,0.525,7.88,-0.3,0,NaN
NaN,NaN,NaN,NaN,NaN,3,7.04806356384504,NaN,-0.525,7.84,10.5,0,NaN
NaN,NaN,NaN,NaN,NaN,4,11.1935472483034,NaN,0.525,0,15.1,0,NaN
NaN,NaN,NaN,NaN,NaN,0,0,NaN,0.505,0,0,NaN,NaN
NaN,NaN,NaN,NaN,NaN,0,0,NaN,0.505,0,0,NaN,NaN
NaN,NaN,NaN,NaN,NaN,NaN,NaN,NaN,-0.505,NaN,NaN,NaN,NaN
NaN,NaN,NaN,NaN,NaN,NaN,NaN,NaN,-0.505,NaN,NaN,NaN,NaN
6,4,4,4,4,1,5.2639813829458,1693384944.24312,-0.525,-0.01,-0.3,0,0
NaN,NaN,NaN,NaN,NaN,2,6.50458299970106,NaN,0.525,7.88,-0.3,0,NaN
NaN,NaN,NaN,NaN,NaN,3,7.69155380921176,NaN,-0.525,7.84,10.5,0,NaN
NaN,NaN,NaN,NaN,NaN,4,10.8928187352953,NaN,0.525,0,15.1,0,NaN
NaN,NaN,NaN,NaN,NaN,0,0,NaN,0.505,0,0,NaN,NaN
NaN,NaN,NaN,NaN,NaN,0,0,NaN,0.505,0,0,NaN,NaN
NaN,NaN,NaN,NaN,NaN,NaN,NaN,NaN,-0.505,NaN,NaN,NaN,NaN
NaN,NaN,NaN,NaN,NaN,NaN,NaN,NaN,-0.505,NaN,NaN,NaN,NaN
6,4,4,2,4,1,4.29146828020434,1693384944.27382,-0.525,-0.01,-0.3,0,0
NaN,NaN,NaN,NaN,NaN,2,5.88988115330012,NaN,0.525,7.88,-0.3,0,NaN
NaN,NaN,NaN,NaN,NaN,3,8.32446394670552,NaN,-0.525,7.84,10.5,0,NaN
NaN,NaN,NaN,NaN,NaN,4,11.895104034854,NaN,0.525,0,15.1,0,NaN
NaN,NaN,NaN,NaN,NaN,0,0,NaN,0.505,0,0,NaN,NaN
NaN,NaN,NaN,NaN,NaN,0,0,NaN,0.505,0,0,NaN,NaN
NaN,NaN,NaN,NaN,NaN,NaN,NaN,NaN,-0.505,NaN,NaN,NaN,NaN
NaN,NaN,NaN,NaN,NaN,NaN,NaN,NaN,-0.505,NaN,NaN,NaN,NaN
6,4,4,1,3,2,5.19322635747759,1693384944.28201,-0.525,-0.01,-0.3,0,0
NaN,NaN,NaN,NaN,NaN,1,5.00106988553449,NaN,0.525,7.88,-0.3,0,NaN
NaN,NaN,NaN,NaN,NaN,3,7.76190054046044,NaN,-0.525,7.84,10.5,0,NaN
NaN,NaN,NaN,NaN,NaN,0,0,NaN,0.525,0,15.1,0,NaN
NaN,NaN,NaN,NaN,NaN,0,0,NaN,0.505,0,0,NaN,NaN
NaN,NaN,NaN,NaN,NaN,0,0,NaN,0.505,0,0,NaN,NaN
NaN,NaN,NaN,NaN,NaN,NaN,NaN,NaN,-0.505,NaN,NaN,NaN,NaN
NaN,NaN,NaN,NaN,NaN,NaN,NaN,NaN,-0.505,NaN,NaN,NaN,NaN
6,4,4,4,4,1,5.22355243105686,1693384944.34291,-0.525,-0.01,-0.3,0,0
NaN,NaN,NaN,NaN,NaN,2,6.52472221630929,NaN,0.525,7.88,-0.3,0,NaN
NaN,NaN,NaN,NaN,NaN,3,7.69155380921176,NaN,-0.525,7.84,10.5,0,NaN
NaN,NaN,NaN,NaN,NaN,4,10.9429429314056,NaN,0.525,0,15.1,0,NaN
NaN,NaN,NaN,NaN,NaN,0,0,NaN,0.505,0,0,NaN,NaN
NaN,NaN,NaN,NaN,NaN,0,0,NaN,0.505,0,0,NaN,NaN
NaN,NaN,NaN,NaN,NaN,NaN,NaN,NaN,-0.505,NaN,NaN,NaN,NaN
NaN,NaN,NaN,NaN,NaN,NaN,NaN,NaN,-0.505,NaN,NaN,NaN,NaN
6,4,4,3,4,1,5.75874986433688,1693384944.34538,-0.525,-0.01,-0.3,0,0
NaN,NaN,NaN,NaN,NaN,2,6.03104468562454,NaN,0.525,7.88,-0.3,0,NaN
NaN,NaN,NaN,NaN,NaN,3,7.07824130699145,NaN,-0.525,7.84,10.5,0,NaN
NaN,NaN,NaN,NaN,NaN,4,11.3038046692253,NaN,0.525,0,15.1,0,NaN
NaN,NaN,NaN,NaN,NaN,0,0,NaN,0.505,0,0,NaN,NaN
NaN,NaN,NaN,NaN,NaN,0,0,NaN,0.505,0,0,NaN,NaN
NaN,NaN,NaN,NaN,NaN,NaN,NaN,NaN,-0.505,NaN,NaN,NaN,NaN
NaN,NaN,NaN,NaN,NaN,NaN,NaN,NaN,-0.505,NaN,NaN,NaN,NaN
6,4,4,2,4,1,4.25082344963891,1693384944.3737,-0.525,-0.01,-0.3,0,0
NaN,NaN,NaN,NaN,NaN,2,5.87979591482562,NaN,0.525,7.88,-0.3,0,NaN
NaN,NaN,NaN,NaN,NaN,3,8.31442120655431,NaN,-0.525,7.84,10.5,0,NaN
NaN,NaN,NaN,NaN,NaN,4,11.8149354632177,NaN,0.525,0,15.1,0,NaN
NaN,NaN,NaN,NaN,NaN,0,0,NaN,0.505,0,0,NaN,NaN
NaN,NaN,NaN,NaN,NaN,0,0,NaN,0.505,0,0,NaN,NaN
NaN,NaN,NaN,NaN,NaN,NaN,NaN,NaN,-0.505,NaN,NaN,NaN,NaN
NaN,NaN,NaN,NaN,NaN,NaN,NaN,NaN,-0.505,NaN,NaN,NaN,NaN
6,4,4,1,4,1,5.06176846566494,1693384944.37536,-0.525,-0.01,-0.3,0,0
NaN,NaN,NaN,NaN,NaN,2,5.15278565438152,NaN,0.525,7.88,-0.3,0,NaN
NaN,NaN,NaN,NaN,NaN,3,7.76190054046044,NaN,-0.525,7.84,10.5,0,NaN
NaN,NaN,NaN,NaN,NaN,4,12.2157562189166,NaN,0.525,0,15.1,0,NaN
NaN,NaN,NaN,NaN,NaN,0,0,NaN,0.505,0,0,NaN,NaN
NaN,NaN,NaN,NaN,NaN,0,0,NaN,0.505,0,0,NaN,NaN
NaN,NaN,NaN,NaN,NaN,NaN,NaN,NaN,-0.505,NaN,NaN,NaN,NaN
NaN,NaN,NaN,NaN,NaN,NaN,NaN,NaN,-0.505,NaN,NaN,NaN,NaN
6,4,4,4,4,1,5.2033354687162,1693384944.44339,-0.525,-0.01,-0.3,0,0
NaN,NaN,NaN,NaN,NaN,2,6.53479150394257,NaN,0.525,7.88,-0.3,0,NaN
NaN,NaN,NaN,NaN,NaN,3,7.61114971604159,NaN,-0.525,7.84,10.5,0,NaN
NaN,NaN,NaN,NaN,NaN,4,10.8527185534317,NaN,0.525,0,15.1,0,NaN
NaN,NaN,NaN,NaN,NaN,0,0,NaN,0.505,0,0,NaN,NaN
NaN,NaN,NaN,NaN,NaN,0,0,NaN,0.505,0,0,NaN,NaN
NaN,NaN,NaN,NaN,NaN,NaN,NaN,NaN,-0.505,NaN,NaN,NaN,NaN
NaN,NaN,NaN,NaN,NaN,NaN,NaN,NaN,-0.505,NaN,NaN,NaN,NaN
6,4,4,3,4,1,5.80919099358938,1693384944.44551,-0.525,-0.01,-0.3,0,0
NaN,NaN,NaN,NaN,NaN,2,6.00079994667378,NaN,0.525,7.88,-0.3,0,NaN
NaN,NaN,NaN,NaN,NaN,3,7.00782419870818,NaN,-0.525,7.84,10.5,0,NaN
NaN,NaN,NaN,NaN,NaN,4,11.333874006711,NaN,0.525,0,15.1,0,NaN
NaN,NaN,NaN,NaN,NaN,0,0,NaN,0.505,0,0,NaN,NaN
NaN,NaN,NaN,NaN,NaN,0,0,NaN,0.505,0,0,NaN,NaN
NaN,NaN,NaN,NaN,NaN,NaN,NaN,NaN,-0.505,NaN,NaN,NaN,NaN
NaN,NaN,NaN,NaN,NaN,NaN,NaN,NaN,-0.505,NaN,NaN,NaN,NaN
6,4,4,2,4,1,4.24066032593982,1693384944.47459,-0.525,-0.01,-0.3,0,0
NaN,NaN,NaN,NaN,NaN,2,5.84953844333038,NaN,0.525,7.88,-0.3,0,NaN
NaN,NaN,NaN,NaN,NaN,3,8.38471824213551,NaN,-0.525,7.84,10.5,0,NaN
NaN,NaN,NaN,NaN,NaN,4,11.7648289405329,NaN,0.525,0,15.1,0,NaN
NaN,NaN,NaN,NaN,NaN,0,0,NaN,0.505,0,0,NaN,NaN
NaN,NaN,NaN,NaN,NaN,0,0,NaN,0.505,0,0,NaN,NaN
NaN,NaN,NaN,NaN,NaN,NaN,NaN,NaN,-0.505,NaN,NaN,NaN,NaN
NaN,NaN,NaN,NaN,NaN,NaN,NaN,NaN,-0.505,NaN,NaN,NaN,NaN
6,4,4,1,4,1,5.06176846566494,1693384944.48237,-0.525,-0.01,-0.3,0,0
NaN,NaN,NaN,NaN,NaN,2,5.14267440151523,NaN,0.525,7.88,-0.3,0,NaN
NaN,NaN,NaN,NaN,NaN,3,7.83224105859875,NaN,-0.525,7.84,10.5,0,NaN
NaN,NaN,NaN,NaN,NaN,4,12.1957164611186,NaN,0.525,0,15.1,0,NaN
NaN,NaN,NaN,NaN,NaN,0,0,NaN,0.505,0,0,NaN,NaN
NaN,NaN,NaN,NaN,NaN,0,0,NaN,0.505,0,0,NaN,NaN
NaN,NaN,NaN,NaN,NaN,NaN,NaN,NaN,-0.505,NaN,NaN,NaN,NaN
NaN,NaN,NaN,NaN,NaN,NaN,NaN,NaN,-0.505,NaN,NaN,NaN,NaN
6,4,4,3,3,2,6.00079994667378,1693384944.54516,-0.525,-0.01,-0.3,0,0
NaN,NaN,NaN,NaN,NaN,3,7.00782419870818,NaN,0.525,7.88,-0.3,0,NaN
NaN,NaN,NaN,NaN,NaN,4,11.213594428193,NaN,-0.525,7.84,10.5,0,NaN
NaN,NaN,NaN,NaN,NaN,0,0,NaN,0.525,0,15.1,0,NaN
NaN,NaN,NaN,NaN,NaN,0,0,NaN,0.505,0,0,NaN,NaN
NaN,NaN,NaN,NaN,NaN,0,0,NaN,0.505,0,0,NaN,NaN
NaN,NaN,NaN,NaN,NaN,NaN,NaN,NaN,-0.505,NaN,NaN,NaN,NaN
NaN,NaN,NaN,NaN,NaN,NaN,NaN,NaN,-0.505,NaN,NaN,NaN,NaN
6,4,4,4,4,1,5.24376772940984,1693384944.5484,-0.525,-0.01,-0.3,0,0
NaN,NaN,NaN,NaN,NaN,2,6.49451306873733,NaN,0.525,7.88,-0.3,0,NaN
NaN,NaN,NaN,NaN,NaN,3,7.63125153562638,NaN,-0.525,7.84,10.5,0,NaN
NaN,NaN,NaN,NaN,NaN,4,10.9028436657599,NaN,0.525,0,15.1,0,NaN
NaN,NaN,NaN,NaN,NaN,0,0,NaN,0.505,0,0,NaN,NaN
NaN,NaN,NaN,NaN,NaN,0,0,NaN,0.505,0,0,NaN,NaN
NaN,NaN,NaN,NaN,NaN,NaN,NaN,NaN,-0.505,NaN,NaN,NaN,NaN
NaN,NaN,NaN,NaN,NaN,NaN,NaN,NaN,-0.505,NaN,NaN,NaN,NaN
6,4,4,2,4,1,4.29146828020434,1693384944.58051,-0.525,-0.01,-0.3,0,0
NaN,NaN,NaN,NaN,NaN,2,5.87979591482562,NaN,0.525,7.88,-0.3,0,NaN
NaN,NaN,NaN,NaN,NaN,3,8.32446394670552,NaN,-0.525,7.84,10.5,0,NaN
NaN,NaN,NaN,NaN,NaN,4,11.8449989447024,NaN,0.525,0,15.1,0,NaN
NaN,NaN,NaN,NaN,NaN,0,0,NaN,0.505,0,0,NaN,NaN
NaN,NaN,NaN,NaN,NaN,0,0,NaN,0.505,0,0,NaN,NaN
NaN,NaN,NaN,NaN,NaN,NaN,NaN,NaN,-0.505,NaN,NaN,NaN,NaN
NaN,NaN,NaN,NaN,NaN,NaN,NaN,NaN,-0.505,NaN,NaN,NaN,NaN
6,4,4,1,4,2,5.19322635747759,1693384944.58212,-0.525,-0.01,-0.3,0,0
NaN,NaN,NaN,NaN,NaN,1,5.06176846566494,NaN,0.525,7.88,-0.3,0,NaN
NaN,NaN,NaN,NaN,NaN,3,7.83224105859875,NaN,-0.525,7.84,10.5,0,NaN
NaN,NaN,NaN,NaN,NaN,4,12.1856965332311,NaN,0.525,0,15.1,0,NaN
NaN,NaN,NaN,NaN,NaN,0,0,NaN,0.505,0,0,NaN,NaN
NaN,NaN,NaN,NaN,NaN,0,0,NaN,0.505,0,0,NaN,NaN
NaN,NaN,NaN,NaN,NaN,NaN,NaN,NaN,-0.505,NaN,NaN,NaN,NaN
NaN,NaN,NaN,NaN,NaN,NaN,NaN,NaN,-0.505,NaN,NaN,NaN,NaN
6,4,4,3,4,1,5.7890154603352,1693384944.63916,-0.525,-0.01,-0.3,0,0
NaN,NaN,NaN,NaN,NaN,2,6.01088179887111,NaN,0.525,7.88,-0.3,0,NaN
NaN,NaN,NaN,NaN,NaN,3,7.03800397840183,NaN,-0.525,7.84,10.5,0,NaN
NaN,NaN,NaN,NaN,NaN,4,11.3038046692253,NaN,0.525,0,15.1,0,NaN
NaN,NaN,NaN,NaN,NaN,0,0,NaN,0.505,0,0,NaN,NaN
NaN,NaN,NaN,NaN,NaN,0,0,NaN,0.505,0,0,NaN,NaN
NaN,NaN,NaN,NaN,NaN,NaN,NaN,NaN,-0.505,NaN,NaN,NaN,NaN
NaN,NaN,NaN,NaN,NaN,NaN,NaN,NaN,-0.505,NaN,NaN,NaN,NaN
6,4,4,4,4,1,5.25387476059337,1693384944.64311,-0.525,-0.01,-0.3,0,0
NaN,NaN,NaN,NaN,NaN,2,6.55492944279342,NaN,0.525,7.88,-0.3,0,NaN
NaN,NaN,NaN,NaN,NaN,3,7.63125153562638,NaN,-0.525,7.84,10.5,0,NaN
NaN,NaN,NaN,NaN,NaN,4,10.9830414731075,NaN,0.525,0,15.1,0,NaN
NaN,NaN,NaN,NaN,NaN,0,0,NaN,0.505,0,0,NaN,NaN
NaN,NaN,NaN,NaN,NaN,0,0,NaN,0.505,0,0,NaN,NaN
NaN,NaN,NaN,NaN,NaN,NaN,NaN,NaN,-0.505,NaN,NaN,NaN,NaN
NaN,NaN,NaN,NaN,NaN,NaN,NaN,NaN,-0.505,NaN,NaN,NaN,NaN
6,4,4,2,4,1,4.21016626750061,1693384944.67407,-0.525,-0.01,-0.3,0,0
NaN,NaN,NaN,NaN,NaN,2,5.83945202908629,NaN,0.525,7.88,-0.3,0,NaN
NaN,NaN,NaN,NaN,NaN,3,8.32446394670552,NaN,-0.525,7.84,10.5,0,NaN
NaN,NaN,NaN,NaN,NaN,4,11.8449989447024,NaN,0.525,0,15.1,0,NaN
NaN,NaN,NaN,NaN,NaN,0,0,NaN,0.505,0,0,NaN,NaN
NaN,NaN,NaN,NaN,NaN,0,0,NaN,0.505,0,0,NaN,NaN
NaN,NaN,NaN,NaN,NaN,NaN,NaN,NaN,-0.505,NaN,NaN,NaN,NaN
NaN,NaN,NaN,NaN,NaN,NaN,NaN,NaN,-0.505,NaN,NaN,NaN,NaN
6,4,4,1,4,2,5.23366028702666,1693384944.68167,-0.525,-0.01,-0.3,0,0
NaN,NaN,NaN,NaN,NaN,1,5.02130461135351,NaN,0.525,7.88,-0.3,0,NaN
NaN,NaN,NaN,NaN,NaN,3,7.81214439190674,NaN,-0.525,7.84,10.5,0,NaN
NaN,NaN,NaN,NaN,NaN,4,12.155636552645,NaN,0.525,0,15.1,0,NaN
NaN,NaN,NaN,NaN,NaN,0,0,NaN,0.505,0,0,NaN,NaN
NaN,NaN,NaN,NaN,NaN,0,0,NaN,0.505,0,0,NaN,NaN
NaN,NaN,NaN,NaN,NaN,NaN,NaN,NaN,-0.505,NaN,NaN,NaN,NaN
NaN,NaN,NaN,NaN,NaN,NaN,NaN,NaN,-0.505,NaN,NaN,NaN,NaN
6,4,4,4,4,1,5.24376772940984,1693384944.744,-0.525,-0.01,-0.3,0,0
NaN,NaN,NaN,NaN,NaN,2,6.47437255647217,NaN,0.525,7.88,-0.3,0,NaN
NaN,NaN,NaN,NaN,NaN,3,7.64130224503651,NaN,-0.525,7.84,10.5,0,NaN
NaN,NaN,NaN,NaN,NaN,4,10.9329181831751,NaN,0.525,0,15.1,0,NaN
NaN,NaN,NaN,NaN,NaN,0,0,NaN,0.505,0,0,NaN,NaN
NaN,NaN,NaN,NaN,NaN,0,0,NaN,0.505,0,0,NaN,NaN
NaN,NaN,NaN,NaN,NaN,NaN,NaN,NaN,-0.505,NaN,NaN,NaN,NaN
NaN,NaN,NaN,NaN,NaN,NaN,NaN,NaN,-0.505,NaN,NaN,NaN,NaN
6,4,4,3,4,1,5.80919099358938,1693384944.74572,-0.525,-0.01,-0.3,0,0
NaN,NaN,NaN,NaN,NaN,2,5.98063541774618,NaN,0.525,7.88,-0.3,0,NaN
NaN,NaN,NaN,NaN,NaN,3,7.03800397840183,NaN,-0.525,7.84,10.5,0,NaN
NaN,NaN,NaN,NaN,NaN,4,11.223617955009,NaN,0.525,0,15.1,0,NaN
NaN,NaN,NaN,NaN,NaN,0,0,NaN,0.505,0,0,NaN,NaN
NaN,NaN,NaN,NaN,NaN,0,0,NaN,0.505,0,0,NaN,NaN
NaN,NaN,NaN,NaN,NaN,NaN,NaN,NaN,-0.505,NaN,NaN,NaN,NaN
NaN,NaN,NaN,NaN,NaN,NaN,NaN,NaN,-0.505,NaN,NaN,NaN,NaN
6,4,4,2,4,1,4.22033174051519,1693384944.77506,-0.525,-0.01,-0.3,0,0
NaN,NaN,NaN,NaN,NaN,2,5.87979591482562,NaN,0.525,7.88,-0.3,0,NaN
NaN,NaN,NaN,NaN,NaN,3,8.2642059509671,NaN,-0.525,7.84,10.5,0,NaN
NaN,NaN,NaN,NaN,NaN,4,11.8149354632177,NaN,0.525,0,15.1,0,NaN
NaN,NaN,NaN,NaN,NaN,0,0,NaN,0.505,0,0,NaN,NaN
NaN,NaN,NaN,NaN,NaN,0,0,NaN,0.505,0,0,NaN,NaN
NaN,NaN,NaN,NaN,NaN,NaN,NaN,NaN,-0.505,NaN,NaN,NaN,NaN
NaN,NaN,NaN,NaN,NaN,NaN,NaN,NaN,-0.505,NaN,NaN,NaN,NaN
6,4,4,1,4,2,5.21344415909483,1693384944.78195,-0.525,-0.01,-0.3,0,0
NaN,NaN,NaN,NaN,NaN,1,5.03142127037679,NaN,0.525,7.88,-0.3,0,NaN
NaN,NaN,NaN,NaN,NaN,3,7.84228920660288,NaN,-0.525,7.84,10.5,0,NaN
NaN,NaN,NaN,NaN,NaN,4,12.255835344847,NaN,0.525,0,15.1,0,NaN
NaN,NaN,NaN,NaN,NaN,0,0,NaN,0.505,0,0,NaN,NaN
NaN,NaN,NaN,NaN,NaN,0,0,NaN,0.505,0,0,NaN,NaN
NaN,NaN,NaN,NaN,NaN,NaN,NaN,NaN,-0.505,NaN,NaN,NaN,NaN
NaN,NaN,NaN,NaN,NaN,NaN,NaN,NaN,-0.505,NaN,NaN,NaN,NaN
6,4,4,4,4,1,5.22355243105686,1693384944.84348,-0.525,-0.01,-0.3,0,0
NaN,NaN,NaN,NaN,NaN,2,6.47437255647217,NaN,0.525,7.88,-0.3,0,NaN
NaN,NaN,NaN,NaN,NaN,3,7.65135282156038,NaN,-0.525,7.84,10.5,0,NaN
NaN,NaN,NaN,NaN,NaN,4,10.9329181831751,NaN,0.525,0,15.1,0,NaN
NaN,NaN,NaN,NaN,NaN,0,0,NaN,0.505,0,0,NaN,NaN
NaN,NaN,NaN,NaN,NaN,0,0,NaN,0.505,0,0,NaN,NaN
NaN,NaN,NaN,NaN,NaN,NaN,NaN,NaN,-0.505,NaN,NaN,NaN,NaN
NaN,NaN,NaN,NaN,NaN,NaN,NaN,NaN,-0.505,NaN,NaN,NaN,NaN
6,4,4,3,4,1,5.82936531708213,1693384944.8456,-0.525,-0.01,-0.3,0,0
NaN,NaN,NaN,NaN,NaN,2,5.96046978014317,NaN,0.525,7.88,-0.3,0,NaN
NaN,NaN,NaN,NaN,NaN,3,7.10841754541755,NaN,-0.525,7.84,10.5,0,NaN
NaN,NaN,NaN,NaN,NaN,4,11.223617955009,NaN,0.525,0,15.1,0,NaN
NaN,NaN,NaN,NaN,NaN,0,0,NaN,0.505,0,0,NaN,NaN
NaN,NaN,NaN,NaN,NaN,0,0,NaN,0.505,0,0,NaN,NaN
NaN,NaN,NaN,NaN,NaN,NaN,NaN,NaN,-0.505,NaN,NaN,NaN,NaN
NaN,NaN,NaN,NaN,NaN,NaN,NaN,NaN,-0.505,NaN,NaN,NaN,NaN
6,4,4,2,4,1,4.24066032593982,1693384944.87411,-0.525,-0.01,-0.3,0,0
NaN,NaN,NaN,NaN,NaN,2,5.89996610159753,NaN,0.525,7.88,-0.3,0,NaN
NaN,NaN,NaN,NaN,NaN,3,8.31442120655431,NaN,-0.525,7.84,10.5,0,NaN
NaN,NaN,NaN,NaN,NaN,4,11.7648289405329,NaN,0.525,0,15.1,0,NaN
NaN,NaN,NaN,NaN,NaN,0,0,NaN,0.505,0,0,NaN,NaN
NaN,NaN,NaN,NaN,NaN,0,0,NaN,0.505,0,0,NaN,NaN
NaN,NaN,NaN,NaN,NaN,NaN,NaN,NaN,-0.505,NaN,NaN,NaN,NaN
NaN,NaN,NaN,NaN,NaN,NaN,NaN,NaN,-0.505,NaN,NaN,NaN,NaN
6,4,4,1,4,2,5.2033354687162,1693384944.88243,-0.525,-0.01,-0.3,0,0
NaN,NaN,NaN,NaN,NaN,1,5.01118748402013,NaN,0.525,7.88,-0.3,0,NaN
NaN,NaN,NaN,NaN,NaN,3,7.81214439190674,NaN,-0.525,7.84,10.5,0,NaN
NaN,NaN,NaN,NaN,NaN,4,12.1856965332311,NaN,0.525,0,15.1,0,NaN
NaN,NaN,NaN,NaN,NaN,0,0,NaN,0.505,0,0,NaN,NaN
NaN,NaN,NaN,NaN,NaN,0,0,NaN,0.505,0,0,NaN,NaN
NaN,NaN,NaN,NaN,NaN,NaN,NaN,NaN,-0.505,NaN,NaN,NaN,NaN
NaN,NaN,NaN,NaN,NaN,NaN,NaN,NaN,-0.505,NaN,NaN,NaN,NaN
6,4,4,4,4,1,5.21344415909483,1693384944.94336,-0.525,-0.01,-0.3,0,0
NaN,NaN,NaN,NaN,NaN,2,6.4441601469858,NaN,0.525,7.88,-0.3,0,NaN
NaN,NaN,NaN,NaN,NaN,3,7.65135282156038,NaN,-0.525,7.84,10.5,0,NaN
NaN,NaN,NaN,NaN,NaN,4,10.9629922922531,NaN,0.525,0,15.1,0,NaN
NaN,NaN,NaN,NaN,NaN,0,0,NaN,0.505,0,0,NaN,NaN
NaN,NaN,NaN,NaN,NaN,0,0,NaN,0.505,0,0,NaN,NaN
NaN,NaN,NaN,NaN,NaN,NaN,NaN,NaN,-0.505,NaN,NaN,NaN,NaN
NaN,NaN,NaN,NaN,NaN,NaN,NaN,NaN,-0.505,NaN,NaN,NaN,NaN
6,4,4,3,4,1,5.82936531708213,1693384944.94503,-0.525,-0.01,-0.3,0,0
NaN,NaN,NaN,NaN,NaN,2,6.02096337806501,NaN,0.525,7.88,-0.3,0,NaN
NaN,NaN,NaN,NaN,NaN,3,7.07824130699145,NaN,-0.525,7.84,10.5,0,NaN
NaN,NaN,NaN,NaN,NaN,4,11.2436648829463,NaN,0.525,0,15.1,0,NaN
NaN,NaN,NaN,NaN,NaN,0,0,NaN,0.505,0,0,NaN,NaN
NaN,NaN,NaN,NaN,NaN,0,0,NaN,0.505,0,0,NaN,NaN
NaN,NaN,NaN,NaN,NaN,NaN,NaN,NaN,-0.505,NaN,NaN,NaN,NaN
NaN,NaN,NaN,NaN,NaN,NaN,NaN,NaN,-0.505,NaN,NaN,NaN,NaN
6,4,4,2,4,1,4.22033174051519,1693384944.97517,-0.525,-0.01,-0.3,0,0
NaN,NaN,NaN,NaN,NaN,2,5.83945202908629,NaN,0.525,7.88,-0.3,0,NaN
NaN,NaN,NaN,NaN,NaN,3,8.37467611314014,NaN,-0.525,7.84,10.5,0,NaN
NaN,NaN,NaN,NaN,NaN,4,11.77485031752,NaN,0.525,0,15.1,0,NaN
NaN,NaN,NaN,NaN,NaN,0,0,NaN,0.505,0,0,NaN,NaN
NaN,NaN,NaN,NaN,NaN,0,0,NaN,0.505,0,0,NaN,NaN
NaN,NaN,NaN,NaN,NaN,NaN,NaN,NaN,-0.505,NaN,NaN,NaN,NaN
NaN,NaN,NaN,NaN,NaN,NaN,NaN,NaN,-0.505,NaN,NaN,NaN,NaN
6,4,4,1,4,2,5.21344415909483,1693384944.9846,-0.525,-0.01,-0.3,0,0
NaN,NaN,NaN,NaN,NaN,1,5.02130461135351,NaN,0.525,7.88,-0.3,0,NaN
NaN,NaN,NaN,NaN,NaN,3,7.81214439190674,NaN,-0.525,7.84,10.5,0,NaN
NaN,NaN,NaN,NaN,NaN,4,12.175676572577,NaN,0.525,0,15.1,0,NaN
NaN,NaN,NaN,NaN,NaN,0,0,NaN,0.505,0,0,NaN,NaN
NaN,NaN,NaN,NaN,NaN,0,0,NaN,0.505,0,0,NaN,NaN
NaN,NaN,NaN,NaN,NaN,NaN,NaN,NaN,-0.505,NaN,NaN,NaN,NaN
NaN,NaN,NaN,NaN,NaN,NaN,NaN,NaN,-0.505,NaN,NaN,NaN,NaN
6,4,4,4,4,1,5.22355243105686,1693384945.0445,-0.525,-0.01,-0.3,0,0
NaN,NaN,NaN,NaN,NaN,2,6.47437255647217,NaN,0.525,7.88,-0.3,0,NaN
NaN,NaN,NaN,NaN,NaN,3,7.65135282156038,NaN,-0.525,7.84,10.5,0,NaN
NaN,NaN,NaN,NaN,NaN,4,10.9830414731075,NaN,0.525,0,15.1,0,NaN
NaN,NaN,NaN,NaN,NaN,0,0,NaN,0.505,0,0,NaN,NaN
NaN,NaN,NaN,NaN,NaN,0,0,NaN,0.505,0,0,NaN,NaN
NaN,NaN,NaN,NaN,NaN,NaN,NaN,NaN,-0.505,NaN,NaN,NaN,NaN
NaN,NaN,NaN,NaN,NaN,NaN,NaN,NaN,-0.505,NaN,NaN,NaN,NaN
6,4,4,3,3,1,5.80919099358938,1693384945.0459,-0.525,-0.01,-0.3,0,0
NaN,NaN,NaN,NaN,NaN,2,5.99071782009468,NaN,0.525,7.88,-0.3,0,NaN
NaN,NaN,NaN,NaN,NaN,3,7.09835896528205,NaN,-0.525,7.84,10.5,0,NaN
NaN,NaN,NaN,NaN,NaN,0,0,NaN,0.525,0,15.1,0,NaN
NaN,NaN,NaN,NaN,NaN,0,0,NaN,0.505,0,0,NaN,NaN
NaN,NaN,NaN,NaN,NaN,0,0,NaN,0.505,0,0,NaN,NaN
NaN,NaN,NaN,NaN,NaN,NaN,NaN,NaN,-0.505,NaN,NaN,NaN,NaN
NaN,NaN,NaN,NaN,NaN,NaN,NaN,NaN,-0.505,NaN,NaN,NaN,NaN
6,4,4,2,4,1,4.25082344963891,1693384945.07435,-0.525,-0.01,-0.3,0,0
NaN,NaN,NaN,NaN,NaN,2,5.85962456135203,NaN,0.525,7.88,-0.3,0,NaN
NaN,NaN,NaN,NaN,NaN,3,8.36463388320134,NaN,-0.525,7.84,10.5,0,NaN
NaN,NaN,NaN,NaN,NaN,4,11.8049142309464,NaN,0.525,0,15.1,0,NaN
NaN,NaN,NaN,NaN,NaN,0,0,NaN,0.505,0,0,NaN,NaN
NaN,NaN,NaN,NaN,NaN,0,0,NaN,0.505,0,0,NaN,NaN
NaN,NaN,NaN,NaN,NaN,NaN,NaN,NaN,-0.505,NaN,NaN,NaN,NaN
NaN,NaN,NaN,NaN,NaN,NaN,NaN,NaN,-0.505,NaN,NaN,NaN,NaN
6,4,4,1,4,2,5.2033354687162,1693384945.08229,-0.525,-0.01,-0.3,0,0
NaN,NaN,NaN,NaN,NaN,1,5.06176846566494,NaN,0.525,7.88,-0.3,0,NaN
NaN,NaN,NaN,NaN,NaN,3,7.85233723167822,NaN,-0.525,7.84,10.5,0,NaN
NaN,NaN,NaN,NaN,NaN,4,12.2057363563203,NaN,0.525,0,15.1,0,NaN
NaN,NaN,NaN,NaN,NaN,0,0,NaN,0.505,0,0,NaN,NaN
NaN,NaN,NaN,NaN,NaN,0,0,NaN,0.505,0,0,NaN,NaN
NaN,NaN,NaN,NaN,NaN,NaN,NaN,NaN,-0.505,NaN,NaN,NaN,NaN
NaN,NaN,NaN,NaN,NaN,NaN,NaN,NaN,-0.505,NaN,NaN,NaN,NaN
6,4,4,3,4,1,5.75874986433688,1693384945.14044,-0.525,-0.01,-0.3,0,0
NaN,NaN,NaN,NaN,NaN,2,5.98063541774618,NaN,0.525,7.88,-0.3,0,NaN
NaN,NaN,NaN,NaN,NaN,3,7.01788429656688,NaN,-0.525,7.84,10.5,0,NaN
NaN,NaN,NaN,NaN,NaN,4,11.2837582391684,NaN,0.525,0,15.1,0,NaN
NaN,NaN,NaN,NaN,NaN,0,0,NaN,0.505,0,0,NaN,NaN
NaN,NaN,NaN,NaN,NaN,0,0,NaN,0.505,0,0,NaN,NaN
NaN,NaN,NaN,NaN,NaN,NaN,NaN,NaN,-0.505,NaN,NaN,NaN,NaN
NaN,NaN,NaN,NaN,NaN,NaN,NaN,NaN,-0.505,NaN,NaN,NaN,NaN
6,4,4,4,4,1,5.19322635747759,1693384945.14627,-0.525,-0.01,-0.3,0,0
NaN,NaN,NaN,NaN,NaN,2,6.50458299970106,NaN,0.525,7.88,-0.3,0,NaN
NaN,NaN,NaN,NaN,NaN,3,7.63125153562638,NaN,-0.525,7.84,10.5,0,NaN
NaN,NaN,NaN,NaN,NaN,4,10.9730169051178,NaN,0.525,0,15.1,0,NaN
NaN,NaN,NaN,NaN,NaN,0,0,NaN,0.505,0,0,NaN,NaN
NaN,NaN,NaN,NaN,NaN,0,0,NaN,0.505,0,0,NaN,NaN
NaN,NaN,NaN,NaN,NaN,NaN,NaN,NaN,-0.505,NaN,NaN,NaN,NaN
NaN,NaN,NaN,NaN,NaN,NaN,NaN,NaN,-0.505,NaN,NaN,NaN,NaN
6,4,4,2,4,1,4.21016626750061,1693384945.17503,-0.525,-0.01,-0.3,0,0
NaN,NaN,NaN,NaN,NaN,2,5.84953844333038,NaN,0.525,7.88,-0.3,0,NaN
NaN,NaN,NaN,NaN,NaN,3,8.33450658407563,NaN,-0.525,7.84,10.5,0,NaN
NaN,NaN,NaN,NaN,NaN,4,11.8049142309464,NaN,0.525,0,15.1,0,NaN
NaN,NaN,NaN,NaN,NaN,0,0,NaN,0.505,0,0,NaN,NaN
NaN,NaN,NaN,NaN,NaN,0,0,NaN,0.505,0,0,NaN,NaN
NaN,NaN,NaN,NaN,NaN,NaN,NaN,NaN,-0.505,NaN,NaN,NaN,NaN
NaN,NaN,NaN,NaN,NaN,NaN,NaN,NaN,-0.505,NaN,NaN,NaN,NaN
6,4,4,1,4,2,5.2033354687162,1693384945.18192,-0.525,-0.01,-0.3,0,0
NaN,NaN,NaN,NaN,NaN,1,4.99095181303126,NaN,0.525,7.88,-0.3,0,NaN
NaN,NaN,NaN,NaN,NaN,3,7.7819984579798,NaN,-0.525,7.84,10.5,0,NaN
NaN,NaN,NaN,NaN,NaN,4,12.1957164611186,NaN,0.525,0,15.1,0,NaN
NaN,NaN,NaN,NaN,NaN,0,0,NaN,0.505,0,0,NaN,NaN
NaN,NaN,NaN,NaN,NaN,0,0,NaN,0.505,0,0,NaN,NaN
NaN,NaN,NaN,NaN,NaN,NaN,NaN,NaN,-0.505,NaN,NaN,NaN,NaN
NaN,NaN,NaN,NaN,NaN,NaN,NaN,NaN,-0.505,NaN,NaN,NaN,NaN
6,4,4,4,4,1,5.13256271271964,1693384945.24536,-0.525,-0.01,-0.3,0,0
NaN,NaN,NaN,NaN,NaN,2,6.42401743459652,NaN,0.525,7.88,-0.3,0,NaN
NaN,NaN,NaN,NaN,NaN,3,7.68150375903052,NaN,-0.525,7.84,10.5,0,NaN
NaN,NaN,NaN,NaN,NaN,4,10.9830414731075,NaN,0.525,0,15.1,0,NaN
NaN,NaN,NaN,NaN,NaN,0,0,NaN,0.505,0,0,NaN,NaN
NaN,NaN,NaN,NaN,NaN,0,0,NaN,0.505,0,0,NaN,NaN
NaN,NaN,NaN,NaN,NaN,NaN,NaN,NaN,-0.505,NaN,NaN,NaN,NaN
NaN,NaN,NaN,NaN,NaN,NaN,NaN,NaN,-0.505,NaN,NaN,NaN,NaN
6,4,4,3,4,1,5.74866071359234,1693384945.24715,-0.525,-0.01,-0.3,0,0
NaN,NaN,NaN,NaN,NaN,2,5.93021922023124,NaN,0.525,7.88,-0.3,0,NaN
NaN,NaN,NaN,NaN,NaN,3,7.05812297994304,NaN,-0.525,7.84,10.5,0,NaN
NaN,NaN,NaN,NaN,NaN,4,11.3438970376145,NaN,0.525,0,15.1,0,NaN
NaN,NaN,NaN,NaN,NaN,0,0,NaN,0.505,0,0,NaN,NaN
NaN,NaN,NaN,NaN,NaN,0,0,NaN,0.505,0,0,NaN,NaN
NaN,NaN,NaN,NaN,NaN,NaN,NaN,NaN,-0.505,NaN,NaN,NaN,NaN
NaN,NaN,NaN,NaN,NaN,NaN,NaN,NaN,-0.505,NaN,NaN,NaN,NaN
6,4,4,2,4,1,4.17966505835097,1693384945.27441,-0.525,-0.01,-0.3,0,0
NaN,NaN,NaN,NaN,NaN,2,5.79910337897161,NaN,0.525,7.88,-0.3,0,NaN
NaN,NaN,NaN,NaN,NaN,3,8.38471824213551,NaN,-0.525,7.84,10.5,0,NaN
NaN,NaN,NaN,NaN,NaN,4,11.895104034854,NaN,0.525,0,15.1,0,NaN
NaN,NaN,NaN,NaN,NaN,0,0,NaN,0.505,0,0,NaN,NaN
NaN,NaN,NaN,NaN,NaN,0,0,NaN,0.505,0,0,NaN,NaN
NaN,NaN,NaN,NaN,NaN,NaN,NaN,NaN,-0.505,NaN,NaN,NaN,NaN
NaN,NaN,NaN,NaN,NaN,NaN,NaN,NaN,-0.505,NaN,NaN,NaN,NaN
6,4,4,1,4,2,5.16289647387975,1693384945.28271,-0.525,-0.01,-0.3,0,0
NaN,NaN,NaN,NaN,NaN,1,5.01118748402013,NaN,0.525,7.88,-0.3,0,NaN
NaN,NaN,NaN,NaN,NaN,3,7.90257552953466,NaN,-0.525,7.84,10.5,0,NaN
NaN,NaN,NaN,NaN,NaN,4,12.2357958466133,NaN,0.525,0,15.1,0,NaN
NaN,NaN,NaN,NaN,NaN,0,0,NaN,0.505,0,0,NaN,NaN
NaN,NaN,NaN,NaN,NaN,0,0,NaN,0.505,0,0,NaN,NaN
NaN,NaN,NaN,NaN,NaN,NaN,NaN,NaN,-0.505,NaN,NaN,NaN,NaN
NaN,NaN,NaN,NaN,NaN,NaN,NaN,NaN,-0.505,NaN,NaN,NaN,NaN
6,4,4,4,4,1,5.1224505854132,1693384945.34373,-0.525,-0.01,-0.3,0,0
NaN,NaN,NaN,NaN,NaN,2,6.3938016860081,NaN,0.525,7.88,-0.3,0,NaN
NaN,NaN,NaN,NaN,NaN,3,7.68150375903052,NaN,-0.525,7.84,10.5,0,NaN
NaN,NaN,NaN,NaN,NaN,4,11.023139298766,NaN,0.525,0,15.1,0,NaN
NaN,NaN,NaN,NaN,NaN,0,0,NaN,0.505,0,0,NaN,NaN
NaN,NaN,NaN,NaN,NaN,0,0,NaN,0.505,0,0,NaN,NaN
NaN,NaN,NaN,NaN,NaN,NaN,NaN,NaN,-0.505,NaN,NaN,NaN,NaN
NaN,NaN,NaN,NaN,NaN,NaN,NaN,NaN,-0.505,NaN,NaN,NaN,NaN
6,4,4,3,4,1,5.72848147417795,1693384945.34547,-0.525,-0.01,-0.3,0,0
NaN,NaN,NaN,NaN,NaN,2,5.94030302257385,NaN,0.525,7.88,-0.3,0,NaN
NaN,NaN,NaN,NaN,NaN,3,7.07824130699145,NaN,-0.525,7.84,10.5,0,NaN
NaN,NaN,NaN,NaN,NaN,4,11.3138278226248,NaN,0.525,0,15.1,0,NaN
NaN,NaN,NaN,NaN,NaN,0,0,NaN,0.505,0,0,NaN,NaN
NaN,NaN,NaN,NaN,NaN,0,0,NaN,0.505,0,0,NaN,NaN
NaN,NaN,NaN,NaN,NaN,NaN,NaN,NaN,-0.505,NaN,NaN,NaN,NaN
NaN,NaN,NaN,NaN,NaN,NaN,NaN,NaN,-0.505,NaN,NaN,NaN,NaN
6,4,4,2,4,1,4.17966505835097,1693384945.37444,-0.525,-0.01,-0.3,0,0
NaN,NaN,NaN,NaN,NaN,2,5.86971038467828,NaN,0.525,7.88,-0.3,0,NaN
NaN,NaN,NaN,NaN,NaN,3,8.36463388320134,NaN,-0.525,7.84,10.5,0,NaN
NaN,NaN,NaN,NaN,NaN,4,11.8349778200046,NaN,0.525,0,15.1,0,NaN
NaN,NaN,NaN,NaN,NaN,0,0,NaN,0.505,0,0,NaN,NaN
NaN,NaN,NaN,NaN,NaN,0,0,NaN,0.505,0,0,NaN,NaN
NaN,NaN,NaN,NaN,NaN,NaN,NaN,NaN,-0.505,NaN,NaN,NaN,NaN
NaN,NaN,NaN,NaN,NaN,NaN,NaN,NaN,-0.505,NaN,NaN,NaN,NaN
6,4,4,1,4,2,5.15278565438152,1693384945.3821,-0.525,-0.01,-0.3,0,0
NaN,NaN,NaN,NaN,NaN,1,4.9605947224098,NaN,0.525,7.88,-0.3,0,NaN
NaN,NaN,NaN,NaN,NaN,3,7.87243291492535,NaN,-0.525,7.84,10.5,0,NaN
NaN,NaN,NaN,NaN,NaN,4,12.2157562189166,NaN,0.525,0,15.1,0,NaN
NaN,NaN,NaN,NaN,NaN,0,0,NaN,0.505,0,0,NaN,NaN
NaN,NaN,NaN,NaN,NaN,0,0,NaN,0.505,0,0,NaN,NaN
NaN,NaN,NaN,NaN,NaN,NaN,NaN,NaN,-0.505,NaN,NaN,NaN,NaN
NaN,NaN,NaN,NaN,NaN,NaN,NaN,NaN,-0.505,NaN,NaN,NaN,NaN
6,4,4,4,4,1,5.14267440151523,1693384945.44378,-0.525,-0.01,-0.3,0,0
NaN,NaN,NaN,NaN,NaN,2,6.40387382761403,NaN,0.525,7.88,-0.3,0,NaN
NaN,NaN,NaN,NaN,NaN,3,7.73175271203108,NaN,-0.525,7.84,10.5,0,NaN
NaN,NaN,NaN,NaN,NaN,4,10.9830414731075,NaN,0.525,0,15.1,0,NaN
NaN,NaN,NaN,NaN,NaN,0,0,NaN,0.505,0,0,NaN,NaN
NaN,NaN,NaN,NaN,NaN,0,0,NaN,0.505,0,0,NaN,NaN
NaN,NaN,NaN,NaN,NaN,NaN,NaN,NaN,-0.505,NaN,NaN,NaN,NaN
NaN,NaN,NaN,NaN,NaN,NaN,NaN,NaN,-0.505,NaN,NaN,NaN,NaN
6,4,4,3,4,1,5.6881191970633,1693384945.44913,-0.525,-0.01,-0.3,0,0
NaN,NaN,NaN,NaN,NaN,2,5.84953844333038,NaN,0.525,7.88,-0.3,0,NaN
NaN,NaN,NaN,NaN,NaN,3,7.09835896528205,NaN,-0.525,7.84,10.5,0,NaN
NaN,NaN,NaN,NaN,NaN,4,11.3238509350839,NaN,0.525,0,15.1,0,NaN
NaN,NaN,NaN,NaN,NaN,0,0,NaN,0.505,0,0,NaN,NaN
NaN,NaN,NaN,NaN,NaN,0,0,NaN,0.505,0,0,NaN,NaN
NaN,NaN,NaN,NaN,NaN,NaN,NaN,NaN,-0.505,NaN,NaN,NaN,NaN
NaN,NaN,NaN,NaN,NaN,NaN,NaN,NaN,-0.505,NaN,NaN,NaN,NaN
6,4,4,2,4,1,4.15932686861709,1693384945.47402,-0.525,-0.01,-0.3,0,0
NaN,NaN,NaN,NaN,NaN,2,5.7890154603352,NaN,0.525,7.88,-0.3,0,NaN
NaN,NaN,NaN,NaN,NaN,3,8.43492738557956,NaN,-0.525,7.84,10.5,0,NaN
NaN,NaN,NaN,NaN,NaN,4,11.8349778200046,NaN,0.525,0,15.1,0,NaN
NaN,NaN,NaN,NaN,NaN,0,0,NaN,0.505,0,0,NaN,NaN
NaN,NaN,NaN,NaN,NaN,0,0,NaN,0.505,0,0,NaN,NaN
NaN,NaN,NaN,NaN,NaN,NaN,NaN,NaN,-0.505,NaN,NaN,NaN,NaN
NaN,NaN,NaN,NaN,NaN,NaN,NaN,NaN,-0.505,NaN,NaN,NaN,NaN
6,4,4,1,4,2,5.11233801699379,1693384945.4914,-0.525,-0.01,-0.3,0,0
NaN,NaN,NaN,NaN,NaN,1,4.94035423831126,NaN,0.525,7.88,-0.3,0,NaN
NaN,NaN,NaN,NaN,NaN,3,7.99299693481738,NaN,-0.525,7.84,10.5,0,NaN
NaN,NaN,NaN,NaN,NaN,4,12.2458156118733,NaN,0.525,0,15.1,0,NaN
NaN,NaN,NaN,NaN,NaN,0,0,NaN,0.505,0,0,NaN,NaN
NaN,NaN,NaN,NaN,NaN,0,0,NaN,0.505,0,0,NaN,NaN
NaN,NaN,NaN,NaN,NaN,NaN,NaN,NaN,-0.505,NaN,NaN,NaN,NaN
NaN,NaN,NaN,NaN,NaN,NaN,NaN,NaN,-0.505,NaN,NaN,NaN,NaN
6,4,4,4,4,1,5.08199763872436,1693384945.54628,-0.525,-0.01,-0.3,0,0
NaN,NaN,NaN,NaN,NaN,2,6.3635838958876,NaN,0.525,7.88,-0.3,0,NaN
NaN,NaN,NaN,NaN,NaN,3,7.70160372909435,NaN,-0.525,7.84,10.5,0,NaN
NaN,NaN,NaN,NaN,NaN,4,11.0431879455165,NaN,0.525,0,15.1,0,NaN
NaN,NaN,NaN,NaN,NaN,0,0,NaN,0.505,0,0,NaN,NaN
NaN,NaN,NaN,NaN,NaN,0,0,NaN,0.505,0,0,NaN,NaN
NaN,NaN,NaN,NaN,NaN,NaN,NaN,NaN,-0.505,NaN,NaN,NaN,NaN
NaN,NaN,NaN,NaN,NaN,NaN,NaN,NaN,-0.505,NaN,NaN,NaN,NaN
6,4,4,3,4,1,5.67802782663136,1693384945.55129,-0.525,-0.01,-0.3,0,0
NaN,NaN,NaN,NaN,NaN,2,5.84953844333038,NaN,0.525,7.88,-0.3,0,NaN
NaN,NaN,NaN,NaN,NaN,3,7.12853421118255,NaN,-0.525,7.84,10.5,0,NaN
NaN,NaN,NaN,NaN,NaN,4,11.3038046692253,NaN,0.525,0,15.1,0,NaN
NaN,NaN,NaN,NaN,NaN,0,0,NaN,0.505,0,0,NaN,NaN
NaN,NaN,NaN,NaN,NaN,0,0,NaN,0.505,0,0,NaN,NaN
NaN,NaN,NaN,NaN,NaN,NaN,NaN,NaN,-0.505,NaN,NaN,NaN,NaN
NaN,NaN,NaN,NaN,NaN,NaN,NaN,NaN,-0.505,NaN,NaN,NaN,NaN
6,4,4,2,4,1,4.17966505835097,1693384945.57595,-0.525,-0.01,-0.3,0,0
NaN,NaN,NaN,NaN,NaN,2,5.7890154603352,NaN,0.525,7.88,-0.3,0,NaN
NaN,NaN,NaN,NaN,NaN,3,8.41484402707501,NaN,-0.525,7.84,10.5,0,NaN
NaN,NaN,NaN,NaN,NaN,4,11.8650410871602,NaN,0.525,0,15.1,0,NaN
NaN,NaN,NaN,NaN,NaN,0,0,NaN,0.505,0,0,NaN,NaN
NaN,NaN,NaN,NaN,NaN,0,0,NaN,0.505,0,0,NaN,NaN
NaN,NaN,NaN,NaN,NaN,NaN,NaN,NaN,-0.505,NaN,NaN,NaN,NaN
NaN,NaN,NaN,NaN,NaN,NaN,NaN,NaN,-0.505,NaN,NaN,NaN,NaN
6,4,4,1,4,2,5.15278565438152,1693384945.58246,-0.525,-0.01,-0.3,0,0
NaN,NaN,NaN,NaN,NaN,1,4.92011178734793,NaN,0.525,7.88,-0.3,0,NaN
NaN,NaN,NaN,NaN,NaN,3,7.94276400253715,NaN,-0.525,7.84,10.5,0,NaN
NaN,NaN,NaN,NaN,NaN,4,12.255835344847,NaN,0.525,0,15.1,0,NaN
NaN,NaN,NaN,NaN,NaN,0,0,NaN,0.505,0,0,NaN,NaN
NaN,NaN,NaN,NaN,NaN,0,0,NaN,0.505,0,0,NaN,NaN
NaN,NaN,NaN,NaN,NaN,NaN,NaN,NaN,-0.505,NaN,NaN,NaN,NaN
NaN,NaN,NaN,NaN,NaN,NaN,NaN,NaN,-0.505,NaN,NaN,NaN,NaN
6,4,4,4,4,1,5.05165319474724,1693384945.64372,-0.525,-0.01,-0.3,0,0
NaN,NaN,NaN,NaN,NaN,2,6.32329028275628,NaN,0.525,7.88,-0.3,0,NaN
NaN,NaN,NaN,NaN,NaN,3,7.74180211578674,NaN,-0.525,7.84,10.5,0,NaN
NaN,NaN,NaN,NaN,NaN,4,11.0532122027943,NaN,0.525,0,15.1,0,NaN
NaN,NaN,NaN,NaN,NaN,0,0,NaN,0.505,0,0,NaN,NaN
NaN,NaN,NaN,NaN,NaN,0,0,NaN,0.505,0,0,NaN,NaN
NaN,NaN,NaN,NaN,NaN,NaN,NaN,NaN,-0.505,NaN,NaN,NaN,NaN
NaN,NaN,NaN,NaN,NaN,NaN,NaN,NaN,-0.505,NaN,NaN,NaN,NaN
6,4,4,3,4,1,5.66793613231483,1693384945.64614,-0.525,-0.01,-0.3,0,0
NaN,NaN,NaN,NaN,NaN,2,5.86971038467828,NaN,0.525,7.88,-0.3,0,NaN
NaN,NaN,NaN,NaN,NaN,3,7.18888030224457,NaN,-0.525,7.84,10.5,0,NaN
NaN,NaN,NaN,NaN,NaN,4,11.3639429776816,NaN,0.525,0,15.1,0,NaN
NaN,NaN,NaN,NaN,NaN,0,0,NaN,0.505,0,0,NaN,NaN
NaN,NaN,NaN,NaN,NaN,0,0,NaN,0.505,0,0,NaN,NaN
NaN,NaN,NaN,NaN,NaN,NaN,NaN,NaN,-0.505,NaN,NaN,NaN,NaN
NaN,NaN,NaN,NaN,NaN,NaN,NaN,NaN,-0.505,NaN,NaN,NaN,NaN
6,4,4,2,4,1,4.11864055241532,1693384945.67434,-0.525,-0.01,-0.3,0,0
NaN,NaN,NaN,NaN,NaN,2,5.75874986433688,NaN,0.525,7.88,-0.3,0,NaN
NaN,NaN,NaN,NaN,NaN,3,8.42488575590198,NaN,-0.525,7.84,10.5,0,NaN
NaN,NaN,NaN,NaN,NaN,4,11.9852909852035,NaN,0.525,0,15.1,0,NaN
NaN,NaN,NaN,NaN,NaN,0,0,NaN,0.505,0,0,NaN,NaN
NaN,NaN,NaN,NaN,NaN,0,0,NaN,0.505,0,0,NaN,NaN
NaN,NaN,NaN,NaN,NaN,NaN,NaN,NaN,-0.505,NaN,NaN,NaN,NaN
NaN,NaN,NaN,NaN,NaN,NaN,NaN,NaN,-0.505,NaN,NaN,NaN,NaN
6,4,4,1,4,2,5.09211154630375,1693384945.68172,-0.525,-0.01,-0.3,0,0
NaN,NaN,NaN,NaN,NaN,1,4.90998981669005,NaN,0.525,7.88,-0.3,0,NaN
NaN,NaN,NaN,NaN,NaN,3,8.03318118804749,NaN,-0.525,7.84,10.5,0,NaN
NaN,NaN,NaN,NaN,NaN,4,12.3259725782593,NaN,0.525,0,15.1,0,NaN
NaN,NaN,NaN,NaN,NaN,0,0,NaN,0.505,0,0,NaN,NaN
NaN,NaN,NaN,NaN,NaN,0,0,NaN,0.505,0,0,NaN,NaN
NaN,NaN,NaN,NaN,NaN,NaN,NaN,NaN,-0.505,NaN,NaN,NaN,NaN
NaN,NaN,NaN,NaN,NaN,NaN,NaN,NaN,-0.505,NaN,NaN,NaN,NaN
6,4,4,4,4,1,4.99095181303126,1693384945.74589,-0.525,-0.01,-0.3,0,0
NaN,NaN,NaN,NaN,NaN,2,6.32329028275628,NaN,0.525,7.88,-0.3,0,NaN
NaN,NaN,NaN,NaN,NaN,3,7.75185139176442,NaN,-0.525,7.84,10.5,0,NaN
NaN,NaN,NaN,NaN,NaN,4,11.2436648829463,NaN,0.525,0,15.1,0,NaN
NaN,NaN,NaN,NaN,NaN,0,0,NaN,0.505,0,0,NaN,NaN
NaN,NaN,NaN,NaN,NaN,0,0,NaN,0.505,0,0,NaN,NaN
NaN,NaN,NaN,NaN,NaN,NaN,NaN,NaN,-0.505,NaN,NaN,NaN,NaN
NaN,NaN,NaN,NaN,NaN,NaN,NaN,NaN,-0.505,NaN,NaN,NaN,NaN
6,4,4,3,4,1,5.66793613231483,1693384945.74728,-0.525,-0.01,-0.3,0,0
NaN,NaN,NaN,NaN,NaN,2,5.83945202908629,NaN,0.525,7.88,-0.3,0,NaN
NaN,NaN,NaN,NaN,NaN,3,7.20899438202028,NaN,-0.525,7.84,10.5,0,NaN
NaN,NaN,NaN,NaN,NaN,4,11.4541477203675,NaN,0.525,0,15.1,0,NaN
NaN,NaN,NaN,NaN,NaN,0,0,NaN,0.505,0,0,NaN,NaN
NaN,NaN,NaN,NaN,NaN,0,0,NaN,0.505,0,0,NaN,NaN
NaN,NaN,NaN,NaN,NaN,NaN,NaN,NaN,-0.505,NaN,NaN,NaN,NaN
NaN,NaN,NaN,NaN,NaN,NaN,NaN,NaN,-0.505,NaN,NaN,NaN,NaN
6,4,4,2,4,1,4.07794065675311,1693384945.77409,-0.525,-0.01,-0.3,0,0
NaN,NaN,NaN,NaN,NaN,2,5.74866071359234,NaN,0.525,7.88,-0.3,0,NaN
NaN,NaN,NaN,NaN,NaN,3,8.4750929198446,NaN,-0.525,7.84,10.5,0,NaN
NaN,NaN,NaN,NaN,NaN,4,12.0654548194422,NaN,0.525,0,15.1,0,NaN
NaN,NaN,NaN,NaN,NaN,0,0,NaN,0.505,0,0,NaN,NaN
NaN,NaN,NaN,NaN,NaN,0,0,NaN,0.505,0,0,NaN,NaN
NaN,NaN,NaN,NaN,NaN,NaN,NaN,NaN,-0.505,NaN,NaN,NaN,NaN
NaN,NaN,NaN,NaN,NaN,NaN,NaN,NaN,-0.505,NaN,NaN,NaN,NaN
6,4,4,1,4,2,5.03142127037679,1693384945.78195,-0.525,-0.01,-0.3,0,0
NaN,NaN,NaN,NaN,NaN,1,4.84924736428242,NaN,0.525,7.88,-0.3,0,NaN
NaN,NaN,NaN,NaN,NaN,3,8.04322696434708,NaN,-0.525,7.84,10.5,0,NaN
NaN,NaN,NaN,NaN,NaN,4,12.3961082602565,NaN,0.525,0,15.1,0,NaN
NaN,NaN,NaN,NaN,NaN,0,0,NaN,0.505,0,0,NaN,NaN
NaN,NaN,NaN,NaN,NaN,0,0,NaN,0.505,0,0,NaN,NaN
NaN,NaN,NaN,NaN,NaN,NaN,NaN,NaN,-0.505,NaN,NaN,NaN,NaN
NaN,NaN,NaN,NaN,NaN,NaN,NaN,NaN,-0.505,NaN,NaN,NaN,NaN
6,4,4,4,4,1,4.9605947224098,1693384945.84404,-0.525,-0.01,-0.3,0,0
NaN,NaN,NaN,NaN,NaN,2,6.32329028275628,NaN,0.525,7.88,-0.3,0,NaN
NaN,NaN,NaN,NaN,NaN,3,7.83224105859875,NaN,-0.525,7.84,10.5,0,NaN
NaN,NaN,NaN,NaN,NaN,4,11.1734998993153,NaN,0.525,0,15.1,0,NaN
NaN,NaN,NaN,NaN,NaN,0,0,NaN,0.505,0,0,NaN,NaN
NaN,NaN,NaN,NaN,NaN,0,0,NaN,0.505,0,0,NaN,NaN
NaN,NaN,NaN,NaN,NaN,NaN,NaN,NaN,-0.505,NaN,NaN,NaN,NaN
NaN,NaN,NaN,NaN,NaN,NaN,NaN,NaN,-0.505,NaN,NaN,NaN,NaN
6,4,4,3,4,1,5.62756608135347,1693384945.84608,-0.525,-0.01,-0.3,0,0
NaN,NaN,NaN,NaN,NaN,2,5.77892723608803,NaN,0.525,7.88,-0.3,0,NaN
NaN,NaN,NaN,NaN,NaN,3,7.20899438202028,NaN,-0.525,7.84,10.5,0,NaN
NaN,NaN,NaN,NaN,NaN,4,11.444125130389,NaN,0.525,0,15.1,0,NaN
NaN,NaN,NaN,NaN,NaN,0,0,NaN,0.505,0,0,NaN,NaN
NaN,NaN,NaN,NaN,NaN,0,0,NaN,0.505,0,0,NaN,NaN
NaN,NaN,NaN,NaN,NaN,NaN,NaN,NaN,-0.505,NaN,NaN,NaN,NaN
NaN,NaN,NaN,NaN,NaN,NaN,NaN,NaN,-0.505,NaN,NaN,NaN,NaN
6,4,4,2,4,1,4.04740657705647,1693384945.87523,-0.525,-0.01,-0.3,0,0
NaN,NaN,NaN,NaN,NaN,2,5.71839138219832,NaN,0.525,7.88,-0.3,0,NaN
NaN,NaN,NaN,NaN,NaN,3,8.60562025655327,NaN,-0.525,7.84,10.5,0,NaN
NaN,NaN,NaN,NaN,NaN,4,12.1155561160023,NaN,0.525,0,15.1,0,NaN
NaN,NaN,NaN,NaN,NaN,0,0,NaN,0.505,0,0,NaN,NaN
NaN,NaN,NaN,NaN,NaN,0,0,NaN,0.505,0,0,NaN,NaN
NaN,NaN,NaN,NaN,NaN,NaN,NaN,NaN,-0.505,NaN,NaN,NaN,NaN
NaN,NaN,NaN,NaN,NaN,NaN,NaN,NaN,-0.505,NaN,NaN,NaN,NaN
6,4,4,1,4,2,5.0415374639092,1693384945.88217,-0.525,-0.01,-0.3,0,0
NaN,NaN,NaN,NaN,NaN,1,4.89986734514313,NaN,0.525,7.88,-0.3,0,NaN
NaN,NaN,NaN,NaN,NaN,3,8.08340893435436,NaN,-0.525,7.84,10.5,0,NaN
NaN,NaN,NaN,NaN,NaN,4,12.4361851063741,NaN,0.525,0,15.1,0,NaN
NaN,NaN,NaN,NaN,NaN,0,0,NaN,0.505,0,0,NaN,NaN
NaN,NaN,NaN,NaN,NaN,0,0,NaN,0.505,0,0,NaN,NaN
NaN,NaN,NaN,NaN,NaN,NaN,NaN,NaN,-0.505,NaN,NaN,NaN,NaN
NaN,NaN,NaN,NaN,NaN,NaN,NaN,NaN,-0.505,NaN,NaN,NaN,NaN
6,4,4,4,4,1,4.92011178734793,1693384945.94468,-0.525,-0.01,-0.3,0,0
NaN,NaN,NaN,NaN,NaN,2,6.29306761444687,NaN,0.525,7.88,-0.3,0,NaN
NaN,NaN,NaN,NaN,NaN,3,7.86238513429608,NaN,-0.525,7.84,10.5,0,NaN
NaN,NaN,NaN,NaN,NaN,4,11.2937814747763,NaN,0.525,0,15.1,0,NaN
NaN,NaN,NaN,NaN,NaN,0,0,NaN,0.505,0,0,NaN,NaN
NaN,NaN,NaN,NaN,NaN,0,0,NaN,0.505,0,0,NaN,NaN
NaN,NaN,NaN,NaN,NaN,NaN,NaN,NaN,-0.505,NaN,NaN,NaN,NaN
NaN,NaN,NaN,NaN,NaN,NaN,NaN,NaN,-0.505,NaN,NaN,NaN,NaN
6,4,4,3,4,1,5.61747274136689,1693384945.94722,-0.525,-0.01,-0.3,0,0
NaN,NaN,NaN,NaN,NaN,2,5.71839138219832,NaN,0.525,7.88,-0.3,0,NaN
NaN,NaN,NaN,NaN,NaN,3,7.33972070313306,NaN,-0.525,7.84,10.5,0,NaN
NaN,NaN,NaN,NaN,NaN,4,11.5042600805093,NaN,0.525,0,15.1,0,NaN
NaN,NaN,NaN,NaN,NaN,0,0,NaN,0.505,0,0,NaN,NaN
NaN,NaN,NaN,NaN,NaN,0,0,NaN,0.505,0,0,NaN,NaN
NaN,NaN,NaN,NaN,NaN,NaN,NaN,NaN,-0.505,NaN,NaN,NaN,NaN
NaN,NaN,NaN,NaN,NaN,NaN,NaN,NaN,-0.505,NaN,NaN,NaN,NaN
6,4,4,2,4,1,4.02704606380409,1693384945.97419,-0.525,-0.01,-0.3,0,0
NaN,NaN,NaN,NaN,NaN,2,5.65784411238062,NaN,0.525,7.88,-0.3,0,NaN
NaN,NaN,NaN,NaN,NaN,3,8.58554016937781,NaN,-0.525,7.84,10.5,0,NaN
NaN,NaN,NaN,NaN,NaN,4,12.0554344591972,NaN,0.525,0,15.1,0,NaN
NaN,NaN,NaN,NaN,NaN,0,0,NaN,0.505,0,0,NaN,NaN
NaN,NaN,NaN,NaN,NaN,0,0,NaN,0.505,0,0,NaN,NaN
NaN,NaN,NaN,NaN,NaN,NaN,NaN,NaN,-0.505,NaN,NaN,NaN,NaN
NaN,NaN,NaN,NaN,NaN,NaN,NaN,NaN,-0.505,NaN,NaN,NaN,NaN
6,4,4,1,4,2,4.97071423439328,1693384945.98186,-0.525,-0.01,-0.3,0,0
NaN,NaN,NaN,NaN,NaN,1,4.8289957548128,NaN,0.525,7.88,-0.3,0,NaN
NaN,NaN,NaN,NaN,NaN,3,8.06331817554039,NaN,-0.525,7.84,10.5,0,NaN
NaN,NaN,NaN,NaN,NaN,4,12.5363750741592,NaN,0.525,0,15.1,0,NaN
NaN,NaN,NaN,NaN,NaN,0,0,NaN,0.505,0,0,NaN,NaN
NaN,NaN,NaN,NaN,NaN,0,0,NaN,0.505,0,0,NaN,NaN
NaN,NaN,NaN,NaN,NaN,NaN,NaN,NaN,-0.505,NaN,NaN,NaN,NaN
NaN,NaN,NaN,NaN,NaN,NaN,NaN,NaN,-0.505,NaN,NaN,NaN,NaN
6,4,4,4,4,1,4.89986734514313,1693384946.04335,-0.525,-0.01,-0.3,0,0
NaN,NaN,NaN,NaN,NaN,2,6.29306761444687,NaN,0.525,7.88,-0.3,0,NaN
NaN,NaN,NaN,NaN,NaN,3,7.95281082385341,NaN,-0.525,7.84,10.5,0,NaN
NaN,NaN,NaN,NaN,NaN,4,11.3940115850389,NaN,0.525,0,15.1,0,NaN
NaN,NaN,NaN,NaN,NaN,0,0,NaN,0.505,0,0,NaN,NaN
NaN,NaN,NaN,NaN,NaN,0,0,NaN,0.505,0,0,NaN,NaN
NaN,NaN,NaN,NaN,NaN,NaN,NaN,NaN,-0.505,NaN,NaN,NaN,NaN
NaN,NaN,NaN,NaN,NaN,NaN,NaN,NaN,-0.505,NaN,NaN,NaN,NaN
6,4,4,3,4,1,5.58719070732331,1693384946.04544,-0.525,-0.01,-0.3,0,0
NaN,NaN,NaN,NaN,NaN,2,5.6881191970633,NaN,0.525,7.88,-0.3,0,NaN
NaN,NaN,NaN,NaN,NaN,3,7.27938871059926,NaN,-0.525,7.84,10.5,0,NaN
NaN,NaN,NaN,NaN,NaN,4,11.5443492670657,NaN,0.525,0,15.1,0,NaN
NaN,NaN,NaN,NaN,NaN,0,0,NaN,0.505,0,0,NaN,NaN
NaN,NaN,NaN,NaN,NaN,0,0,NaN,0.505,0,0,NaN,NaN
NaN,NaN,NaN,NaN,NaN,NaN,NaN,NaN,-0.505,NaN,NaN,NaN,NaN
NaN,NaN,NaN,NaN,NaN,NaN,NaN,NaN,-0.505,NaN,NaN,NaN,NaN
6,4,4,2,4,1,3.94556713287203,1693384946.07485,-0.525,-0.01,-0.3,0,0
NaN,NaN,NaN,NaN,NaN,2,5.60737906690818,NaN,0.525,7.88,-0.3,0,NaN
NaN,NaN,NaN,NaN,NaN,3,8.71605415311309,NaN,-0.525,7.84,10.5,0,NaN
NaN,NaN,NaN,NaN,NaN,4,12.1656565790754,NaN,0.525,0,15.1,0,NaN
NaN,NaN,NaN,NaN,NaN,0,0,NaN,0.505,0,0,NaN,NaN
NaN,NaN,NaN,NaN,NaN,0,0,NaN,0.505,0,0,NaN,NaN
NaN,NaN,NaN,NaN,NaN,NaN,NaN,NaN,-0.505,NaN,NaN,NaN,NaN
NaN,NaN,NaN,NaN,NaN,NaN,NaN,NaN,-0.505,NaN,NaN,NaN,NaN
6,4,4,1,4,2,4.97071423439328,1693384946.08191,-0.525,-0.01,-0.3,0,0
NaN,NaN,NaN,NaN,NaN,1,4.80874203924478,NaN,0.525,7.88,-0.3,0,NaN
NaN,NaN,NaN,NaN,NaN,3,8.18385605934024,NaN,-0.525,7.84,10.5,0,NaN
NaN,NaN,NaN,NaN,NaN,4,12.5363750741592,NaN,0.525,0,15.1,0,NaN
NaN,NaN,NaN,NaN,NaN,0,0,NaN,0.505,0,0,NaN,NaN
NaN,NaN,NaN,NaN,NaN,0,0,NaN,0.505,0,0,NaN,NaN
NaN,NaN,NaN,NaN,NaN,NaN,NaN,NaN,-0.505,NaN,NaN,NaN,NaN
NaN,NaN,NaN,NaN,NaN,NaN,NaN,NaN,-0.505,NaN,NaN,NaN,NaN
6,4,4,4,4,1,4.8289957548128,1693384946.14373,-0.525,-0.01,-0.3,0,0
NaN,NaN,NaN,NaN,NaN,2,6.27291798129069,NaN,0.525,7.88,-0.3,0,NaN
NaN,NaN,NaN,NaN,NaN,3,7.99299693481738,NaN,-0.525,7.84,10.5,0,NaN
NaN,NaN,NaN,NaN,NaN,4,11.4942376867716,NaN,0.525,0,15.1,0,NaN
NaN,NaN,NaN,NaN,NaN,0,0,NaN,0.505,0,0,NaN,NaN
NaN,NaN,NaN,NaN,NaN,0,0,NaN,0.505,0,0,NaN,NaN
NaN,NaN,NaN,NaN,NaN,NaN,NaN,NaN,-0.505,NaN,NaN,NaN,NaN
NaN,NaN,NaN,NaN,NaN,NaN,NaN,NaN,-0.505,NaN,NaN,NaN,NaN
6,4,4,3,4,1,5.51652064257898,1693384946.14593,-0.525,-0.01,-0.3,0,0
NaN,NaN,NaN,NaN,NaN,2,5.65784411238062,NaN,0.525,7.88,-0.3,0,NaN
NaN,NaN,NaN,NaN,NaN,3,7.44026209215778,NaN,-0.525,7.84,10.5,0,NaN
NaN,NaN,NaN,NaN,NaN,4,11.654591369928,NaN,0.525,0,15.1,0,NaN
NaN,NaN,NaN,NaN,NaN,0,0,NaN,0.505,0,0,NaN,NaN
NaN,NaN,NaN,NaN,NaN,0,0,NaN,0.505,0,0,NaN,NaN
NaN,NaN,NaN,NaN,NaN,NaN,NaN,NaN,-0.505,NaN,NaN,NaN,NaN
NaN,NaN,NaN,NaN,NaN,NaN,NaN,NaN,-0.505,NaN,NaN,NaN,NaN
6,4,4,2,4,1,3.89461166228419,1693384946.17533,-0.525,-0.01,-0.3,0,0
NaN,NaN,NaN,NaN,NaN,2,5.58719070732331,NaN,0.525,7.88,-0.3,0,NaN
NaN,NaN,NaN,NaN,NaN,3,8.80640108103191,NaN,-0.525,7.84,10.5,0,NaN
NaN,NaN,NaN,NaN,NaN,4,12.2357958466133,NaN,0.525,0,15.1,0,NaN
NaN,NaN,NaN,NaN,NaN,0,0,NaN,0.505,0,0,NaN,NaN
NaN,NaN,NaN,NaN,NaN,0,0,NaN,0.505,0,0,NaN,NaN
NaN,NaN,NaN,NaN,NaN,NaN,NaN,NaN,-0.505,NaN,NaN,NaN,NaN
NaN,NaN,NaN,NaN,NaN,NaN,NaN,NaN,-0.505,NaN,NaN,NaN,NaN
6,4,4,1,4,2,4.88974436959643,1693384946.18201,-0.525,-0.01,-0.3,0,0
NaN,NaN,NaN,NaN,NaN,1,4.76822818245939,NaN,0.525,7.88,-0.3,0,NaN
NaN,NaN,NaN,NaN,NaN,3,8.28429236567614,NaN,-0.525,7.84,10.5,0,NaN
NaN,NaN,NaN,NaN,NaN,4,12.6365620324517,NaN,0.525,0,15.1,0,NaN
NaN,NaN,NaN,NaN,NaN,0,0,NaN,0.505,0,0,NaN,NaN
NaN,NaN,NaN,NaN,NaN,0,0,NaN,0.505,0,0,NaN,NaN
NaN,NaN,NaN,NaN,NaN,NaN,NaN,NaN,-0.505,NaN,NaN,NaN,NaN
NaN,NaN,NaN,NaN,NaN,NaN,NaN,NaN,-0.505,NaN,NaN,NaN,NaN
6,4,4,4,4,1,4.6871739886631,1693384946.24382,-0.525,-0.01,-0.3,0,0
NaN,NaN,NaN,NaN,NaN,2,6.2628428049888,NaN,0.525,7.88,-0.3,0,NaN
NaN,NaN,NaN,NaN,NaN,3,7.99299693481738,NaN,-0.525,7.84,10.5,0,NaN
NaN,NaN,NaN,NaN,NaN,4,11.5844378370295,NaN,0.525,0,15.1,0,NaN
NaN,NaN,NaN,NaN,NaN,0,0,NaN,0.505,0,0,NaN,NaN
NaN,NaN,NaN,NaN,NaN,0,0,NaN,0.505,0,0,NaN,NaN
NaN,NaN,NaN,NaN,NaN,NaN,NaN,NaN,-0.505,NaN,NaN,NaN,NaN
NaN,NaN,NaN,NaN,NaN,NaN,NaN,NaN,-0.505,NaN,NaN,NaN,NaN
6,4,4,3,4,1,5.42563360355268,1693384946.24561,-0.525,-0.01,-0.3,0,0
NaN,NaN,NaN,NaN,NaN,2,5.52661741031528,NaN,0.525,7.88,-0.3,0,NaN
NaN,NaN,NaN,NaN,NaN,3,7.4704216748454,NaN,-0.525,7.84,10.5,0,NaN
NaN,NaN,NaN,NaN,NaN,4,11.7648289405329,NaN,0.525,0,15.1,0,NaN
NaN,NaN,NaN,NaN,NaN,0,0,NaN,0.505,0,0,NaN,NaN
NaN,NaN,NaN,NaN,NaN,0,0,NaN,0.505,0,0,NaN,NaN
NaN,NaN,NaN,NaN,NaN,NaN,NaN,NaN,-0.505,NaN,NaN,NaN,NaN
NaN,NaN,NaN,NaN,NaN,NaN,NaN,NaN,-0.505,NaN,NaN,NaN,NaN
6,4,4,2,4,1,3.90480473263389,1693384946.27344,-0.525,-0.01,-0.3,0,0
NaN,NaN,NaN,NaN,NaN,2,5.51652064257898,NaN,0.525,7.88,-0.3,0,NaN
NaN,NaN,NaN,NaN,NaN,3,8.79636288473822,NaN,-0.525,7.84,10.5,0,NaN
NaN,NaN,NaN,NaN,NaN,4,12.4361851063741,NaN,0.525,0,15.1,0,NaN
NaN,NaN,NaN,NaN,NaN,0,0,NaN,0.505,0,0,NaN,NaN
NaN,NaN,NaN,NaN,NaN,0,0,NaN,0.505,0,0,NaN,NaN
NaN,NaN,NaN,NaN,NaN,NaN,NaN,NaN,-0.505,NaN,NaN,NaN,NaN
NaN,NaN,NaN,NaN,NaN,NaN,NaN,NaN,-0.505,NaN,NaN,NaN,NaN
6,4,4,1,4,2,4.78848619085406,1693384946.28173,-0.525,-0.01,-0.3,0,0
NaN,NaN,NaN,NaN,NaN,1,4.69730773954613,NaN,0.525,7.88,-0.3,0,NaN
NaN,NaN,NaN,NaN,NaN,3,8.31442120655431,NaN,-0.525,7.84,10.5,0,NaN
NaN,NaN,NaN,NaN,NaN,4,12.6766359890943,NaN,0.525,0,15.1,0,NaN
NaN,NaN,NaN,NaN,NaN,0,0,NaN,0.505,0,0,NaN,NaN
NaN,NaN,NaN,NaN,NaN,0,0,NaN,0.505,0,0,NaN,NaN
NaN,NaN,NaN,NaN,NaN,NaN,NaN,NaN,-0.505,NaN,NaN,NaN,NaN
NaN,NaN,NaN,NaN,NaN,NaN,NaN,NaN,-0.505,NaN,NaN,NaN,NaN
6,4,4,4,4,1,4.64663318974072,1693384946.34239,-0.525,-0.01,-0.3,0,0
NaN,NaN,NaN,NaN,NaN,2,6.24269172713181,NaN,0.525,7.88,-0.3,0,NaN
NaN,NaN,NaN,NaN,NaN,3,8.07336361128371,NaN,-0.525,7.84,10.5,0,NaN
NaN,NaN,NaN,NaN,NaN,4,11.6445695497944,NaN,0.525,0,15.1,0,NaN
NaN,NaN,NaN,NaN,NaN,0,0,NaN,0.505,0,0,NaN,NaN
NaN,NaN,NaN,NaN,NaN,0,0,NaN,0.505,0,0,NaN,NaN
NaN,NaN,NaN,NaN,NaN,NaN,NaN,NaN,-0.505,NaN,NaN,NaN,NaN
NaN,NaN,NaN,NaN,NaN,NaN,NaN,NaN,-0.505,NaN,NaN,NaN,NaN
6,4,4,3,4,2,5.47613002037023,1693384946.3457,-0.525,-0.01,-0.3,0,0
NaN,NaN,NaN,NaN,NaN,1,5.2639813829458,NaN,0.525,7.88,-0.3,0,NaN
NaN,NaN,NaN,NaN,NaN,3,7.5106324633815,NaN,-0.525,7.84,10.5,0,NaN
NaN,NaN,NaN,NaN,NaN,4,11.8449989447024,NaN,0.525,0,15.1,0,NaN
NaN,NaN,NaN,NaN,NaN,0,0,NaN,0.505,0,0,NaN,NaN
NaN,NaN,NaN,NaN,NaN,0,0,NaN,0.505,0,0,NaN,NaN
NaN,NaN,NaN,NaN,NaN,NaN,NaN,NaN,-0.505,NaN,NaN,NaN,NaN
NaN,NaN,NaN,NaN,NaN,NaN,NaN,NaN,-0.505,NaN,NaN,NaN,NaN
6,4,4,2,4,1,3.77221420388609,1693384946.37376,-0.525,-0.01,-0.3,0,0
NaN,NaN,NaN,NaN,NaN,2,5.46603146716153,NaN,0.525,7.88,-0.3,0,NaN
NaN,NaN,NaN,NaN,NaN,3,8.88670355081118,NaN,-0.525,7.84,10.5,0,NaN
NaN,NaN,NaN,NaN,NaN,4,12.4962994522379,NaN,0.525,0,15.1,0,NaN
NaN,NaN,NaN,NaN,NaN,0,0,NaN,0.505,0,0,NaN,NaN
NaN,NaN,NaN,NaN,NaN,0,0,NaN,0.505,0,0,NaN,NaN
NaN,NaN,NaN,NaN,NaN,NaN,NaN,NaN,-0.505,NaN,NaN,NaN,NaN
NaN,NaN,NaN,NaN,NaN,NaN,NaN,NaN,-0.505,NaN,NaN,NaN,NaN
6,4,4,1,4,2,4.78848619085406,1693384946.38253,-0.525,-0.01,-0.3,0,0
NaN,NaN,NaN,NaN,NaN,1,4.6871739886631,NaN,0.525,7.88,-0.3,0,NaN
NaN,NaN,NaN,NaN,NaN,3,8.37467611314014,NaN,-0.525,7.84,10.5,0,NaN
NaN,NaN,NaN,NaN,NaN,4,12.826909214616,NaN,0.525,0,15.1,0,NaN
NaN,NaN,NaN,NaN,NaN,0,0,NaN,0.505,0,0,NaN,NaN
NaN,NaN,NaN,NaN,NaN,0,0,NaN,0.505,0,0,NaN,NaN
NaN,NaN,NaN,NaN,NaN,NaN,NaN,NaN,-0.505,NaN,NaN,NaN,NaN
NaN,NaN,NaN,NaN,NaN,NaN,NaN,NaN,-0.505,NaN,NaN,NaN,NaN
6,4,4,4,4,1,4.61622139850332,1693384946.44379,-0.525,-0.01,-0.3,0,0
NaN,NaN,NaN,NaN,NaN,2,6.21246327956955,NaN,0.525,7.88,-0.3,0,NaN
NaN,NaN,NaN,NaN,NaN,3,8.14367853000105,NaN,-0.525,7.84,10.5,0,NaN
NaN,NaN,NaN,NaN,NaN,4,11.8750621051008,NaN,0.525,0,15.1,0,NaN
NaN,NaN,NaN,NaN,NaN,0,0,NaN,0.505,0,0,NaN,NaN
NaN,NaN,NaN,NaN,NaN,0,0,NaN,0.505,0,0,NaN,NaN
NaN,NaN,NaN,NaN,NaN,NaN,NaN,NaN,-0.505,NaN,NaN,NaN,NaN
NaN,NaN,NaN,NaN,NaN,NaN,NaN,NaN,-0.505,NaN,NaN,NaN,NaN
6,4,4,3,4,2,5.3751279054549,1693384946.44556,-0.525,-0.01,-0.3,0,0
NaN,NaN,NaN,NaN,NaN,1,5.23366028702666,NaN,0.525,7.88,-0.3,0,NaN
NaN,NaN,NaN,NaN,NaN,3,7.61114971604159,NaN,-0.525,7.84,10.5,0,NaN
NaN,NaN,NaN,NaN,NaN,4,11.9752703518543,NaN,0.525,0,15.1,0,NaN
NaN,NaN,NaN,NaN,NaN,0,0,NaN,0.505,0,0,NaN,NaN
NaN,NaN,NaN,NaN,NaN,0,0,NaN,0.505,0,0,NaN,NaN
NaN,NaN,NaN,NaN,NaN,NaN,NaN,NaN,-0.505,NaN,NaN,NaN,NaN
NaN,NaN,NaN,NaN,NaN,NaN,NaN,NaN,-0.505,NaN,NaN,NaN,NaN
6,4,4,2,4,1,3.71095674995007,1693384946.47489,-0.525,-0.01,-0.3,0,0
NaN,NaN,NaN,NaN,NaN,2,5.40543245263503,NaN,0.525,7.88,-0.3,0,NaN
NaN,NaN,NaN,NaN,NaN,3,8.93688983931211,NaN,-0.525,7.84,10.5,0,NaN
NaN,NaN,NaN,NaN,NaN,4,12.5564127042719,NaN,0.525,0,15.1,0,NaN
NaN,NaN,NaN,NaN,NaN,0,0,NaN,0.505,0,0,NaN,NaN
NaN,NaN,NaN,NaN,NaN,0,0,NaN,0.505,0,0,NaN,NaN
NaN,NaN,NaN,NaN,NaN,NaN,NaN,NaN,-0.505,NaN,NaN,NaN,NaN
NaN,NaN,NaN,NaN,NaN,NaN,NaN,NaN,-0.505,NaN,NaN,NaN,NaN
6,4,4,1,4,2,4.69730773954613,1693384946.48238,-0.525,-0.01,-0.3,0,0
NaN,NaN,NaN,NaN,NaN,1,4.57566388625738,NaN,0.525,7.88,-0.3,0,NaN
NaN,NaN,NaN,NaN,NaN,3,8.45501034889964,NaN,-0.525,7.84,10.5,0,NaN
NaN,NaN,NaN,NaN,NaN,4,12.8970345428707,NaN,0.525,0,15.1,0,NaN
NaN,NaN,NaN,NaN,NaN,0,0,NaN,0.505,0,0,NaN,NaN
NaN,NaN,NaN,NaN,NaN,0,0,NaN,0.505,0,0,NaN,NaN
NaN,NaN,NaN,NaN,NaN,NaN,NaN,NaN,-0.505,NaN,NaN,NaN,NaN
NaN,NaN,NaN,NaN,NaN,NaN,NaN,NaN,-0.505,NaN,NaN,NaN,NaN
6,4,4,4,4,1,4.48437286585315,1693384946.54397,-0.525,-0.01,-0.3,0,0
NaN,NaN,NaN,NaN,NaN,2,6.1116855285592,NaN,0.525,7.88,-0.3,0,NaN
NaN,NaN,NaN,NaN,NaN,3,8.2742492106535,NaN,-0.525,7.84,10.5,0,NaN
NaN,NaN,NaN,NaN,NaN,4,11.8049142309464,NaN,0.525,0,15.1,0,NaN
NaN,NaN,NaN,NaN,NaN,0,0,NaN,0.505,0,0,NaN,NaN
NaN,NaN,NaN,NaN,NaN,0,0,NaN,0.505,0,0,NaN,NaN
NaN,NaN,NaN,NaN,NaN,NaN,NaN,NaN,-0.505,NaN,NaN,NaN,NaN
NaN,NaN,NaN,NaN,NaN,NaN,NaN,NaN,-0.505,NaN,NaN,NaN,NaN
6,4,4,3,4,2,5.28419341054053,1693384946.54551,-0.525,-0.01,-0.3,0,0
NaN,NaN,NaN,NaN,NaN,1,5.21344415909483,NaN,0.525,7.88,-0.3,0,NaN
NaN,NaN,NaN,NaN,NaN,3,7.73175271203108,NaN,-0.525,7.84,10.5,0,NaN
NaN,NaN,NaN,NaN,NaN,4,12.0955156979767,NaN,0.525,0,15.1,0,NaN
NaN,NaN,NaN,NaN,NaN,0,0,NaN,0.505,0,0,NaN,NaN
NaN,NaN,NaN,NaN,NaN,0,0,NaN,0.505,0,0,NaN,NaN
NaN,NaN,NaN,NaN,NaN,NaN,NaN,NaN,-0.505,NaN,NaN,NaN,NaN
NaN,NaN,NaN,NaN,NaN,NaN,NaN,NaN,-0.505,NaN,NaN,NaN,NaN
6,4,4,2,4,1,3.67009536660834,1693384946.57578,-0.525,-0.01,-0.3,0,0
NaN,NaN,NaN,NaN,NaN,2,5.32461266196894,NaN,0.525,7.88,-0.3,0,NaN
NaN,NaN,NaN,NaN,NaN,3,9.01718359577978,NaN,-0.525,7.84,10.5,0,NaN
NaN,NaN,NaN,NaN,NaN,4,12.6565990692603,NaN,0.525,0,15.1,0,NaN
NaN,NaN,NaN,NaN,NaN,0,0,NaN,0.505,0,0,NaN,NaN
NaN,NaN,NaN,NaN,NaN,0,0,NaN,0.505,0,0,NaN,NaN
NaN,NaN,NaN,NaN,NaN,NaN,NaN,NaN,-0.505,NaN,NaN,NaN,NaN
NaN,NaN,NaN,NaN,NaN,NaN,NaN,NaN,-0.505,NaN,NaN,NaN,NaN
6,4,4,1,4,2,4.5553814329867,1693384946.58198,-0.525,-0.01,-0.3,0,0
NaN,NaN,NaN,NaN,NaN,1,4.50466424941971,NaN,0.525,7.88,-0.3,0,NaN
NaN,NaN,NaN,NaN,NaN,3,8.55541933513489,NaN,-0.525,7.84,10.5,0,NaN
NaN,NaN,NaN,NaN,NaN,4,13.0072287594245,NaN,0.525,0,15.1,0,NaN
NaN,NaN,NaN,NaN,NaN,0,0,NaN,0.505,0,0,NaN,NaN
NaN,NaN,NaN,NaN,NaN,0,0,NaN,0.505,0,0,NaN,NaN
NaN,NaN,NaN,NaN,NaN,NaN,NaN,NaN,-0.505,NaN,NaN,NaN,NaN
NaN,NaN,NaN,NaN,NaN,NaN,NaN,NaN,-0.505,NaN,NaN,NaN,NaN
6,4,4,4,4,1,4.32194400704128,1693384946.6433,-0.525,-0.01,-0.3,0,0
NaN,NaN,NaN,NaN,NaN,2,6.03104468562454,NaN,0.525,7.88,-0.3,0,NaN
NaN,NaN,NaN,NaN,NaN,3,8.41484402707501,NaN,-0.525,7.84,10.5,0,NaN
NaN,NaN,NaN,NaN,NaN,4,11.9151458236985,NaN,0.525,0,15.1,0,NaN
NaN,NaN,NaN,NaN,NaN,0,0,NaN,0.505,0,0,NaN,NaN
NaN,NaN,NaN,NaN,NaN,0,0,NaN,0.505,0,0,NaN,NaN
NaN,NaN,NaN,NaN,NaN,NaN,NaN,NaN,-0.505,NaN,NaN,NaN,NaN
NaN,NaN,NaN,NaN,NaN,NaN,NaN,NaN,-0.505,NaN,NaN,NaN,NaN
6,4,4,3,4,2,5.27408759881745,1693384946.64558,-0.525,-0.01,-0.3,0,0
NaN,NaN,NaN,NaN,NaN,1,5.09211154630375,NaN,0.525,7.88,-0.3,0,NaN
NaN,NaN,NaN,NaN,NaN,3,7.79204722778295,NaN,-0.525,7.84,10.5,0,NaN
NaN,NaN,NaN,NaN,NaN,4,12.2257760489876,NaN,0.525,0,15.1,0,NaN
NaN,NaN,NaN,NaN,NaN,0,0,NaN,0.505,0,0,NaN,NaN
NaN,NaN,NaN,NaN,NaN,0,0,NaN,0.505,0,0,NaN,NaN
NaN,NaN,NaN,NaN,NaN,NaN,NaN,NaN,-0.505,NaN,NaN,NaN,NaN
NaN,NaN,NaN,NaN,NaN,NaN,NaN,NaN,-0.505,NaN,NaN,NaN,NaN
6,4,4,2,4,1,3.55762561268046,1693384946.6745,-0.525,-0.01,-0.3,0,0
NaN,NaN,NaN,NaN,NaN,2,5.28419341054053,NaN,0.525,7.88,-0.3,0,NaN
NaN,NaN,NaN,NaN,NaN,3,9.09747217637955,NaN,-0.525,7.84,10.5,0,NaN
NaN,NaN,NaN,NaN,NaN,4,12.7367460522694,NaN,0.525,0,15.1,0,NaN
NaN,NaN,NaN,NaN,NaN,0,0,NaN,0.505,0,0,NaN,NaN
NaN,NaN,NaN,NaN,NaN,0,0,NaN,0.505,0,0,NaN,NaN
NaN,NaN,NaN,NaN,NaN,NaN,NaN,NaN,-0.505,NaN,NaN,NaN,NaN
NaN,NaN,NaN,NaN,NaN,NaN,NaN,NaN,-0.505,NaN,NaN,NaN,NaN
6,4,4,1,4,2,4.48437286585315,1693384946.68239,-0.525,-0.01,-0.3,0,0
NaN,NaN,NaN,NaN,NaN,1,4.46407885235017,NaN,0.525,7.88,-0.3,0,NaN
NaN,NaN,NaN,NaN,NaN,3,8.70601516194407,NaN,-0.525,7.84,10.5,0,NaN
NaN,NaN,NaN,NaN,NaN,4,13.1174197157825,NaN,0.525,0,15.1,0,NaN
NaN,NaN,NaN,NaN,NaN,0,0,NaN,0.505,0,0,NaN,NaN
NaN,NaN,NaN,NaN,NaN,0,0,NaN,0.505,0,0,NaN,NaN
NaN,NaN,NaN,NaN,NaN,NaN,NaN,NaN,-0.505,NaN,NaN,NaN,NaN
NaN,NaN,NaN,NaN,NaN,NaN,NaN,NaN,-0.505,NaN,NaN,NaN,NaN
6,4,4,4,4,1,4.2609858014314,1693384946.74496,-0.525,-0.01,-0.3,0,0
NaN,NaN,NaN,NaN,NaN,2,5.95038654206599,NaN,0.525,7.88,-0.3,0,NaN
NaN,NaN,NaN,NaN,NaN,3,8.46505168324447,NaN,-0.525,7.84,10.5,0,NaN
NaN,NaN,NaN,NaN,NaN,4,11.9752703518543,NaN,0.525,0,15.1,0,NaN
NaN,NaN,NaN,NaN,NaN,0,0,NaN,0.505,0,0,NaN,NaN
NaN,NaN,NaN,NaN,NaN,0,0,NaN,0.505,0,0,NaN,NaN
NaN,NaN,NaN,NaN,NaN,NaN,NaN,NaN,-0.505,NaN,NaN,NaN,NaN
NaN,NaN,NaN,NaN,NaN,NaN,NaN,NaN,-0.505,NaN,NaN,NaN,NaN
6,4,4,3,4,2,5.39533131512792,1693384946.74657,-0.525,-0.01,-0.3,0,0
NaN,NaN,NaN,NaN,NaN,1,5.01118748402013,NaN,0.525,7.88,-0.3,0,NaN
NaN,NaN,NaN,NaN,NaN,3,7.90257552953466,NaN,-0.525,7.84,10.5,0,NaN
NaN,NaN,NaN,NaN,NaN,4,12.3460115016956,NaN,0.525,0,15.1,0,NaN
NaN,NaN,NaN,NaN,NaN,0,0,NaN,0.505,0,0,NaN,NaN
NaN,NaN,NaN,NaN,NaN,0,0,NaN,0.505,0,0,NaN,NaN
NaN,NaN,NaN,NaN,NaN,NaN,NaN,NaN,-0.505,NaN,NaN,NaN,NaN
NaN,NaN,NaN,NaN,NaN,NaN,NaN,NaN,-0.505,NaN,NaN,NaN,NaN
6,4,4,2,4,1,3.47573013912185,1693384946.77549,-0.525,-0.01,-0.3,0,0
NaN,NaN,NaN,NaN,NaN,2,5.21344415909483,NaN,0.525,7.88,-0.3,0,NaN
NaN,NaN,NaN,NaN,NaN,3,9.22793042886648,NaN,-0.525,7.84,10.5,0,NaN
NaN,NaN,NaN,NaN,NaN,4,12.967158516807,NaN,0.525,0,15.1,0,NaN
NaN,NaN,NaN,NaN,NaN,0,0,NaN,0.505,0,0,NaN,NaN
NaN,NaN,NaN,NaN,NaN,0,0,NaN,0.505,0,0,NaN,NaN
NaN,NaN,NaN,NaN,NaN,NaN,NaN,NaN,-0.505,NaN,NaN,NaN,NaN
NaN,NaN,NaN,NaN,NaN,NaN,NaN,NaN,-0.505,NaN,NaN,NaN,NaN
6,4,4,1,4,2,4.38287576825992,1693384946.78275,-0.525,-0.01,-0.3,0,0
NaN,NaN,NaN,NaN,NaN,1,4.42348279074306,NaN,0.525,7.88,-0.3,0,NaN
NaN,NaN,NaN,NaN,NaN,3,8.88670355081118,NaN,-0.525,7.84,10.5,0,NaN
NaN,NaN,NaN,NaN,NaN,4,13.2276074934207,NaN,0.525,0,15.1,0,NaN
NaN,NaN,NaN,NaN,NaN,0,0,NaN,0.505,0,0,NaN,NaN
NaN,NaN,NaN,NaN,NaN,0,0,NaN,0.505,0,0,NaN,NaN
NaN,NaN,NaN,NaN,NaN,NaN,NaN,NaN,-0.505,NaN,NaN,NaN,NaN
NaN,NaN,NaN,NaN,NaN,NaN,NaN,NaN,-0.505,NaN,NaN,NaN,NaN
6,4,4,4,4,1,4.14915654079236,1693384946.84313,-0.525,-0.01,-0.3,0,0
NaN,NaN,NaN,NaN,NaN,2,5.89996610159753,NaN,0.525,7.88,-0.3,0,NaN
NaN,NaN,NaN,NaN,NaN,3,8.64577931710034,NaN,-0.525,7.84,10.5,0,NaN
NaN,NaN,NaN,NaN,NaN,4,12.0854954387481,NaN,0.525,0,15.1,0,NaN
NaN,NaN,NaN,NaN,NaN,0,0,NaN,0.505,0,0,NaN,NaN
NaN,NaN,NaN,NaN,NaN,0,0,NaN,0.505,0,0,NaN,NaN
NaN,NaN,NaN,NaN,NaN,NaN,NaN,NaN,-0.505,NaN,NaN,NaN,NaN
NaN,NaN,NaN,NaN,NaN,NaN,NaN,NaN,-0.505,NaN,NaN,NaN,NaN
6,4,4,3,4,1,4.94035423831126,1693384946.84534,-0.525,-0.01,-0.3,0,0
NaN,NaN,NaN,NaN,NaN,2,5.2639813829458,NaN,0.525,7.88,-0.3,0,NaN
NaN,NaN,NaN,NaN,NaN,3,8.06331817554039,NaN,-0.525,7.84,10.5,0,NaN
NaN,NaN,NaN,NaN,NaN,4,12.5063184031113,NaN,0.525,0,15.1,0,NaN
NaN,NaN,NaN,NaN,NaN,0,0,NaN,0.505,0,0,NaN,NaN
NaN,NaN,NaN,NaN,NaN,0,0,NaN,0.505,0,0,NaN,NaN
NaN,NaN,NaN,NaN,NaN,NaN,NaN,NaN,-0.505,NaN,NaN,NaN,NaN
NaN,NaN,NaN,NaN,NaN,NaN,NaN,NaN,-0.505,NaN,NaN,NaN,NaN
6,4,4,2,4,1,3.36297487353087,1693384946.87353,-0.525,-0.01,-0.3,0,0
NaN,NaN,NaN,NaN,NaN,2,5.10222500483858,NaN,0.525,7.88,-0.3,0,NaN
NaN,NaN,NaN,NaN,NaN,3,9.4486771560891,NaN,-0.525,7.84,10.5,0,NaN
NaN,NaN,NaN,NaN,NaN,4,13.1074024886703,NaN,0.525,0,15.1,0,NaN
NaN,NaN,NaN,NaN,NaN,0,0,NaN,0.505,0,0,NaN,NaN
NaN,NaN,NaN,NaN,NaN,0,0,NaN,0.505,0,0,NaN,NaN
NaN,NaN,NaN,NaN,NaN,NaN,NaN,NaN,-0.505,NaN,NaN,NaN,NaN
NaN,NaN,NaN,NaN,NaN,NaN,NaN,NaN,-0.505,NaN,NaN,NaN,NaN
6,4,4,1,4,2,4.33210110685335,1693384946.88237,-0.525,-0.01,-0.3,0,0
NaN,NaN,NaN,NaN,NaN,1,4.38287576825992,NaN,0.525,7.88,-0.3,0,NaN
NaN,NaN,NaN,NaN,NaN,3,8.99711064731339,NaN,-0.525,7.84,10.5,0,NaN
NaN,NaN,NaN,NaN,NaN,4,13.3478088089394,NaN,0.525,0,15.1,0,NaN
NaN,NaN,NaN,NaN,NaN,0,0,NaN,0.505,0,0,NaN,NaN
NaN,NaN,NaN,NaN,NaN,0,0,NaN,0.505,0,0,NaN,NaN
NaN,NaN,NaN,NaN,NaN,NaN,NaN,NaN,-0.505,NaN,NaN,NaN,NaN
NaN,NaN,NaN,NaN,NaN,NaN,NaN,NaN,-0.505,NaN,NaN,NaN,NaN
6,4,4,4,4,1,4.00668191899482,1693384946.94412,-0.525,-0.01,-0.3,0,0
NaN,NaN,NaN,NaN,NaN,2,5.76883870462678,NaN,0.525,7.88,-0.3,0,NaN
NaN,NaN,NaN,NaN,NaN,3,8.71605415311309,NaN,-0.525,7.84,10.5,0,NaN
NaN,NaN,NaN,NaN,NaN,4,12.3159530690889,NaN,0.525,0,15.1,0,NaN
NaN,NaN,NaN,NaN,NaN,0,0,NaN,0.505,0,0,NaN,NaN
NaN,NaN,NaN,NaN,NaN,0,0,NaN,0.505,0,0,NaN,NaN
NaN,NaN,NaN,NaN,NaN,NaN,NaN,NaN,-0.505,NaN,NaN,NaN,NaN
NaN,NaN,NaN,NaN,NaN,NaN,NaN,NaN,-0.505,NaN,NaN,NaN,NaN
6,4,4,3,4,1,4.88974436959643,1693384946.94603,-0.525,-0.01,-0.3,0,0
NaN,NaN,NaN,NaN,NaN,2,5.22355243105686,NaN,0.525,7.88,-0.3,0,NaN
NaN,NaN,NaN,NaN,NaN,3,8.22403185791495,NaN,-0.525,7.84,10.5,0,NaN
NaN,NaN,NaN,NaN,NaN,4,12.6265434700079,NaN,0.525,0,15.1,0,NaN
NaN,NaN,NaN,NaN,NaN,0,0,NaN,0.505,0,0,NaN,NaN
NaN,NaN,NaN,NaN,NaN,0,0,NaN,0.505,0,0,NaN,NaN
NaN,NaN,NaN,NaN,NaN,NaN,NaN,NaN,-0.505,NaN,NaN,NaN,NaN
NaN,NaN,NaN,NaN,NaN,NaN,NaN,NaN,-0.505,NaN,NaN,NaN,NaN
6,4,4,2,4,1,3.31166121455683,1693384946.97533,-0.525,-0.01,-0.3,0,0
NaN,NaN,NaN,NaN,NaN,2,5.0415374639092,NaN,0.525,7.88,-0.3,0,NaN
NaN,NaN,NaN,NaN,NaN,3,9.50887480199419,NaN,-0.525,7.84,10.5,0,NaN
NaN,NaN,NaN,NaN,NaN,4,13.2977253694006,NaN,0.525,0,15.1,0,NaN
NaN,NaN,NaN,NaN,NaN,0,0,NaN,0.505,0,0,NaN,NaN
NaN,NaN,NaN,NaN,NaN,0,0,NaN,0.505,0,0,NaN,NaN
NaN,NaN,NaN,NaN,NaN,NaN,NaN,NaN,-0.505,NaN,NaN,NaN,NaN
NaN,NaN,NaN,NaN,NaN,NaN,NaN,NaN,-0.505,NaN,NaN,NaN,NaN
6,4,4,1,4,2,4.15932686861709,1693384946.98197,-0.525,-0.01,-0.3,0,0
NaN,NaN,NaN,NaN,NaN,1,4.35241312377398,NaN,0.525,7.88,-0.3,0,NaN
NaN,NaN,NaN,NaN,NaN,3,9.10750789184396,NaN,-0.525,7.84,10.5,0,NaN
NaN,NaN,NaN,NaN,NaN,4,13.4680065340049,NaN,0.525,0,15.1,0,NaN
NaN,NaN,NaN,NaN,NaN,0,0,NaN,0.505,0,0,NaN,NaN
NaN,NaN,NaN,NaN,NaN,0,0,NaN,0.505,0,0,NaN,NaN
NaN,NaN,NaN,NaN,NaN,NaN,NaN,NaN,-0.505,NaN,NaN,NaN,NaN
NaN,NaN,NaN,NaN,NaN,NaN,NaN,NaN,-0.505,NaN,NaN,NaN,NaN
6,4,4,4,4,1,3.90480473263389,1693384947.04212,-0.525,-0.01,-0.3,0,0
NaN,NaN,NaN,NaN,NaN,2,5.60737906690818,NaN,0.525,7.88,-0.3,0,NaN
NaN,NaN,NaN,NaN,NaN,3,8.88670355081118,NaN,-0.525,7.84,10.5,0,NaN
NaN,NaN,NaN,NaN,NaN,4,12.546393904226,NaN,0.525,0,15.1,0,NaN
NaN,NaN,NaN,NaN,NaN,0,0,NaN,0.505,0,0,NaN,NaN
NaN,NaN,NaN,NaN,NaN,0,0,NaN,0.505,0,0,NaN,NaN
NaN,NaN,NaN,NaN,NaN,NaN,NaN,NaN,-0.505,NaN,NaN,NaN,NaN
NaN,NaN,NaN,NaN,NaN,NaN,NaN,NaN,-0.505,NaN,NaN,NaN,NaN
6,4,4,3,3,2,4.99095181303126,1693384947.04769,-0.525,-0.01,-0.3,0,0
NaN,NaN,NaN,NaN,NaN,3,8.33450658407563,NaN,0.525,7.88,-0.3,0,NaN
NaN,NaN,NaN,NaN,NaN,4,12.8769988739613,NaN,-0.525,7.84,10.5,0,NaN
NaN,NaN,NaN,NaN,NaN,0,0,NaN,0.525,0,15.1,0,NaN
NaN,NaN,NaN,NaN,NaN,0,0,NaN,0.505,0,0,NaN,NaN
NaN,NaN,NaN,NaN,NaN,0,0,NaN,0.505,0,0,NaN,NaN
NaN,NaN,NaN,NaN,NaN,NaN,NaN,NaN,-0.505,NaN,NaN,NaN,NaN
NaN,NaN,NaN,NaN,NaN,NaN,NaN,NaN,-0.505,NaN,NaN,NaN,NaN
6,4,4,2,4,1,3.27058098814263,1693384947.07709,-0.525,-0.01,-0.3,0,0
NaN,NaN,NaN,NaN,NaN,2,4.98083326362166,NaN,0.525,7.88,-0.3,0,NaN
NaN,NaN,NaN,NaN,NaN,3,9.60919871789527,NaN,-0.525,7.84,10.5,0,NaN
NaN,NaN,NaN,NaN,NaN,4,13.3878751114581,NaN,0.525,0,15.1,0,NaN
NaN,NaN,NaN,NaN,NaN,0,0,NaN,0.505,0,0,NaN,NaN
NaN,NaN,NaN,NaN,NaN,0,0,NaN,0.505,0,0,NaN,NaN
NaN,NaN,NaN,NaN,NaN,NaN,NaN,NaN,-0.505,NaN,NaN,NaN,NaN
NaN,NaN,NaN,NaN,NaN,NaN,NaN,NaN,-0.505,NaN,NaN,NaN,NaN
6,4,4,1,4,2,4.08811692592078,1693384947.08345,-0.525,-0.01,-0.3,0,0
NaN,NaN,NaN,NaN,NaN,1,4.24066032593982,NaN,0.525,7.88,-0.3,0,NaN
NaN,NaN,NaN,NaN,NaN,3,9.26806883876032,NaN,-0.525,7.84,10.5,0,NaN
NaN,NaN,NaN,NaN,NaN,4,13.6583124872731,NaN,0.525,0,15.1,0,NaN
NaN,NaN,NaN,NaN,NaN,0,0,NaN,0.505,0,0,NaN,NaN
NaN,NaN,NaN,NaN,NaN,0,0,NaN,0.505,0,0,NaN,NaN
NaN,NaN,NaN,NaN,NaN,NaN,NaN,NaN,-0.505,NaN,NaN,NaN,NaN
NaN,NaN,NaN,NaN,NaN,NaN,NaN,NaN,-0.505,NaN,NaN,NaN,NaN
6,4,4,3,4,1,4.66690475583121,1693384947.14131,-0.525,-0.01,-0.3,0,0
NaN,NaN,NaN,NaN,NaN,2,4.93023326020179,NaN,0.525,7.88,-0.3,0,NaN
NaN,NaN,NaN,NaN,NaN,3,8.44496891646145,NaN,-0.525,7.84,10.5,0,NaN
NaN,NaN,NaN,NaN,NaN,4,13.0172462525682,NaN,0.525,0,15.1,0,NaN
NaN,NaN,NaN,NaN,NaN,0,0,NaN,0.505,0,0,NaN,NaN
NaN,NaN,NaN,NaN,NaN,0,0,NaN,0.505,0,0,NaN,NaN
NaN,NaN,NaN,NaN,NaN,NaN,NaN,NaN,-0.505,NaN,NaN,NaN,NaN
NaN,NaN,NaN,NaN,NaN,NaN,NaN,NaN,-0.505,NaN,NaN,NaN,NaN
6,4,4,4,4,1,3.81303029098904,1693384947.14267,-0.525,-0.01,-0.3,0,0
NaN,NaN,NaN,NaN,NaN,2,5.52661741031528,NaN,0.525,7.88,-0.3,0,NaN
NaN,NaN,NaN,NaN,NaN,3,9.02721994857775,NaN,-0.525,7.84,10.5,0,NaN
NaN,NaN,NaN,NaN,NaN,4,12.6565990692603,NaN,0.525,0,15.1,0,NaN
NaN,NaN,NaN,NaN,NaN,0,0,NaN,0.505,0,0,NaN,NaN
NaN,NaN,NaN,NaN,NaN,0,0,NaN,0.505,0,0,NaN,NaN
NaN,NaN,NaN,NaN,NaN,NaN,NaN,NaN,-0.505,NaN,NaN,NaN,NaN
NaN,NaN,NaN,NaN,NaN,NaN,NaN,NaN,-0.505,NaN,NaN,NaN,NaN
6,4,4,2,4,1,3.16775946056515,1693384947.17669,-0.525,-0.01,-0.3,0,0
NaN,NaN,NaN,NaN,NaN,2,4.90998981669005,NaN,0.525,7.88,-0.3,0,NaN
NaN,NaN,NaN,NaN,NaN,3,9.80982670591076,NaN,-0.525,7.84,10.5,0,NaN
NaN,NaN,NaN,NaN,NaN,4,13.5180878825372,NaN,0.525,0,15.1,0,NaN
NaN,NaN,NaN,NaN,NaN,0,0,NaN,0.505,0,0,NaN,NaN
NaN,NaN,NaN,NaN,NaN,0,0,NaN,0.505,0,0,NaN,NaN
NaN,NaN,NaN,NaN,NaN,NaN,NaN,NaN,-0.505,NaN,NaN,NaN,NaN
NaN,NaN,NaN,NaN,NaN,NaN,NaN,NaN,-0.505,NaN,NaN,NaN,NaN
6,4,4,1,4,2,4.00668191899482,1693384947.18318,-0.525,-0.01,-0.3,0,0
NaN,NaN,NaN,NaN,NaN,1,4.25082344963891,NaN,0.525,7.88,-0.3,0,NaN
NaN,NaN,NaN,NaN,NaN,3,9.45871027149051,NaN,-0.525,7.84,10.5,0,NaN
NaN,NaN,NaN,NaN,NaN,4,13.7584701184398,NaN,0.525,0,15.1,0,NaN
NaN,NaN,NaN,NaN,NaN,0,0,NaN,0.505,0,0,NaN,NaN
NaN,NaN,NaN,NaN,NaN,0,0,NaN,0.505,0,0,NaN,NaN
NaN,NaN,NaN,NaN,NaN,NaN,NaN,NaN,-0.505,NaN,NaN,NaN,NaN
NaN,NaN,NaN,NaN,NaN,NaN,NaN,NaN,-0.505,NaN,NaN,NaN,NaN
6,4,4,3,4,1,4.54523926762937,1693384947.24455,-0.525,-0.01,-0.3,0,0
NaN,NaN,NaN,NaN,NaN,2,4.71757352883874,NaN,0.525,7.88,-0.3,0,NaN
NaN,NaN,NaN,NaN,NaN,3,8.71605415311309,NaN,-0.525,7.84,10.5,0,NaN
NaN,NaN,NaN,NaN,NaN,4,13.1074024886703,NaN,0.525,0,15.1,0,NaN
NaN,NaN,NaN,NaN,NaN,0,0,NaN,0.505,0,0,NaN,NaN
NaN,NaN,NaN,NaN,NaN,0,0,NaN,0.505,0,0,NaN,NaN
NaN,NaN,NaN,NaN,NaN,NaN,NaN,NaN,-0.505,NaN,NaN,NaN,NaN
NaN,NaN,NaN,NaN,NaN,NaN,NaN,NaN,-0.505,NaN,NaN,NaN,NaN
6,4,4,4,4,1,3.67009536660834,1693384947.24712,-0.525,-0.01,-0.3,0,0
NaN,NaN,NaN,NaN,NaN,2,5.42563360355268,NaN,0.525,7.88,-0.3,0,NaN
NaN,NaN,NaN,NaN,NaN,3,9.21789563837647,NaN,-0.525,7.84,10.5,0,NaN
NaN,NaN,NaN,NaN,NaN,4,12.9871936922493,NaN,0.525,0,15.1,0,NaN
NaN,NaN,NaN,NaN,NaN,0,0,NaN,0.505,0,0,NaN,NaN
NaN,NaN,NaN,NaN,NaN,0,0,NaN,0.505,0,0,NaN,NaN
NaN,NaN,NaN,NaN,NaN,NaN,NaN,NaN,-0.505,NaN,NaN,NaN,NaN
NaN,NaN,NaN,NaN,NaN,NaN,NaN,NaN,-0.505,NaN,NaN,NaN,NaN
6,4,4,2,4,1,3.11627983339109,1693384947.27378,-0.525,-0.01,-0.3,0,0
NaN,NaN,NaN,NaN,NaN,2,4.81886916195076,NaN,0.525,7.88,-0.3,0,NaN
NaN,NaN,NaN,NaN,NaN,3,9.96028112053068,NaN,-0.525,7.84,10.5,0,NaN
NaN,NaN,NaN,NaN,NaN,4,13.8786562750145,NaN,0.525,0,15.1,0,NaN
NaN,NaN,NaN,NaN,NaN,0,0,NaN,0.505,0,0,NaN,NaN
NaN,NaN,NaN,NaN,NaN,0,0,NaN,0.505,0,0,NaN,NaN
NaN,NaN,NaN,NaN,NaN,NaN,NaN,NaN,-0.505,NaN,NaN,NaN,NaN
NaN,NaN,NaN,NaN,NaN,NaN,NaN,NaN,-0.505,NaN,NaN,NaN,NaN
6,4,4,1,4,2,3.87422250264489,1693384947.28412,-0.525,-0.01,-0.3,0,0
NaN,NaN,NaN,NaN,NaN,1,4.24066032593982,NaN,0.525,7.88,-0.3,0,NaN
NaN,NaN,NaN,NaN,NaN,3,9.60919871789527,NaN,-0.525,7.84,10.5,0,NaN
NaN,NaN,NaN,NaN,NaN,4,14.0388995295215,NaN,0.525,0,15.1,0,NaN
NaN,NaN,NaN,NaN,NaN,0,0,NaN,0.505,0,0,NaN,NaN
NaN,NaN,NaN,NaN,NaN,0,0,NaN,0.505,0,0,NaN,NaN
NaN,NaN,NaN,NaN,NaN,NaN,NaN,NaN,-0.505,NaN,NaN,NaN,NaN
NaN,NaN,NaN,NaN,NaN,NaN,NaN,NaN,-0.505,NaN,NaN,NaN,NaN
6,4,4,4,4,1,3.60876710248805,1693384947.34226,-0.525,-0.01,-0.3,0,0
NaN,NaN,NaN,NaN,NaN,2,5.32461266196894,NaN,0.525,7.88,-0.3,0,NaN
NaN,NaN,NaN,NaN,NaN,3,9.37844336763836,NaN,-0.525,7.84,10.5,0,NaN
NaN,NaN,NaN,NaN,NaN,4,13.1675054585142,NaN,0.525,0,15.1,0,NaN
NaN,NaN,NaN,NaN,NaN,0,0,NaN,0.505,0,0,NaN,NaN
NaN,NaN,NaN,NaN,NaN,0,0,NaN,0.505,0,0,NaN,NaN
NaN,NaN,NaN,NaN,NaN,NaN,NaN,NaN,-0.505,NaN,NaN,NaN,NaN
NaN,NaN,NaN,NaN,NaN,NaN,NaN,NaN,-0.505,NaN,NaN,NaN,NaN
6,4,4,3,4,1,4.50466424941971,1693384947.34611,-0.525,-0.01,-0.3,0,0
NaN,NaN,NaN,NaN,NaN,2,4.51480896605825,NaN,0.525,7.88,-0.3,0,NaN
NaN,NaN,NaN,NaN,NaN,3,8.76624777199458,NaN,-0.525,7.84,10.5,0,NaN
NaN,NaN,NaN,NaN,NaN,4,13.2075735848792,NaN,0.525,0,15.1,0,NaN
NaN,NaN,NaN,NaN,NaN,0,0,NaN,0.505,0,0,NaN,NaN
NaN,NaN,NaN,NaN,NaN,0,0,NaN,0.505,0,0,NaN,NaN
NaN,NaN,NaN,NaN,NaN,NaN,NaN,NaN,-0.505,NaN,NaN,NaN,NaN
NaN,NaN,NaN,NaN,NaN,NaN,NaN,NaN,-0.505,NaN,NaN,NaN,NaN
6,4,4,2,4,1,3.10597810681273,1693384947.37372,-0.525,-0.01,-0.3,0,0
NaN,NaN,NaN,NaN,NaN,2,4.63649652215981,NaN,0.525,7.88,-0.3,0,NaN
NaN,NaN,NaN,NaN,NaN,3,10.140808646257,NaN,-0.525,7.84,10.5,0,NaN
NaN,NaN,NaN,NaN,NaN,4,13.8686408851048,NaN,0.525,0,15.1,0,NaN
NaN,NaN,NaN,NaN,NaN,0,0,NaN,0.505,0,0,NaN,NaN
NaN,NaN,NaN,NaN,NaN,0,0,NaN,0.505,0,0,NaN,NaN
NaN,NaN,NaN,NaN,NaN,NaN,NaN,NaN,-0.505,NaN,NaN,NaN,NaN
NaN,NaN,NaN,NaN,NaN,NaN,NaN,NaN,-0.505,NaN,NaN,NaN,NaN
6,4,4,1,4,2,3.80282789513278,1693384947.38196,-0.525,-0.01,-0.3,0,0
NaN,NaN,NaN,NaN,NaN,1,4.16949637246514,NaN,0.525,7.88,-0.3,0,NaN
NaN,NaN,NaN,NaN,NaN,3,9.84994923844788,NaN,-0.525,7.84,10.5,0,NaN
NaN,NaN,NaN,NaN,NaN,4,14.1390487657409,NaN,0.525,0,15.1,0,NaN
NaN,NaN,NaN,NaN,NaN,0,0,NaN,0.505,0,0,NaN,NaN
NaN,NaN,NaN,NaN,NaN,0,0,NaN,0.505,0,0,NaN,NaN
NaN,NaN,NaN,NaN,NaN,NaN,NaN,NaN,-0.505,NaN,NaN,NaN,NaN
NaN,NaN,NaN,NaN,NaN,NaN,NaN,NaN,-0.505,NaN,NaN,NaN,NaN
6,4,4,4,4,1,3.48597188743685,1693384947.44219,-0.525,-0.01,-0.3,0,0
NaN,NaN,NaN,NaN,NaN,2,5.21344415909483,NaN,0.525,7.88,-0.3,0,NaN
NaN,NaN,NaN,NaN,NaN,3,9.46874331682933,NaN,-0.525,7.84,10.5,0,NaN
NaN,NaN,NaN,NaN,NaN,4,13.5281040800254,NaN,0.525,0,15.1,0,NaN
NaN,NaN,NaN,NaN,NaN,0,0,NaN,0.505,0,0,NaN,NaN
NaN,NaN,NaN,NaN,NaN,0,0,NaN,0.505,0,0,NaN,NaN
NaN,NaN,NaN,NaN,NaN,NaN,NaN,NaN,-0.505,NaN,NaN,NaN,NaN
NaN,NaN,NaN,NaN,NaN,NaN,NaN,NaN,-0.505,NaN,NaN,NaN,NaN
6,4,4,3,4,2,4.4336328219644,1693384947.4457,-0.525,-0.01,-0.3,0,0
NaN,NaN,NaN,NaN,NaN,1,4.4336328219644,NaN,0.525,7.88,-0.3,0,NaN
NaN,NaN,NaN,NaN,NaN,3,9.01718359577978,NaN,-0.525,7.84,10.5,0,NaN
NaN,NaN,NaN,NaN,NaN,4,13.4479738250786,NaN,0.525,0,15.1,0,NaN
NaN,NaN,NaN,NaN,NaN,0,0,NaN,0.505,0,0,NaN,NaN
NaN,NaN,NaN,NaN,NaN,0,0,NaN,0.505,0,0,NaN,NaN
NaN,NaN,NaN,NaN,NaN,NaN,NaN,NaN,-0.505,NaN,NaN,NaN,NaN
NaN,NaN,NaN,NaN,NaN,NaN,NaN,NaN,-0.505,NaN,NaN,NaN,NaN
6,4,4,2,4,1,3.09567440148346,1693384947.47441,-0.525,-0.01,-0.3,0,0
NaN,NaN,NaN,NaN,NaN,2,4.56552297113923,NaN,0.525,7.88,-0.3,0,NaN
NaN,NaN,NaN,NaN,NaN,3,10.2711781213257,NaN,-0.525,7.84,10.5,0,NaN
NaN,NaN,NaN,NaN,NaN,4,14.669805724685,NaN,0.525,0,15.1,0,NaN
NaN,NaN,NaN,NaN,NaN,0,0,NaN,0.505,0,0,NaN,NaN
NaN,NaN,NaN,NaN,NaN,0,0,NaN,0.505,0,0,NaN,NaN
NaN,NaN,NaN,NaN,NaN,NaN,NaN,NaN,-0.505,NaN,NaN,NaN,NaN
NaN,NaN,NaN,NaN,NaN,NaN,NaN,NaN,-0.505,NaN,NaN,NaN,NaN
6,4,4,1,4,2,3.70074316860816,1693384947.48155,-0.525,-0.01,-0.3,0,0
NaN,NaN,NaN,NaN,NaN,1,4.14915654079236,NaN,0.525,7.88,-0.3,0,NaN
NaN,NaN,NaN,NaN,NaN,3,9.89007077831094,NaN,-0.525,7.84,10.5,0,NaN
NaN,NaN,NaN,NaN,NaN,4,14.3593697633288,NaN,0.525,0,15.1,0,NaN
NaN,NaN,NaN,NaN,NaN,0,0,NaN,0.505,0,0,NaN,NaN
NaN,NaN,NaN,NaN,NaN,0,0,NaN,0.505,0,0,NaN,NaN
NaN,NaN,NaN,NaN,NaN,NaN,NaN,NaN,-0.505,NaN,NaN,NaN,NaN
NaN,NaN,NaN,NaN,NaN,NaN,NaN,NaN,-0.505,NaN,NaN,NaN,NaN
6,4,4,4,4,1,3.36297487353087,1693384947.543,-0.525,-0.01,-0.3,0,0
NaN,NaN,NaN,NaN,NaN,2,5.01118748402013,NaN,0.525,7.88,-0.3,0,NaN
NaN,NaN,NaN,NaN,NaN,3,9.69948452238571,NaN,-0.525,7.84,10.5,0,NaN
NaN,NaN,NaN,NaN,NaN,4,13.5982167948595,NaN,0.525,0,15.1,0,NaN
NaN,NaN,NaN,NaN,NaN,0,0,NaN,0.505,0,0,NaN,NaN
NaN,NaN,NaN,NaN,NaN,0,0,NaN,0.505,0,0,NaN,NaN
NaN,NaN,NaN,NaN,NaN,NaN,NaN,NaN,-0.505,NaN,NaN,NaN,NaN
NaN,NaN,NaN,NaN,NaN,NaN,NaN,NaN,-0.505,NaN,NaN,NaN,NaN
6,4,4,3,4,2,4.2711473868271,1693384947.54562,-0.525,-0.01,-0.3,0,0
NaN,NaN,NaN,NaN,NaN,1,4.33210110685335,NaN,0.525,7.88,-0.3,0,NaN
NaN,NaN,NaN,NaN,NaN,3,9.1376145683652,NaN,-0.525,7.84,10.5,0,NaN
NaN,NaN,NaN,NaN,NaN,4,13.6983758161324,NaN,0.525,0,15.1,0,NaN
NaN,NaN,NaN,NaN,NaN,0,0,NaN,0.505,0,0,NaN,NaN
NaN,NaN,NaN,NaN,NaN,0,0,NaN,0.505,0,0,NaN,NaN
NaN,NaN,NaN,NaN,NaN,NaN,NaN,NaN,-0.505,NaN,NaN,NaN,NaN
NaN,NaN,NaN,NaN,NaN,NaN,NaN,NaN,-0.505,NaN,NaN,NaN,NaN
6,4,4,2,4,1,3.09567440148346,1693384947.58261,-0.525,-0.01,-0.3,0,0
NaN,NaN,NaN,NaN,NaN,2,4.42348279074306,NaN,0.525,7.88,-0.3,0,NaN
NaN,NaN,NaN,NaN,NaN,3,10.4717286061089,NaN,-0.525,7.84,10.5,0,NaN
NaN,NaN,NaN,NaN,NaN,4,14.6397643423656,NaN,0.525,0,15.1,0,NaN
NaN,NaN,NaN,NaN,NaN,0,0,NaN,0.505,0,0,NaN,NaN
NaN,NaN,NaN,NaN,NaN,0,0,NaN,0.505,0,0,NaN,NaN
NaN,NaN,NaN,NaN,NaN,NaN,NaN,NaN,-0.505,NaN,NaN,NaN,NaN
NaN,NaN,NaN,NaN,NaN,NaN,NaN,NaN,-0.505,NaN,NaN,NaN,NaN
6,4,4,1,4,2,3.51668878350075,1693384947.58598,-0.525,-0.01,-0.3,0,0
NaN,NaN,NaN,NaN,NaN,1,4.14915654079236,NaN,0.525,7.88,-0.3,0,NaN
NaN,NaN,NaN,NaN,NaN,3,10.02045907132,NaN,-0.525,7.84,10.5,0,NaN
NaN,NaN,NaN,NaN,NaN,4,14.5095830401842,NaN,0.525,0,15.1,0,NaN
NaN,NaN,NaN,NaN,NaN,0,0,NaN,0.505,0,0,NaN,NaN
NaN,NaN,NaN,NaN,NaN,0,0,NaN,0.505,0,0,NaN,NaN
NaN,NaN,NaN,NaN,NaN,NaN,NaN,NaN,-0.505,NaN,NaN,NaN,NaN
NaN,NaN,NaN,NaN,NaN,NaN,NaN,NaN,-0.505,NaN,NaN,NaN,NaN
6,4,4,4,4,1,3.34245418816773,1693384947.64274,-0.525,-0.01,-0.3,0,0
NaN,NaN,NaN,NaN,NaN,2,4.90998981669005,NaN,0.525,7.88,-0.3,0,NaN
NaN,NaN,NaN,NaN,NaN,3,9.82988809702328,NaN,-0.525,7.84,10.5,0,NaN
NaN,NaN,NaN,NaN,NaN,4,13.8185636011852,NaN,0.525,0,15.1,0,NaN
NaN,NaN,NaN,NaN,NaN,0,0,NaN,0.505,0,0,NaN,NaN
NaN,NaN,NaN,NaN,NaN,0,0,NaN,0.505,0,0,NaN,NaN
NaN,NaN,NaN,NaN,NaN,NaN,NaN,NaN,-0.505,NaN,NaN,NaN,NaN
NaN,NaN,NaN,NaN,NaN,NaN,NaN,NaN,-0.505,NaN,NaN,NaN,NaN
6,4,4,3,4,2,4.10846686733628,1693384947.64557,-0.525,-0.01,-0.3,0,0
NaN,NaN,NaN,NaN,NaN,1,4.33210110685335,NaN,0.525,7.88,-0.3,0,NaN
NaN,NaN,NaN,NaN,NaN,3,9.31824017720084,NaN,-0.525,7.84,10.5,0,NaN
NaN,NaN,NaN,NaN,NaN,4,13.9487633860497,NaN,0.525,0,15.1,0,NaN
NaN,NaN,NaN,NaN,NaN,0,0,NaN,0.505,0,0,NaN,NaN
NaN,NaN,NaN,NaN,NaN,0,0,NaN,0.505,0,0,NaN,NaN
NaN,NaN,NaN,NaN,NaN,NaN,NaN,NaN,-0.505,NaN,NaN,NaN,NaN
NaN,NaN,NaN,NaN,NaN,NaN,NaN,NaN,-0.505,NaN,NaN,NaN,NaN
6,4,4,2,4,1,3.16775946056515,1693384947.6743,-0.525,-0.01,-0.3,0,0
NaN,NaN,NaN,NaN,NaN,2,4.30162759894438,NaN,0.525,7.88,-0.3,0,NaN
NaN,NaN,NaN,NaN,NaN,3,10.5920489047209,NaN,-0.525,7.84,10.5,0,NaN
NaN,NaN,NaN,NaN,NaN,4,15.1704713176618,NaN,0.525,0,15.1,0,NaN
NaN,NaN,NaN,NaN,NaN,0,0,NaN,0.505,0,0,NaN,NaN
NaN,NaN,NaN,NaN,NaN,0,0,NaN,0.505,0,0,NaN,NaN
NaN,NaN,NaN,NaN,NaN,NaN,NaN,NaN,-0.505,NaN,NaN,NaN,NaN
NaN,NaN,NaN,NaN,NaN,NaN,NaN,NaN,-0.505,NaN,NaN,NaN,NaN
6,4,4,1,4,2,3.39374424493066,1693384947.68259,-0.525,-0.01,-0.3,0,0
NaN,NaN,NaN,NaN,NaN,1,4.17966505835097,NaN,0.525,7.88,-0.3,0,NaN
NaN,NaN,NaN,NaN,NaN,3,10.3714560212152,NaN,-0.525,7.84,10.5,0,NaN
NaN,NaN,NaN,NaN,NaN,4,14.7399016278943,NaN,0.525,0,15.1,0,NaN
NaN,NaN,NaN,NaN,NaN,0,0,NaN,0.505,0,0,NaN,NaN
NaN,NaN,NaN,NaN,NaN,0,0,NaN,0.505,0,0,NaN,NaN
NaN,NaN,NaN,NaN,NaN,NaN,NaN,NaN,-0.505,NaN,NaN,NaN,NaN
NaN,NaN,NaN,NaN,NaN,NaN,NaN,NaN,-0.505,NaN,NaN,NaN,NaN
6,4,4,4,4,1,3.29112442791214,1693384947.7424,-0.525,-0.01,-0.3,0,0
NaN,NaN,NaN,NaN,NaN,2,4.88974436959643,NaN,0.525,7.88,-0.3,0,NaN
NaN,NaN,NaN,NaN,NaN,3,10.1107220315861,NaN,-0.525,7.84,10.5,0,NaN
NaN,NaN,NaN,NaN,NaN,4,14.0789594785978,NaN,0.525,0,15.1,0,NaN
NaN,NaN,NaN,NaN,NaN,0,0,NaN,0.505,0,0,NaN,NaN
NaN,NaN,NaN,NaN,NaN,0,0,NaN,0.505,0,0,NaN,NaN
NaN,NaN,NaN,NaN,NaN,NaN,NaN,NaN,-0.505,NaN,NaN,NaN,NaN
NaN,NaN,NaN,NaN,NaN,NaN,NaN,NaN,-0.505,NaN,NaN,NaN,NaN
6,4,4,3,4,2,3.99649846740869,1693384947.74642,-0.525,-0.01,-0.3,0,0
NaN,NaN,NaN,NaN,NaN,1,4.22033174051519,NaN,0.525,7.88,-0.3,0,NaN
NaN,NaN,NaN,NaN,NaN,3,9.47877629232803,NaN,-0.525,7.84,10.5,0,NaN
NaN,NaN,NaN,NaN,NaN,4,14.4094413493376,NaN,0.525,0,15.1,0,NaN
NaN,NaN,NaN,NaN,NaN,0,0,NaN,0.505,0,0,NaN,NaN
NaN,NaN,NaN,NaN,NaN,0,0,NaN,0.505,0,0,NaN,NaN
NaN,NaN,NaN,NaN,NaN,NaN,NaN,NaN,-0.505,NaN,NaN,NaN,NaN
NaN,NaN,NaN,NaN,NaN,NaN,NaN,NaN,-0.505,NaN,NaN,NaN,NaN
6,4,4,2,4,1,3.25003076908512,1693384947.7745,-0.525,-0.01,-0.3,0,0
NaN,NaN,NaN,NaN,NaN,2,4.23049642477097,NaN,0.525,7.88,-0.3,0,NaN
NaN,NaN,NaN,NaN,NaN,3,10.8827937589573,NaN,-0.525,7.84,10.5,0,NaN
NaN,NaN,NaN,NaN,NaN,4,15.3106498882314,NaN,0.525,0,15.1,0,NaN
NaN,NaN,NaN,NaN,NaN,0,0,NaN,0.505,0,0,NaN,NaN
NaN,NaN,NaN,NaN,NaN,0,0,NaN,0.505,0,0,NaN,NaN
NaN,NaN,NaN,NaN,NaN,NaN,NaN,NaN,-0.505,NaN,NaN,NaN,NaN
NaN,NaN,NaN,NaN,NaN,NaN,NaN,NaN,-0.505,NaN,NaN,NaN,NaN
6,4,4,1,4,2,3.30139364511414,1693384947.78183,-0.525,-0.01,-0.3,0,0
NaN,NaN,NaN,NaN,NaN,1,4.18983293223011,NaN,0.525,7.88,-0.3,0,NaN
NaN,NaN,NaN,NaN,NaN,3,10.3213177453269,NaN,-0.525,7.84,10.5,0,NaN
NaN,NaN,NaN,NaN,NaN,4,15.0002499979167,NaN,0.525,0,15.1,0,NaN
NaN,NaN,NaN,NaN,NaN,0,0,NaN,0.505,0,0,NaN,NaN
NaN,NaN,NaN,NaN,NaN,0,0,NaN,0.505,0,0,NaN,NaN
NaN,NaN,NaN,NaN,NaN,NaN,NaN,NaN,-0.505,NaN,NaN,NaN,NaN
NaN,NaN,NaN,NaN,NaN,NaN,NaN,NaN,-0.505,NaN,NaN,NaN,NaN
6,4,4,4,4,1,3.30139364511414,1693384947.84195,-0.525,-0.01,-0.3,0,0
NaN,NaN,NaN,NaN,NaN,2,4.71757352883874,NaN,0.525,7.88,-0.3,0,NaN
NaN,NaN,NaN,NaN,NaN,3,10.2812061549217,NaN,-0.525,7.84,10.5,0,NaN
NaN,NaN,NaN,NaN,NaN,4,14.4194556069222,NaN,0.525,0,15.1,0,NaN
NaN,NaN,NaN,NaN,NaN,0,0,NaN,0.505,0,0,NaN,NaN
NaN,NaN,NaN,NaN,NaN,0,0,NaN,0.505,0,0,NaN,NaN
NaN,NaN,NaN,NaN,NaN,NaN,NaN,NaN,-0.505,NaN,NaN,NaN,NaN
NaN,NaN,NaN,NaN,NaN,NaN,NaN,NaN,-0.505,NaN,NaN,NaN,NaN
6,4,4,3,4,2,3.82323161736246,1693384947.8458,-0.525,-0.01,-0.3,0,0
NaN,NaN,NaN,NaN,NaN,1,4.24066032593982,NaN,0.525,7.88,-0.3,0,NaN
NaN,NaN,NaN,NaN,NaN,3,9.66938984631398,NaN,-0.525,7.84,10.5,0,NaN
NaN,NaN,NaN,NaN,NaN,4,14.7098606383609,NaN,0.525,0,15.1,0,NaN
NaN,NaN,NaN,NaN,NaN,0,0,NaN,0.505,0,0,NaN,NaN
NaN,NaN,NaN,NaN,NaN,0,0,NaN,0.505,0,0,NaN,NaN
NaN,NaN,NaN,NaN,NaN,NaN,NaN,NaN,-0.505,NaN,NaN,NaN,NaN
NaN,NaN,NaN,NaN,NaN,NaN,NaN,NaN,-0.505,NaN,NaN,NaN,NaN
6,4,4,2,4,1,3.29112442791214,1693384947.87472,-0.525,-0.01,-0.3,0,0
NaN,NaN,NaN,NaN,NaN,2,4.15932686861709,NaN,0.525,7.88,-0.3,0,NaN
NaN,NaN,NaN,NaN,NaN,3,11.0732605857534,NaN,-0.525,7.84,10.5,0,NaN
NaN,NaN,NaN,NaN,NaN,4,15.4708500089685,NaN,0.525,0,15.1,0,NaN
NaN,NaN,NaN,NaN,NaN,0,0,NaN,0.505,0,0,NaN,NaN
NaN,NaN,NaN,NaN,NaN,0,0,NaN,0.505,0,0,NaN,NaN
NaN,NaN,NaN,NaN,NaN,NaN,NaN,NaN,-0.505,NaN,NaN,NaN,NaN
NaN,NaN,NaN,NaN,NaN,NaN,NaN,NaN,-0.505,NaN,NaN,NaN,NaN
6,4,4,1,4,2,3.17804971641414,1693384947.88371,-0.525,-0.01,-0.3,0,0
NaN,NaN,NaN,NaN,NaN,1,4.25082344963891,NaN,0.525,7.88,-0.3,0,NaN
NaN,NaN,NaN,NaN,NaN,3,10.5519429490497,NaN,-0.525,7.84,10.5,0,NaN
NaN,NaN,NaN,NaN,NaN,4,15.2705992023889,NaN,0.525,0,15.1,0,NaN
NaN,NaN,NaN,NaN,NaN,0,0,NaN,0.505,0,0,NaN,NaN
NaN,NaN,NaN,NaN,NaN,0,0,NaN,0.505,0,0,NaN,NaN
NaN,NaN,NaN,NaN,NaN,NaN,NaN,NaN,-0.505,NaN,NaN,NaN,NaN
NaN,NaN,NaN,NaN,NaN,NaN,NaN,NaN,-0.505,NaN,NaN,NaN,NaN
6,4,4,4,4,1,3.26030673403592,1693384947.943,-0.525,-0.01,-0.3,0,0
NaN,NaN,NaN,NaN,NaN,2,4.56552297113923,NaN,0.525,7.88,-0.3,0,NaN
NaN,NaN,NaN,NaN,NaN,3,10.5318896690005,NaN,-0.525,7.84,10.5,0,NaN
NaN,NaN,NaN,NaN,NaN,4,14.7298879832808,NaN,0.525,0,15.1,0,NaN
NaN,NaN,NaN,NaN,NaN,0,0,NaN,0.505,0,0,NaN,NaN
NaN,NaN,NaN,NaN,NaN,0,0,NaN,0.505,0,0,NaN,NaN
NaN,NaN,NaN,NaN,NaN,NaN,NaN,NaN,-0.505,NaN,NaN,NaN,NaN
NaN,NaN,NaN,NaN,NaN,NaN,NaN,NaN,-0.505,NaN,NaN,NaN,NaN
6,4,4,3,4,2,3.71095674995007,1693384947.94601,-0.525,-0.01,-0.3,0,0
NaN,NaN,NaN,NaN,NaN,1,4.2711473868271,NaN,0.525,7.88,-0.3,0,NaN
NaN,NaN,NaN,NaN,NaN,3,9.70951595085976,NaN,-0.525,7.84,10.5,0,NaN
NaN,NaN,NaN,NaN,NaN,4,14.9802236298394,NaN,0.525,0,15.1,0,NaN
NaN,NaN,NaN,NaN,NaN,0,0,NaN,0.505,0,0,NaN,NaN
NaN,NaN,NaN,NaN,NaN,0,0,NaN,0.505,0,0,NaN,NaN
NaN,NaN,NaN,NaN,NaN,NaN,NaN,NaN,-0.505,NaN,NaN,NaN,NaN
NaN,NaN,NaN,NaN,NaN,NaN,NaN,NaN,-0.505,NaN,NaN,NaN,NaN
6,4,4,2,4,1,3.42449996349832,1693384947.97353,-0.525,-0.01,-0.3,0,0
NaN,NaN,NaN,NaN,NaN,2,3.99649846740869,NaN,0.525,7.88,-0.3,0,NaN
NaN,NaN,NaN,NaN,NaN,3,11.3038046692253,NaN,-0.525,7.84,10.5,0,NaN
NaN,NaN,NaN,NaN,NaN,4,15.6811064660629,NaN,0.525,0,15.1,0,NaN
NaN,NaN,NaN,NaN,NaN,0,0,NaN,0.505,0,0,NaN,NaN
NaN,NaN,NaN,NaN,NaN,0,0,NaN,0.505,0,0,NaN,NaN
NaN,NaN,NaN,NaN,NaN,NaN,NaN,NaN,-0.505,NaN,NaN,NaN,NaN
NaN,NaN,NaN,NaN,NaN,NaN,NaN,NaN,-0.505,NaN,NaN,NaN,NaN
6,4,4,1,4,2,3.054439392098,1693384947.98145,-0.525,-0.01,-0.3,0,0
NaN,NaN,NaN,NaN,NaN,1,4.45393084813853,NaN,0.525,7.88,-0.3,0,NaN
NaN,NaN,NaN,NaN,NaN,3,10.8928187352953,NaN,-0.525,7.84,10.5,0,NaN
NaN,NaN,NaN,NaN,NaN,4,15.5609607672534,NaN,0.525,0,15.1,0,NaN
NaN,NaN,NaN,NaN,NaN,0,0,NaN,0.505,0,0,NaN,NaN
NaN,NaN,NaN,NaN,NaN,0,0,NaN,0.505,0,0,NaN,NaN
NaN,NaN,NaN,NaN,NaN,NaN,NaN,NaN,-0.505,NaN,NaN,NaN,NaN
NaN,NaN,NaN,NaN,NaN,NaN,NaN,NaN,-0.505,NaN,NaN,NaN,NaN
6,4,4,4,4,1,3.22947364132299,1693384948.04246,-0.525,-0.01,-0.3,0,0
NaN,NaN,NaN,NaN,NaN,2,4.32194400704128,NaN,0.525,7.88,-0.3,0,NaN
NaN,NaN,NaN,NaN,NaN,3,10.7624904181142,NaN,-0.525,7.84,10.5,0,NaN
NaN,NaN,NaN,NaN,NaN,4,14.8600639298759,NaN,0.525,0,15.1,0,NaN
NaN,NaN,NaN,NaN,NaN,0,0,NaN,0.505,0,0,NaN,NaN
NaN,NaN,NaN,NaN,NaN,0,0,NaN,0.505,0,0,NaN,NaN
NaN,NaN,NaN,NaN,NaN,NaN,NaN,NaN,-0.505,NaN,NaN,NaN,NaN
NaN,NaN,NaN,NaN,NaN,NaN,NaN,NaN,-0.505,NaN,NaN,NaN,NaN
6,4,4,3,4,2,3.55762561268046,1693384948.04668,-0.525,-0.01,-0.3,0,0
NaN,NaN,NaN,NaN,NaN,1,4.38287576825992,NaN,0.525,7.88,-0.3,0,NaN
NaN,NaN,NaN,NaN,NaN,3,9.80982670591076,NaN,-0.525,7.84,10.5,0,NaN
NaN,NaN,NaN,NaN,NaN,4,15.1604584363402,NaN,0.525,0,15.1,0,NaN
NaN,NaN,NaN,NaN,NaN,0,0,NaN,0.505,0,0,NaN,NaN
NaN,NaN,NaN,NaN,NaN,0,0,NaN,0.505,0,0,NaN,NaN
NaN,NaN,NaN,NaN,NaN,NaN,NaN,NaN,-0.505,NaN,NaN,NaN,NaN
NaN,NaN,NaN,NaN,NaN,NaN,NaN,NaN,-0.505,NaN,NaN,NaN,NaN
6,4,4,2,4,1,3.57808608057436,1693384948.07295,-0.525,-0.01,-0.3,0,0
NaN,NaN,NaN,NaN,NaN,2,3.90480473263389,NaN,0.525,7.88,-0.3,0,NaN
NaN,NaN,NaN,NaN,NaN,3,11.5343270284833,NaN,-0.525,7.84,10.5,0,NaN
NaN,NaN,NaN,NaN,NaN,4,15.7912380768577,NaN,0.525,0,15.1,0,NaN
NaN,NaN,NaN,NaN,NaN,0,0,NaN,0.505,0,0,NaN,NaN
NaN,NaN,NaN,NaN,NaN,0,0,NaN,0.505,0,0,NaN,NaN
NaN,NaN,NaN,NaN,NaN,NaN,NaN,NaN,-0.505,NaN,NaN,NaN,NaN
NaN,NaN,NaN,NaN,NaN,NaN,NaN,NaN,-0.505,NaN,NaN,NaN,NaN
6,4,4,1,4,2,2.86844905828917,1693384948.08153,-0.525,-0.01,-0.3,0,0
NaN,NaN,NaN,NaN,NaN,1,4.51480896605825,NaN,0.525,7.88,-0.3,0,NaN
NaN,NaN,NaN,NaN,NaN,3,11.0532122027943,NaN,-0.525,7.84,10.5,0,NaN
NaN,NaN,NaN,NaN,NaN,4,15.9914727276758,NaN,0.525,0,15.1,0,NaN
NaN,NaN,NaN,NaN,NaN,0,0,NaN,0.505,0,0,NaN,NaN
NaN,NaN,NaN,NaN,NaN,0,0,NaN,0.505,0,0,NaN,NaN
NaN,NaN,NaN,NaN,NaN,NaN,NaN,NaN,-0.505,NaN,NaN,NaN,NaN
NaN,NaN,NaN,NaN,NaN,NaN,NaN,NaN,-0.505,NaN,NaN,NaN,NaN
6,4,4,4,4,1,3.3732328707043,1693384948.143,-0.525,-0.01,-0.3,0,0
NaN,NaN,NaN,NaN,NaN,2,4.18983293223011,NaN,0.525,7.88,-0.3,0,NaN
NaN,NaN,NaN,NaN,NaN,3,10.8827937589573,NaN,-0.525,7.84,10.5,0,NaN
NaN,NaN,NaN,NaN,NaN,4,15.1003807899006,NaN,0.525,0,15.1,0,NaN
NaN,NaN,NaN,NaN,NaN,0,0,NaN,0.505,0,0,NaN,NaN
NaN,NaN,NaN,NaN,NaN,0,0,NaN,0.505,0,0,NaN,NaN
NaN,NaN,NaN,NaN,NaN,NaN,NaN,NaN,-0.505,NaN,NaN,NaN,NaN
NaN,NaN,NaN,NaN,NaN,NaN,NaN,NaN,-0.505,NaN,NaN,NaN,NaN
6,4,4,3,4,2,3.3834893231692,1693384948.1458,-0.525,-0.01,-0.3,0,0
NaN,NaN,NaN,NaN,NaN,1,4.29146828020434,NaN,0.525,7.88,-0.3,0,NaN
NaN,NaN,NaN,NaN,NaN,3,10.140808646257,NaN,-0.525,7.84,10.5,0,NaN
NaN,NaN,NaN,NaN,NaN,4,15.5409362652319,NaN,0.525,0,15.1,0,NaN
NaN,NaN,NaN,NaN,NaN,0,0,NaN,0.505,0,0,NaN,NaN
NaN,NaN,NaN,NaN,NaN,0,0,NaN,0.505,0,0,NaN,NaN
NaN,NaN,NaN,NaN,NaN,NaN,NaN,NaN,-0.505,NaN,NaN,NaN,NaN
NaN,NaN,NaN,NaN,NaN,NaN,NaN,NaN,-0.505,NaN,NaN,NaN,NaN
6,4,4,2,4,1,3.71095674995007,1693384948.17332,-0.525,-0.01,-0.3,0,0
NaN,NaN,NaN,NaN,NaN,2,3.69052841744919,NaN,0.525,7.88,-0.3,0,NaN
NaN,NaN,NaN,NaN,NaN,3,11.6445695497944,NaN,-0.525,7.84,10.5,0,NaN
NaN,NaN,NaN,NaN,NaN,4,16.1816902701788,NaN,0.525,0,15.1,0,NaN
NaN,NaN,NaN,NaN,NaN,0,0,NaN,0.505,0,0,NaN,NaN
NaN,NaN,NaN,NaN,NaN,0,0,NaN,0.505,0,0,NaN,NaN
NaN,NaN,NaN,NaN,NaN,NaN,NaN,NaN,-0.505,NaN,NaN,NaN,NaN
NaN,NaN,NaN,NaN,NaN,NaN,NaN,NaN,-0.505,NaN,NaN,NaN,NaN
6,4,4,1,4,2,2.72323337229845,1693384948.18133,-0.525,-0.01,-0.3,0,0
NaN,NaN,NaN,NaN,NaN,1,4.48437286585315,NaN,0.525,7.88,-0.3,0,NaN
NaN,NaN,NaN,NaN,NaN,3,11.223617955009,NaN,-0.525,7.84,10.5,0,NaN
NaN,NaN,NaN,NaN,NaN,4,17.1727458491646,NaN,0.525,0,15.1,0,NaN
NaN,NaN,NaN,NaN,NaN,0,0,NaN,0.505,0,0,NaN,NaN
NaN,NaN,NaN,NaN,NaN,0,0,NaN,0.505,0,0,NaN,NaN
NaN,NaN,NaN,NaN,NaN,NaN,NaN,NaN,-0.505,NaN,NaN,NaN,NaN
NaN,NaN,NaN,NaN,NaN,NaN,NaN,NaN,-0.505,NaN,NaN,NaN,NaN
6,4,4,4,4,1,3.43474889911912,1693384948.24426,-0.525,-0.01,-0.3,0,0
NaN,NaN,NaN,NaN,NaN,2,4.09829232729926,NaN,0.525,7.88,-0.3,0,NaN
NaN,NaN,NaN,NaN,NaN,3,11.1334046903901,NaN,-0.525,7.84,10.5,0,NaN
NaN,NaN,NaN,NaN,NaN,4,15.5909974023473,NaN,0.525,0,15.1,0,NaN
NaN,NaN,NaN,NaN,NaN,0,0,NaN,0.505,0,0,NaN,NaN
NaN,NaN,NaN,NaN,NaN,0,0,NaN,0.505,0,0,NaN,NaN
NaN,NaN,NaN,NaN,NaN,NaN,NaN,NaN,-0.505,NaN,NaN,NaN,NaN
NaN,NaN,NaN,NaN,NaN,NaN,NaN,NaN,-0.505,NaN,NaN,NaN,NaN
6,4,4,3,4,2,3.27058098814263,1693384948.24652,-0.525,-0.01,-0.3,0,0
NaN,NaN,NaN,NaN,NaN,1,4.36256805104516,NaN,0.525,7.88,-0.3,0,NaN
NaN,NaN,NaN,NaN,NaN,3,10.4717286061089,NaN,-0.525,7.84,10.5,0,NaN
NaN,NaN,NaN,NaN,NaN,4,15.3807379536874,NaN,0.525,0,15.1,0,NaN
NaN,NaN,NaN,NaN,NaN,0,0,NaN,0.505,0,0,NaN,NaN
NaN,NaN,NaN,NaN,NaN,0,0,NaN,0.505,0,0,NaN,NaN
NaN,NaN,NaN,NaN,NaN,NaN,NaN,NaN,-0.505,NaN,NaN,NaN,NaN
NaN,NaN,NaN,NaN,NaN,NaN,NaN,NaN,-0.505,NaN,NaN,NaN,NaN
6,4,4,2,4,1,3.98631408697308,1693384948.27338,-0.525,-0.01,-0.3,0,0
NaN,NaN,NaN,NaN,NaN,2,3.65987704711511,NaN,0.525,7.88,-0.3,0,NaN
NaN,NaN,NaN,NaN,NaN,3,11.9051249468454,NaN,-0.525,7.84,10.5,0,NaN
NaN,NaN,NaN,NaN,NaN,4,16.4720126274842,NaN,0.525,0,15.1,0,NaN
NaN,NaN,NaN,NaN,NaN,0,0,NaN,0.505,0,0,NaN,NaN
NaN,NaN,NaN,NaN,NaN,0,0,NaN,0.505,0,0,NaN,NaN
NaN,NaN,NaN,NaN,NaN,NaN,NaN,NaN,-0.505,NaN,NaN,NaN,NaN
NaN,NaN,NaN,NaN,NaN,NaN,NaN,NaN,-0.505,NaN,NaN,NaN,NaN
6,4,4,1,4,2,2.57744059097392,1693384948.28417,-0.525,-0.01,-0.3,0,0
NaN,NaN,NaN,NaN,NaN,1,5.00106988553449,NaN,0.525,7.88,-0.3,0,NaN
NaN,NaN,NaN,NaN,NaN,3,11.4741927820653,NaN,-0.525,7.84,10.5,0,NaN
NaN,NaN,NaN,NaN,NaN,4,16.4720126274842,NaN,0.525,0,15.1,0,NaN
NaN,NaN,NaN,NaN,NaN,0,0,NaN,0.505,0,0,NaN,NaN
NaN,NaN,NaN,NaN,NaN,0,0,NaN,0.505,0,0,NaN,NaN
NaN,NaN,NaN,NaN,NaN,NaN,NaN,NaN,-0.505,NaN,NaN,NaN,NaN
NaN,NaN,NaN,NaN,NaN,NaN,NaN,NaN,-0.505,NaN,NaN,NaN,NaN
6,4,4,4,3,1,3.60876710248805,1693384948.34279,-0.525,-0.01,-0.3,0,0
NaN,NaN,NaN,NaN,NaN,2,3.94556713287203,NaN,0.525,7.88,-0.3,0,NaN
NaN,NaN,NaN,NaN,NaN,3,11.3639429776816,NaN,-0.525,7.84,10.5,0,NaN
NaN,NaN,NaN,NaN,NaN,0,0,NaN,0.525,0,15.1,0,NaN
NaN,NaN,NaN,NaN,NaN,0,0,NaN,0.505,0,0,NaN,NaN
NaN,NaN,NaN,NaN,NaN,0,0,NaN,0.505,0,0,NaN,NaN
NaN,NaN,NaN,NaN,NaN,NaN,NaN,NaN,-0.505,NaN,NaN,NaN,NaN
NaN,NaN,NaN,NaN,NaN,NaN,NaN,NaN,-0.505,NaN,NaN,NaN,NaN
6,4,4,3,4,2,3.0338094864378,1693384948.34503,-0.525,-0.01,-0.3,0,0
NaN,NaN,NaN,NaN,NaN,1,4.46407885235017,NaN,0.525,7.88,-0.3,0,NaN
NaN,NaN,NaN,NaN,NaN,3,10.7424392015966,NaN,-0.525,7.84,10.5,0,NaN
NaN,NaN,NaN,NaN,NaN,4,15.6811064660629,NaN,0.525,0,15.1,0,NaN
NaN,NaN,NaN,NaN,NaN,0,0,NaN,0.505,0,0,NaN,NaN
NaN,NaN,NaN,NaN,NaN,0,0,NaN,0.505,0,0,NaN,NaN
NaN,NaN,NaN,NaN,NaN,NaN,NaN,NaN,-0.505,NaN,NaN,NaN,NaN
NaN,NaN,NaN,NaN,NaN,NaN,NaN,NaN,-0.505,NaN,NaN,NaN,NaN
6,4,4,2,4,1,4.25082344963891,1693384948.37277,-0.525,-0.01,-0.3,0,0
NaN,NaN,NaN,NaN,NaN,2,3.43474889911912,NaN,0.525,7.88,-0.3,0,NaN
NaN,NaN,NaN,NaN,NaN,3,12.0854954387481,NaN,-0.525,7.84,10.5,0,NaN
NaN,NaN,NaN,NaN,NaN,4,16.6021534747755,NaN,0.525,0,15.1,0,NaN
NaN,NaN,NaN,NaN,NaN,0,0,NaN,0.505,0,0,NaN,NaN
NaN,NaN,NaN,NaN,NaN,0,0,NaN,0.505,0,0,NaN,NaN
NaN,NaN,NaN,NaN,NaN,NaN,NaN,NaN,-0.505,NaN,NaN,NaN,NaN
NaN,NaN,NaN,NaN,NaN,NaN,NaN,NaN,-0.505,NaN,NaN,NaN,NaN
6,4,4,1,4,2,2.48336465304635,1693384948.38142,-0.525,-0.01,-0.3,0,0
NaN,NaN,NaN,NaN,NaN,1,5.07188327941407,NaN,0.525,7.88,-0.3,0,NaN
NaN,NaN,NaN,NaN,NaN,3,11.6746348979315,NaN,-0.525,7.84,10.5,0,NaN
NaN,NaN,NaN,NaN,NaN,4,16.8223868698826,NaN,0.525,0,15.1,0,NaN
NaN,NaN,NaN,NaN,NaN,0,0,NaN,0.505,0,0,NaN,NaN
NaN,NaN,NaN,NaN,NaN,0,0,NaN,0.505,0,0,NaN,NaN
NaN,NaN,NaN,NaN,NaN,NaN,NaN,NaN,-0.505,NaN,NaN,NaN,NaN
NaN,NaN,NaN,NaN,NaN,NaN,NaN,NaN,-0.505,NaN,NaN,NaN,NaN
6,4,4,4,4,1,3.83343188279119,1693384948.4357,-0.525,-0.01,-0.3,0,0
NaN,NaN,NaN,NaN,NaN,2,3.78241986035395,NaN,0.525,7.88,-0.3,0,NaN
NaN,NaN,NaN,NaN,NaN,3,11.6145038637042,NaN,-0.525,7.84,10.5,0,NaN
NaN,NaN,NaN,NaN,NaN,4,16.3218473219179,NaN,0.525,0,15.1,0,NaN
NaN,NaN,NaN,NaN,NaN,0,0,NaN,0.505,0,0,NaN,NaN
NaN,NaN,NaN,NaN,NaN,0,0,NaN,0.505,0,0,NaN,NaN
NaN,NaN,NaN,NaN,NaN,NaN,NaN,NaN,-0.505,NaN,NaN,NaN,NaN
NaN,NaN,NaN,NaN,NaN,NaN,NaN,NaN,-0.505,NaN,NaN,NaN,NaN
6,4,4,3,4,2,2.89949995688912,1693384948.44559,-0.525,-0.01,-0.3,0,0
NaN,NaN,NaN,NaN,NaN,1,4.69730773954613,NaN,0.525,7.88,-0.3,0,NaN
NaN,NaN,NaN,NaN,NaN,3,10.922893389574,NaN,-0.525,7.84,10.5,0,NaN
NaN,NaN,NaN,NaN,NaN,4,16.0415304756124,NaN,0.525,0,15.1,0,NaN
NaN,NaN,NaN,NaN,NaN,0,0,NaN,0.505,0,0,NaN,NaN
NaN,NaN,NaN,NaN,NaN,0,0,NaN,0.505,0,0,NaN,NaN
NaN,NaN,NaN,NaN,NaN,NaN,NaN,NaN,-0.505,NaN,NaN,NaN,NaN
NaN,NaN,NaN,NaN,NaN,NaN,NaN,NaN,-0.505,NaN,NaN,NaN,NaN
6,4,5,2,4,1,4.53509647085925,1693384948.47241,-0.525,-0.01,-0.3,0,0
NaN,NaN,NaN,NaN,NaN,2,3.3527153174703,NaN,0.525,7.88,-0.3,0,NaN
NaN,NaN,NaN,NaN,NaN,5,18.5440205996434,NaN,-0.525,7.84,10.5,0,NaN
NaN,NaN,NaN,NaN,NaN,3,12.3560309161154,NaN,0.525,0,15.1,0,NaN
NaN,NaN,NaN,NaN,NaN,0,0,NaN,0.505,22.7,-4,NaN,NaN
NaN,NaN,NaN,NaN,NaN,0,0,NaN,0.505,0,0,NaN,NaN
NaN,NaN,NaN,NaN,NaN,NaN,NaN,NaN,-0.505,NaN,NaN,NaN,NaN
NaN,NaN,NaN,NaN,NaN,NaN,NaN,NaN,-0.505,NaN,NaN,NaN,NaN
6,4,5,1,4,2,2.35743504682526,1693384948.48125,-0.525,-0.01,-0.3,0,0
NaN,NaN,NaN,NaN,NaN,1,5.39533131512792,NaN,0.525,7.88,-0.3,0,NaN
NaN,NaN,NaN,NaN,NaN,5,17.2528258554939,NaN,-0.525,7.84,10.5,0,NaN
NaN,NaN,NaN,NaN,NaN,3,11.7848716581896,NaN,0.525,0,15.1,0,NaN
NaN,NaN,NaN,NaN,NaN,0,0,NaN,0.505,22.7,-4,NaN,NaN
NaN,NaN,NaN,NaN,NaN,0,0,NaN,0.505,0,0,NaN,NaN
NaN,NaN,NaN,NaN,NaN,NaN,NaN,NaN,-0.505,NaN,NaN,NaN,NaN
NaN,NaN,NaN,NaN,NaN,NaN,NaN,NaN,-0.505,NaN,NaN,NaN,NaN
6,4,5,4,4,1,3.99649846740869,1693384948.54355,-0.525,-0.01,-0.3,0,0
NaN,NaN,NaN,NaN,NaN,2,3.67009536660834,NaN,0.525,7.88,-0.3,0,NaN
NaN,NaN,NaN,NaN,NaN,3,11.8550200337241,NaN,-0.525,7.84,10.5,0,NaN
NaN,NaN,NaN,NaN,NaN,4,16.5721211677926,NaN,0.525,0,15.1,0,NaN
NaN,NaN,NaN,NaN,NaN,0,0,NaN,0.505,22.7,-4,NaN,NaN
NaN,NaN,NaN,NaN,NaN,0,0,NaN,0.505,0,0,NaN,NaN
NaN,NaN,NaN,NaN,NaN,NaN,NaN,NaN,-0.505,NaN,NaN,NaN,NaN
NaN,NaN,NaN,NaN,NaN,NaN,NaN,NaN,-0.505,NaN,NaN,NaN,NaN
6,4,5,3,4,2,2.78553406010409,1693384948.54612,-0.525,-0.01,-0.3,0,0
NaN,NaN,NaN,NaN,NaN,1,4.87962088691325,NaN,0.525,7.88,-0.3,0,NaN
NaN,NaN,NaN,NaN,NaN,3,11.153452380317,NaN,-0.525,7.84,10.5,0,NaN
NaN,NaN,NaN,NaN,NaN,4,16.4019358613549,NaN,0.525,0,15.1,0,NaN
NaN,NaN,NaN,NaN,NaN,0,0,NaN,0.505,22.7,-4,NaN,NaN
NaN,NaN,NaN,NaN,NaN,0,0,NaN,0.505,0,0,NaN,NaN
NaN,NaN,NaN,NaN,NaN,NaN,NaN,NaN,-0.505,NaN,NaN,NaN,NaN
NaN,NaN,NaN,NaN,NaN,NaN,NaN,NaN,-0.505,NaN,NaN,NaN,NaN
6,4,5,2,4,2,3.26030673403592,1693384948.57738,-0.525,-0.01,-0.3,0,0
NaN,NaN,NaN,NaN,NaN,1,4.78848619085406,NaN,0.525,7.88,-0.3,0,NaN
NaN,NaN,NaN,NaN,NaN,5,18.1436683170741,NaN,-0.525,7.84,10.5,0,NaN
NaN,NaN,NaN,NaN,NaN,3,12.6365620324517,NaN,0.525,0,15.1,0,NaN
NaN,NaN,NaN,NaN,NaN,0,0,NaN,0.505,22.7,-4,NaN,NaN
NaN,NaN,NaN,NaN,NaN,0,0,NaN,0.505,0,0,NaN,NaN
NaN,NaN,NaN,NaN,NaN,NaN,NaN,NaN,-0.505,NaN,NaN,NaN,NaN
NaN,NaN,NaN,NaN,NaN,NaN,NaN,NaN,-0.505,NaN,NaN,NaN,NaN
6,4,5,1,4,2,2.18849263192728,1693384948.58222,-0.525,-0.01,-0.3,0,0
NaN,NaN,NaN,NaN,NaN,1,5.63765908866437,NaN,0.525,7.88,-0.3,0,NaN
NaN,NaN,NaN,NaN,NaN,5,17.433003183617,NaN,-0.525,7.84,10.5,0,NaN
NaN,NaN,NaN,NaN,NaN,3,11.8550200337241,NaN,0.525,0,15.1,0,NaN
NaN,NaN,NaN,NaN,NaN,0,0,NaN,0.505,22.7,-4,NaN,NaN
NaN,NaN,NaN,NaN,NaN,0,0,NaN,0.505,0,0,NaN,NaN
NaN,NaN,NaN,NaN,NaN,NaN,NaN,NaN,-0.505,NaN,NaN,NaN,NaN
NaN,NaN,NaN,NaN,NaN,NaN,NaN,NaN,-0.505,NaN,NaN,NaN,NaN
6,4,5,4,4,1,4.31178617280588,1693384948.64258,-0.525,-0.01,-0.3,0,0
NaN,NaN,NaN,NaN,NaN,2,3.44499637155106,NaN,0.525,7.88,-0.3,0,NaN
NaN,NaN,NaN,NaN,NaN,3,11.9852909852035,NaN,-0.525,7.84,10.5,0,NaN
NaN,NaN,NaN,NaN,NaN,4,17.2227959402647,NaN,0.525,0,15.1,0,NaN
NaN,NaN,NaN,NaN,NaN,0,0,NaN,0.505,22.7,-4,NaN,NaN
NaN,NaN,NaN,NaN,NaN,0,0,NaN,0.505,0,0,NaN,NaN
NaN,NaN,NaN,NaN,NaN,NaN,NaN,NaN,-0.505,NaN,NaN,NaN,NaN
NaN,NaN,NaN,NaN,NaN,NaN,NaN,NaN,-0.505,NaN,NaN,NaN,NaN
6,4,5,3,4,2,2.62958171578675,1693384948.64522,-0.525,-0.01,-0.3,0,0
NaN,NaN,NaN,NaN,NaN,1,5.06176846566494,NaN,0.525,7.88,-0.3,0,NaN
NaN,NaN,NaN,NaN,NaN,3,11.3739658870598,NaN,-0.525,7.84,10.5,0,NaN
NaN,NaN,NaN,NaN,NaN,4,16.7823448897942,NaN,0.525,0,15.1,0,NaN
NaN,NaN,NaN,NaN,NaN,0,0,NaN,0.505,22.7,-4,NaN,NaN
NaN,NaN,NaN,NaN,NaN,0,0,NaN,0.505,0,0,NaN,NaN
NaN,NaN,NaN,NaN,NaN,NaN,NaN,NaN,-0.505,NaN,NaN,NaN,NaN
NaN,NaN,NaN,NaN,NaN,NaN,NaN,NaN,-0.505,NaN,NaN,NaN,NaN
6,4,5,2,4,2,3.10597810681273,1693384948.67469,-0.525,-0.01,-0.3,0,0
NaN,NaN,NaN,NaN,NaN,1,5.1224505854132,NaN,0.525,7.88,-0.3,0,NaN
NaN,NaN,NaN,NaN,NaN,5,17.5931577609024,NaN,-0.525,7.84,10.5,0,NaN
NaN,NaN,NaN,NaN,NaN,3,12.7066911507284,NaN,0.525,0,15.1,0,NaN
NaN,NaN,NaN,NaN,NaN,0,0,NaN,0.505,22.7,-4,NaN,NaN
NaN,NaN,NaN,NaN,NaN,0,0,NaN,0.505,0,0,NaN,NaN
NaN,NaN,NaN,NaN,NaN,NaN,NaN,NaN,-0.505,NaN,NaN,NaN,NaN
NaN,NaN,NaN,NaN,NaN,NaN,NaN,NaN,-0.505,NaN,NaN,NaN,NaN
6,4,5,1,4,2,2.07152118019585,1693384948.68215,-0.525,-0.01,-0.3,0,0
NaN,NaN,NaN,NaN,NaN,1,5.74866071359234,NaN,0.525,7.88,-0.3,0,NaN
NaN,NaN,NaN,NaN,NaN,5,17.1026752293318,NaN,-0.525,7.84,10.5,0,NaN
NaN,NaN,NaN,NaN,NaN,3,12.0353936371022,NaN,0.525,0,15.1,0,NaN
NaN,NaN,NaN,NaN,NaN,0,0,NaN,0.505,22.7,-4,NaN,NaN
NaN,NaN,NaN,NaN,NaN,0,0,NaN,0.505,0,0,NaN,NaN
NaN,NaN,NaN,NaN,NaN,NaN,NaN,NaN,-0.505,NaN,NaN,NaN,NaN
NaN,NaN,NaN,NaN,NaN,NaN,NaN,NaN,-0.505,NaN,NaN,NaN,NaN
6,4,5,4,4,1,4.61622139850332,1693384948.74483,-0.525,-0.01,-0.3,0,0
NaN,NaN,NaN,NaN,NaN,2,3.3732328707043,NaN,0.525,7.88,-0.3,0,NaN
NaN,NaN,NaN,NaN,NaN,5,18.2938022291704,NaN,-0.525,7.84,10.5,0,NaN
NaN,NaN,NaN,NaN,NaN,3,12.3560309161154,NaN,0.525,0,15.1,0,NaN
NaN,NaN,NaN,NaN,NaN,0,0,NaN,0.505,22.7,-4,NaN,NaN
NaN,NaN,NaN,NaN,NaN,0,0,NaN,0.505,0,0,NaN,NaN
NaN,NaN,NaN,NaN,NaN,NaN,NaN,NaN,-0.505,NaN,NaN,NaN,NaN
NaN,NaN,NaN,NaN,NaN,NaN,NaN,NaN,-0.505,NaN,NaN,NaN,NaN
6,4,5,3,4,2,2.45193800900431,1693384948.74582,-0.525,-0.01,-0.3,0,0
NaN,NaN,NaN,NaN,NaN,1,5.34481992213021,NaN,0.525,7.88,-0.3,0,NaN
NaN,NaN,NaN,NaN,NaN,3,11.6145038637042,NaN,-0.525,7.84,10.5,0,NaN
NaN,NaN,NaN,NaN,NaN,4,16.5721211677926,NaN,0.525,0,15.1,0,NaN
NaN,NaN,NaN,NaN,NaN,0,0,NaN,0.505,22.7,-4,NaN,NaN
NaN,NaN,NaN,NaN,NaN,0,0,NaN,0.505,0,0,NaN,NaN
NaN,NaN,NaN,NaN,NaN,NaN,NaN,NaN,-0.505,NaN,NaN,NaN,NaN
NaN,NaN,NaN,NaN,NaN,NaN,NaN,NaN,-0.505,NaN,NaN,NaN,NaN
6,4,5,2,4,2,3.04412549018597,1693384948.77402,-0.525,-0.01,-0.3,0,0
NaN,NaN,NaN,NaN,NaN,1,5.51652064257898,NaN,0.525,7.88,-0.3,0,NaN
NaN,NaN,NaN,NaN,NaN,5,17.6832434807645,NaN,-0.525,7.84,10.5,0,NaN
NaN,NaN,NaN,NaN,NaN,3,12.9371055495424,NaN,0.525,0,15.1,0,NaN
NaN,NaN,NaN,NaN,NaN,0,0,NaN,0.505,22.7,-4,NaN,NaN
NaN,NaN,NaN,NaN,NaN,0,0,NaN,0.505,0,0,NaN,NaN
NaN,NaN,NaN,NaN,NaN,NaN,NaN,NaN,-0.505,NaN,NaN,NaN,NaN
NaN,NaN,NaN,NaN,NaN,NaN,NaN,NaN,-0.505,NaN,NaN,NaN,NaN
6,4,5,1,4,2,1.94298739059213,1693384948.78324,-0.525,-0.01,-0.3,0,0
NaN,NaN,NaN,NaN,NaN,1,6.02096337806501,NaN,0.525,7.88,-0.3,0,NaN
NaN,NaN,NaN,NaN,NaN,5,16.902470233667,NaN,-0.525,7.84,10.5,0,NaN
NaN,NaN,NaN,NaN,NaN,3,12.2458156118733,NaN,0.525,0,15.1,0,NaN
NaN,NaN,NaN,NaN,NaN,0,0,NaN,0.505,22.7,-4,NaN,NaN
NaN,NaN,NaN,NaN,NaN,0,0,NaN,0.505,0,0,NaN,NaN
NaN,NaN,NaN,NaN,NaN,NaN,NaN,NaN,-0.505,NaN,NaN,NaN,NaN
NaN,NaN,NaN,NaN,NaN,NaN,NaN,NaN,-0.505,NaN,NaN,NaN,NaN
6,4,5,4,4,2,3.19862470446284,1693384948.84414,-0.525,-0.01,-0.3,0,0
NaN,NaN,NaN,NaN,NaN,1,4.90998981669005,NaN,0.525,7.88,-0.3,0,NaN
NaN,NaN,NaN,NaN,NaN,5,18.0035413183074,NaN,-0.525,7.84,10.5,0,NaN
NaN,NaN,NaN,NaN,NaN,3,12.5564127042719,NaN,0.525,0,15.1,0,NaN
NaN,NaN,NaN,NaN,NaN,0,0,NaN,0.505,22.7,-4,NaN,NaN
NaN,NaN,NaN,NaN,NaN,0,0,NaN,0.505,0,0,NaN,NaN
NaN,NaN,NaN,NaN,NaN,NaN,NaN,NaN,-0.505,NaN,NaN,NaN,NaN
NaN,NaN,NaN,NaN,NaN,NaN,NaN,NaN,-0.505,NaN,NaN,NaN,NaN
6,4,5,3,4,2,2.36795270223035,1693384948.84568,-0.525,-0.01,-0.3,0,0
NaN,NaN,NaN,NaN,NaN,1,5.57709601853868,NaN,0.525,7.88,-0.3,0,NaN
NaN,NaN,NaN,NaN,NaN,3,11.7548075271354,NaN,-0.525,7.84,10.5,0,NaN
NaN,NaN,NaN,NaN,NaN,4,16.9224909513937,NaN,0.525,0,15.1,0,NaN
NaN,NaN,NaN,NaN,NaN,0,0,NaN,0.505,22.7,-4,NaN,NaN
NaN,NaN,NaN,NaN,NaN,0,0,NaN,0.505,0,0,NaN,NaN
NaN,NaN,NaN,NaN,NaN,NaN,NaN,NaN,-0.505,NaN,NaN,NaN,NaN
NaN,NaN,NaN,NaN,NaN,NaN,NaN,NaN,-0.505,NaN,NaN,NaN,NaN
6,4,5,2,4,2,3.00284864753454,1693384948.87371,-0.525,-0.01,-0.3,0,0
NaN,NaN,NaN,NaN,NaN,1,5.89996610159753,NaN,0.525,7.88,-0.3,0,NaN
NaN,NaN,NaN,NaN,NaN,5,17.3629346597861,NaN,-0.525,7.84,10.5,0,NaN
NaN,NaN,NaN,NaN,NaN,3,13.1174197157825,NaN,0.525,0,15.1,0,NaN
NaN,NaN,NaN,NaN,NaN,0,0,NaN,0.505,22.7,-4,NaN,NaN
NaN,NaN,NaN,NaN,NaN,0,0,NaN,0.505,0,0,NaN,NaN
NaN,NaN,NaN,NaN,NaN,NaN,NaN,NaN,-0.505,NaN,NaN,NaN,NaN
NaN,NaN,NaN,NaN,NaN,NaN,NaN,NaN,-0.505,NaN,NaN,NaN,NaN
6,4,5,1,4,2,1.93222669477471,1693384948.88341,-0.525,-0.01,-0.3,0,0
NaN,NaN,NaN,NaN,NaN,1,6.41394574345621,NaN,0.525,7.88,-0.3,0,NaN
NaN,NaN,NaN,NaN,NaN,5,16.5721211677926,NaN,-0.525,7.84,10.5,0,NaN
NaN,NaN,NaN,NaN,NaN,3,12.4061275182871,NaN,0.525,0,15.1,0,NaN
NaN,NaN,NaN,NaN,NaN,0,0,NaN,0.505,22.7,-4,NaN,NaN
NaN,NaN,NaN,NaN,NaN,0,0,NaN,0.505,0,0,NaN,NaN
NaN,NaN,NaN,NaN,NaN,NaN,NaN,NaN,-0.505,NaN,NaN,NaN,NaN
NaN,NaN,NaN,NaN,NaN,NaN,NaN,NaN,-0.505,NaN,NaN,NaN,NaN
6,4,5,4,4,2,3.16775946056515,1693384948.94428,-0.525,-0.01,-0.3,0,0
NaN,NaN,NaN,NaN,NaN,1,5.2639813829458,NaN,0.525,7.88,-0.3,0,NaN
NaN,NaN,NaN,NaN,NaN,5,17.6932529513371,NaN,-0.525,7.84,10.5,0,NaN
NaN,NaN,NaN,NaN,NaN,3,12.776818852907,NaN,0.525,0,15.1,0,NaN
NaN,NaN,NaN,NaN,NaN,0,0,NaN,0.505,22.7,-4,NaN,NaN
NaN,NaN,NaN,NaN,NaN,0,0,NaN,0.505,0,0,NaN,NaN
NaN,NaN,NaN,NaN,NaN,NaN,NaN,NaN,-0.505,NaN,NaN,NaN,NaN
NaN,NaN,NaN,NaN,NaN,NaN,NaN,NaN,-0.505,NaN,NaN,NaN,NaN
6,4,5,3,4,2,2.14604287002846,1693384948.94573,-0.525,-0.01,-0.3,0,0
NaN,NaN,NaN,NaN,NaN,1,5.83945202908629,NaN,0.525,7.88,-0.3,0,NaN
NaN,NaN,NaN,NaN,NaN,5,17.1727458491646,NaN,-0.525,7.84,10.5,0,NaN
NaN,NaN,NaN,NaN,NaN,3,11.9051249468454,NaN,0.525,0,15.1,0,NaN
NaN,NaN,NaN,NaN,NaN,0,0,NaN,0.505,22.7,-4,NaN,NaN
NaN,NaN,NaN,NaN,NaN,0,0,NaN,0.505,0,0,NaN,NaN
NaN,NaN,NaN,NaN,NaN,NaN,NaN,NaN,-0.505,NaN,NaN,NaN,NaN
NaN,NaN,NaN,NaN,NaN,NaN,NaN,NaN,-0.505,NaN,NaN,NaN,NaN
6,4,5,2,4,2,2.96153676323628,1693384948.97397,-0.525,-0.01,-0.3,0,0
NaN,NaN,NaN,NaN,NaN,1,6.25276738732539,NaN,0.525,7.88,-0.3,0,NaN
NaN,NaN,NaN,NaN,NaN,5,16.7823448897942,NaN,-0.525,7.84,10.5,0,NaN
NaN,NaN,NaN,NaN,NaN,3,13.2576581642461,NaN,0.525,0,15.1,0,NaN
NaN,NaN,NaN,NaN,NaN,0,0,NaN,0.505,22.7,-4,NaN,NaN
NaN,NaN,NaN,NaN,NaN,0,0,NaN,0.505,0,0,NaN,NaN
NaN,NaN,NaN,NaN,NaN,NaN,NaN,NaN,-0.505,NaN,NaN,NaN,NaN
NaN,NaN,NaN,NaN,NaN,NaN,NaN,NaN,-0.505,NaN,NaN,NaN,NaN
6,4,5,1,4,2,1.96448466524939,1693384948.98308,-0.525,-0.01,-0.3,0,0
NaN,NaN,NaN,NaN,NaN,1,6.70593766747052,NaN,0.525,7.88,-0.3,0,NaN
NaN,NaN,NaN,NaN,NaN,5,16.1116107202229,NaN,-0.525,7.84,10.5,0,NaN
NaN,NaN,NaN,NaN,NaN,3,12.5063184031113,NaN,0.525,0,15.1,0,NaN
NaN,NaN,NaN,NaN,NaN,0,0,NaN,0.505,22.7,-4,NaN,NaN
NaN,NaN,NaN,NaN,NaN,0,0,NaN,0.505,0,0,NaN,NaN
NaN,NaN,NaN,NaN,NaN,NaN,NaN,NaN,-0.505,NaN,NaN,NaN,NaN
NaN,NaN,NaN,NaN,NaN,NaN,NaN,NaN,-0.505,NaN,NaN,NaN,NaN
6,4,5,4,4,2,2.98219717657971,1693384949.04412,-0.525,-0.01,-0.3,0,0
NaN,NaN,NaN,NaN,NaN,1,5.57709601853868,NaN,0.525,7.88,-0.3,0,NaN
NaN,NaN,NaN,NaN,NaN,5,17.3429149798989,NaN,-0.525,7.84,10.5,0,NaN
NaN,NaN,NaN,NaN,NaN,3,12.8569630939814,NaN,0.525,0,15.1,0,NaN
NaN,NaN,NaN,NaN,NaN,0,0,NaN,0.505,22.7,-4,NaN,NaN
NaN,NaN,NaN,NaN,NaN,0,0,NaN,0.505,0,0,NaN,NaN
NaN,NaN,NaN,NaN,NaN,NaN,NaN,NaN,-0.505,NaN,NaN,NaN,NaN
NaN,NaN,NaN,NaN,NaN,NaN,NaN,NaN,-0.505,NaN,NaN,NaN,NaN
6,4,5,3,4,2,2.07152118019585,1693384949.04677,-0.525,-0.01,-0.3,0,0
NaN,NaN,NaN,NaN,NaN,1,6.09152690218142,NaN,0.525,7.88,-0.3,0,NaN
NaN,NaN,NaN,NaN,NaN,5,17.0626346148536,NaN,-0.525,7.84,10.5,0,NaN
NaN,NaN,NaN,NaN,NaN,3,12.0554344591972,NaN,0.525,0,15.1,0,NaN
NaN,NaN,NaN,NaN,NaN,0,0,NaN,0.505,22.7,-4,NaN,NaN
NaN,NaN,NaN,NaN,NaN,0,0,NaN,0.505,0,0,NaN,NaN
NaN,NaN,NaN,NaN,NaN,NaN,NaN,NaN,-0.505,NaN,NaN,NaN,NaN
NaN,NaN,NaN,NaN,NaN,NaN,NaN,NaN,-0.505,NaN,NaN,NaN,NaN
6,4,5,2,4,2,2.95120314448192,1693384949.07226,-0.525,-0.01,-0.3,0,0
NaN,NaN,NaN,NaN,NaN,1,6.59520280203725,NaN,0.525,7.88,-0.3,0,NaN
NaN,NaN,NaN,NaN,NaN,5,16.4920344409051,NaN,-0.525,7.84,10.5,0,NaN
NaN,NaN,NaN,NaN,NaN,3,13.4980554155034,NaN,0.525,0,15.1,0,NaN
NaN,NaN,NaN,NaN,NaN,0,0,NaN,0.505,22.7,-4,NaN,NaN
NaN,NaN,NaN,NaN,NaN,0,0,NaN,0.505,0,0,NaN,NaN
NaN,NaN,NaN,NaN,NaN,NaN,NaN,NaN,-0.505,NaN,NaN,NaN,NaN
NaN,NaN,NaN,NaN,NaN,NaN,NaN,NaN,-0.505,NaN,NaN,NaN,NaN
6,4,5,1,4,2,1.94298739059213,1693384949.08023,-0.525,-0.01,-0.3,0,0
NaN,NaN,NaN,NaN,NaN,1,7.08830021937559,NaN,0.525,7.88,-0.3,0,NaN
NaN,NaN,NaN,NaN,NaN,5,15.4408128024402,NaN,-0.525,7.84,10.5,0,NaN
NaN,NaN,NaN,NaN,NaN,3,12.9871936922493,NaN,0.525,0,15.1,0,NaN
NaN,NaN,NaN,NaN,NaN,0,0,NaN,0.505,22.7,-4,NaN,NaN
NaN,NaN,NaN,NaN,NaN,0,0,NaN,0.505,0,0,NaN,NaN
NaN,NaN,NaN,NaN,NaN,NaN,NaN,NaN,-0.505,NaN,NaN,NaN,NaN
NaN,NaN,NaN,NaN,NaN,NaN,NaN,NaN,-0.505,NaN,NaN,NaN,NaN
6,4,5,4,4,2,2.97186809936107,1693384949.14123,-0.525,-0.01,-0.3,0,0
NaN,NaN,NaN,NaN,NaN,1,5.94030302257385,NaN,0.525,7.88,-0.3,0,NaN
NaN,NaN,NaN,NaN,NaN,5,17.0526244314475,NaN,-0.525,7.84,10.5,0,NaN
NaN,NaN,NaN,NaN,NaN,3,13.0673333163274,NaN,0.525,0,15.1,0,NaN
NaN,NaN,NaN,NaN,NaN,0,0,NaN,0.505,22.7,-4,NaN,NaN
NaN,NaN,NaN,NaN,NaN,0,0,NaN,0.505,0,0,NaN,NaN
NaN,NaN,NaN,NaN,NaN,NaN,NaN,NaN,-0.505,NaN,NaN,NaN,NaN
NaN,NaN,NaN,NaN,NaN,NaN,NaN,NaN,-0.505,NaN,NaN,NaN,NaN
6,4,5,3,4,2,2.00738636041994,1693384949.14613,-0.525,-0.01,-0.3,0,0
NaN,NaN,NaN,NaN,NaN,1,6.3938016860081,NaN,0.525,7.88,-0.3,0,NaN
NaN,NaN,NaN,NaN,NaN,5,16.842407785112,NaN,-0.525,7.84,10.5,0,NaN
NaN,NaN,NaN,NaN,NaN,3,12.3259725782593,NaN,0.525,0,15.1,0,NaN
NaN,NaN,NaN,NaN,NaN,0,0,NaN,0.505,22.7,-4,NaN,NaN
NaN,NaN,NaN,NaN,NaN,0,0,NaN,0.505,0,0,NaN,NaN
NaN,NaN,NaN,NaN,NaN,NaN,NaN,NaN,-0.505,NaN,NaN,NaN,NaN
NaN,NaN,NaN,NaN,NaN,NaN,NaN,NaN,-0.505,NaN,NaN,NaN,NaN
6,4,5,2,4,2,2.95120314448192,1693384949.17465,-0.525,-0.01,-0.3,0,0
NaN,NaN,NaN,NaN,NaN,1,6.95752111028059,NaN,0.525,7.88,-0.3,0,NaN
NaN,NaN,NaN,NaN,NaN,5,16.0715649518023,NaN,-0.525,7.84,10.5,0,NaN
NaN,NaN,NaN,NaN,NaN,3,13.5882007638981,NaN,0.525,0,15.1,0,NaN
NaN,NaN,NaN,NaN,NaN,0,0,NaN,0.505,22.7,-4,NaN,NaN
NaN,NaN,NaN,NaN,NaN,0,0,NaN,0.505,0,0,NaN,NaN
NaN,NaN,NaN,NaN,NaN,NaN,NaN,NaN,-0.505,NaN,NaN,NaN,NaN
NaN,NaN,NaN,NaN,NaN,NaN,NaN,NaN,-0.505,NaN,NaN,NaN,NaN
6,4,5,1,4,2,1.99667223148918,1693384949.18525,-0.525,-0.01,-0.3,0,0
NaN,NaN,NaN,NaN,NaN,1,7.31961064538272,NaN,0.525,7.88,-0.3,0,NaN
NaN,NaN,NaN,NaN,NaN,5,15.5409362652319,NaN,-0.525,7.84,10.5,0,NaN
NaN,NaN,NaN,NaN,NaN,3,12.9170701012265,NaN,0.525,0,15.1,0,NaN
NaN,NaN,NaN,NaN,NaN,0,0,NaN,0.505,22.7,-4,NaN,NaN
NaN,NaN,NaN,NaN,NaN,0,0,NaN,0.505,0,0,NaN,NaN
NaN,NaN,NaN,NaN,NaN,NaN,NaN,NaN,-0.505,NaN,NaN,NaN,NaN
NaN,NaN,NaN,NaN,NaN,NaN,NaN,NaN,-0.505,NaN,NaN,NaN,NaN
6,4,5,4,4,2,2.98219717657971,1693384949.24192,-0.525,-0.01,-0.3,0,0
NaN,NaN,NaN,NaN,NaN,1,6.31321629599367,NaN,0.525,7.88,-0.3,0,NaN
NaN,NaN,NaN,NaN,NaN,5,16.6522070609274,NaN,-0.525,7.84,10.5,0,NaN
NaN,NaN,NaN,NaN,NaN,3,13.2776918174809,NaN,0.525,0,15.1,0,NaN
NaN,NaN,NaN,NaN,NaN,0,0,NaN,0.505,22.7,-4,NaN,NaN
NaN,NaN,NaN,NaN,NaN,0,0,NaN,0.505,0,0,NaN,NaN
NaN,NaN,NaN,NaN,NaN,NaN,NaN,NaN,-0.505,NaN,NaN,NaN,NaN
NaN,NaN,NaN,NaN,NaN,NaN,NaN,NaN,-0.505,NaN,NaN,NaN,NaN
6,4,5,3,4,2,1.96448466524939,1693384949.24623,-0.525,-0.01,-0.3,0,0
NaN,NaN,NaN,NaN,NaN,1,6.71600327575858,NaN,0.525,7.88,-0.3,0,NaN
NaN,NaN,NaN,NaN,NaN,5,16.5420887435656,NaN,-0.525,7.84,10.5,0,NaN
NaN,NaN,NaN,NaN,NaN,3,12.4962994522379,NaN,0.525,0,15.1,0,NaN
NaN,NaN,NaN,NaN,NaN,0,0,NaN,0.505,22.7,-4,NaN,NaN
NaN,NaN,NaN,NaN,NaN,0,0,NaN,0.505,0,0,NaN,NaN
NaN,NaN,NaN,NaN,NaN,NaN,NaN,NaN,-0.505,NaN,NaN,NaN,NaN
NaN,NaN,NaN,NaN,NaN,NaN,NaN,NaN,-0.505,NaN,NaN,NaN,NaN
6,4,5,2,4,2,3.01317108707753,1693384949.27266,-0.525,-0.01,-0.3,0,0
NaN,NaN,NaN,NaN,NaN,1,7.31961064538272,NaN,0.525,7.88,-0.3,0,NaN
NaN,NaN,NaN,NaN,NaN,5,15.7311665174583,NaN,-0.525,7.84,10.5,0,NaN
NaN,NaN,NaN,NaN,NaN,3,13.7384387759308,NaN,0.525,0,15.1,0,NaN
NaN,NaN,NaN,NaN,NaN,0,0,NaN,0.505,22.7,-4,NaN,NaN
NaN,NaN,NaN,NaN,NaN,0,0,NaN,0.505,0,0,NaN,NaN
NaN,NaN,NaN,NaN,NaN,NaN,NaN,NaN,-0.505,NaN,NaN,NaN,NaN
NaN,NaN,NaN,NaN,NaN,NaN,NaN,NaN,-0.505,NaN,NaN,NaN,NaN
6,4,5,1,4,2,2.0821863509302,1693384949.28438,-0.525,-0.01,-0.3,0,0
NaN,NaN,NaN,NaN,NaN,1,7.61114971604159,NaN,0.525,7.88,-0.3,0,NaN
NaN,NaN,NaN,NaN,NaN,5,15.430800368095,NaN,-0.525,7.84,10.5,0,NaN
NaN,NaN,NaN,NaN,NaN,3,13.0773506491185,NaN,0.525,0,15.1,0,NaN
NaN,NaN,NaN,NaN,NaN,0,0,NaN,0.505,22.7,-4,NaN,NaN
NaN,NaN,NaN,NaN,NaN,0,0,NaN,0.505,0,0,NaN,NaN
NaN,NaN,NaN,NaN,NaN,NaN,NaN,NaN,-0.505,NaN,NaN,NaN,NaN
NaN,NaN,NaN,NaN,NaN,NaN,NaN,NaN,-0.505,NaN,NaN,NaN,NaN
6,4,5,4,4,2,2.98219717657971,1693384949.34196,-0.525,-0.01,-0.3,0,0
NaN,NaN,NaN,NaN,NaN,1,6.63547285428853,NaN,0.525,7.88,-0.3,0,NaN
NaN,NaN,NaN,NaN,NaN,5,16.3919248412137,NaN,-0.525,7.84,10.5,0,NaN
NaN,NaN,NaN,NaN,NaN,3,13.5180878825372,NaN,0.525,0,15.1,0,NaN
NaN,NaN,NaN,NaN,NaN,0,0,NaN,0.505,22.7,-4,NaN,NaN
NaN,NaN,NaN,NaN,NaN,0,0,NaN,0.505,0,0,NaN,NaN
NaN,NaN,NaN,NaN,NaN,NaN,NaN,NaN,-0.505,NaN,NaN,NaN,NaN
NaN,NaN,NaN,NaN,NaN,NaN,NaN,NaN,-0.505,NaN,NaN,NaN,NaN
6,4,5,3,4,2,1.96448466524939,1693384949.34569,-0.525,-0.01,-0.3,0,0
NaN,NaN,NaN,NaN,NaN,1,6.97764286847643,NaN,0.525,7.88,-0.3,0,NaN
NaN,NaN,NaN,NaN,NaN,5,16.0915878644713,NaN,-0.525,7.84,10.5,0,NaN
NaN,NaN,NaN,NaN,NaN,3,12.6465805655126,NaN,0.525,0,15.1,0,NaN
NaN,NaN,NaN,NaN,NaN,0,0,NaN,0.505,22.7,-4,NaN,NaN
NaN,NaN,NaN,NaN,NaN,0,0,NaN,0.505,0,0,NaN,NaN
NaN,NaN,NaN,NaN,NaN,NaN,NaN,NaN,-0.505,NaN,NaN,NaN,NaN
NaN,NaN,NaN,NaN,NaN,NaN,NaN,NaN,-0.505,NaN,NaN,NaN,NaN
6,4,5,2,4,2,3.0338094864378,1693384949.37293,-0.525,-0.01,-0.3,0,0
NaN,NaN,NaN,NaN,NaN,1,7.68150375903052,NaN,0.525,7.88,-0.3,0,NaN
NaN,NaN,NaN,NaN,NaN,5,15.45082522068,NaN,-0.525,7.84,10.5,0,NaN
NaN,NaN,NaN,NaN,NaN,3,14.008854342879,NaN,0.525,0,15.1,0,NaN
NaN,NaN,NaN,NaN,NaN,0,0,NaN,0.505,22.7,-4,NaN,NaN
NaN,NaN,NaN,NaN,NaN,0,0,NaN,0.505,0,0,NaN,NaN
NaN,NaN,NaN,NaN,NaN,NaN,NaN,NaN,-0.505,NaN,NaN,NaN,NaN
NaN,NaN,NaN,NaN,NaN,NaN,NaN,NaN,-0.505,NaN,NaN,NaN,NaN
6,4,5,1,4,2,2.11414285231628,1693384949.38448,-0.525,-0.01,-0.3,0,0
NaN,NaN,NaN,NaN,NaN,1,7.95281082385341,NaN,0.525,7.88,-0.3,0,NaN
NaN,NaN,NaN,NaN,NaN,5,15.0803547703627,NaN,-0.525,7.84,10.5,0,NaN
NaN,NaN,NaN,NaN,NaN,3,13.0673333163274,NaN,0.525,0,15.1,0,NaN
NaN,NaN,NaN,NaN,NaN,0,0,NaN,0.505,22.7,-4,NaN,NaN
NaN,NaN,NaN,NaN,NaN,0,0,NaN,0.505,0,0,NaN,NaN
NaN,NaN,NaN,NaN,NaN,NaN,NaN,NaN,-0.505,NaN,NaN,NaN,NaN
NaN,NaN,NaN,NaN,NaN,NaN,NaN,NaN,-0.505,NaN,NaN,NaN,NaN
6,4,5,4,4,2,3.00284864753454,1693384949.44485,-0.525,-0.01,-0.3,0,0
NaN,NaN,NaN,NaN,NaN,1,7.00782419870818,NaN,0.525,7.88,-0.3,0,NaN
NaN,NaN,NaN,NaN,NaN,5,16.0515419820029,NaN,-0.525,7.84,10.5,0,NaN
NaN,NaN,NaN,NaN,NaN,3,13.6683283542648,NaN,0.525,0,15.1,0,NaN
NaN,NaN,NaN,NaN,NaN,0,0,NaN,0.505,22.7,-4,NaN,NaN
NaN,NaN,NaN,NaN,NaN,0,0,NaN,0.505,0,0,NaN,NaN
NaN,NaN,NaN,NaN,NaN,NaN,NaN,NaN,-0.505,NaN,NaN,NaN,NaN
NaN,NaN,NaN,NaN,NaN,NaN,NaN,NaN,-0.505,NaN,NaN,NaN,NaN
6,4,5,3,4,2,1.99667223148918,1693384949.44666,-0.525,-0.01,-0.3,0,0
NaN,NaN,NaN,NaN,NaN,1,7.24922064776621,NaN,0.525,7.88,-0.3,0,NaN
NaN,NaN,NaN,NaN,NaN,5,15.9814611347023,NaN,-0.525,7.84,10.5,0,NaN
NaN,NaN,NaN,NaN,NaN,3,12.776818852907,NaN,0.525,0,15.1,0,NaN
NaN,NaN,NaN,NaN,NaN,0,0,NaN,0.505,22.7,-4,NaN,NaN
NaN,NaN,NaN,NaN,NaN,0,0,NaN,0.505,0,0,NaN,NaN
NaN,NaN,NaN,NaN,NaN,NaN,NaN,NaN,-0.505,NaN,NaN,NaN,NaN
NaN,NaN,NaN,NaN,NaN,NaN,NaN,NaN,-0.505,NaN,NaN,NaN,NaN
6,4,5,2,4,2,3.12657960077782,1693384949.47565,-0.525,-0.01,-0.3,0,0
NaN,NaN,NaN,NaN,NaN,1,8.03318118804749,NaN,0.525,7.88,-0.3,0,NaN
NaN,NaN,NaN,NaN,NaN,5,15.0503156113086,NaN,-0.525,7.84,10.5,0,NaN
NaN,NaN,NaN,NaN,NaN,3,14.0789594785978,NaN,0.525,0,15.1,0,NaN
NaN,NaN,NaN,NaN,NaN,0,0,NaN,0.505,22.7,-4,NaN,NaN
NaN,NaN,NaN,NaN,NaN,0,0,NaN,0.505,0,0,NaN,NaN
NaN,NaN,NaN,NaN,NaN,NaN,NaN,NaN,-0.505,NaN,NaN,NaN,NaN
NaN,NaN,NaN,NaN,NaN,NaN,NaN,NaN,-0.505,NaN,NaN,NaN,NaN
6,4,5,1,4,2,2.27312560145717,1693384949.4844,-0.525,-0.01,-0.3,0,0
NaN,NaN,NaN,NaN,NaN,1,8.29433541641523,NaN,0.525,7.88,-0.3,0,NaN
NaN,NaN,NaN,NaN,NaN,5,14.429469844731,NaN,-0.525,7.84,10.5,0,NaN
NaN,NaN,NaN,NaN,NaN,3,13.3077421075102,NaN,0.525,0,15.1,0,NaN
NaN,NaN,NaN,NaN,NaN,0,0,NaN,0.505,22.7,-4,NaN,NaN
NaN,NaN,NaN,NaN,NaN,0,0,NaN,0.505,0,0,NaN,NaN
NaN,NaN,NaN,NaN,NaN,NaN,NaN,NaN,-0.505,NaN,NaN,NaN,NaN
NaN,NaN,NaN,NaN,NaN,NaN,NaN,NaN,-0.505,NaN,NaN,NaN,NaN
6,4,5,4,4,2,2.95120314448192,1693384949.54354,-0.525,-0.01,-0.3,0,0
NaN,NaN,NaN,NaN,NaN,1,7.35983016108388,NaN,0.525,7.88,-0.3,0,NaN
NaN,NaN,NaN,NaN,NaN,5,15.7812261881008,NaN,-0.525,7.84,10.5,0,NaN
NaN,NaN,NaN,NaN,NaN,3,13.708391590555,NaN,0.525,0,15.1,0,NaN
NaN,NaN,NaN,NaN,NaN,0,0,NaN,0.505,22.7,-4,NaN,NaN
NaN,NaN,NaN,NaN,NaN,0,0,NaN,0.505,0,0,NaN,NaN
NaN,NaN,NaN,NaN,NaN,NaN,NaN,NaN,-0.505,NaN,NaN,NaN,NaN
NaN,NaN,NaN,NaN,NaN,NaN,NaN,NaN,-0.505,NaN,NaN,NaN,NaN
6,4,5,3,4,2,2.01809315939577,1693384949.54735,-0.525,-0.01,-0.3,0,0
NaN,NaN,NaN,NaN,NaN,1,7.56089280442462,NaN,0.525,7.88,-0.3,0,NaN
NaN,NaN,NaN,NaN,NaN,5,15.6210338966408,NaN,-0.525,7.84,10.5,0,NaN
NaN,NaN,NaN,NaN,NaN,3,12.7868369818341,NaN,0.525,0,15.1,0,NaN
NaN,NaN,NaN,NaN,NaN,0,0,NaN,0.505,22.7,-4,NaN,NaN
NaN,NaN,NaN,NaN,NaN,0,0,NaN,0.505,0,0,NaN,NaN
NaN,NaN,NaN,NaN,NaN,NaN,NaN,NaN,-0.505,NaN,NaN,NaN,NaN
NaN,NaN,NaN,NaN,NaN,NaN,NaN,NaN,-0.505,NaN,NaN,NaN,NaN
6,4,5,2,4,2,3.21919244531917,1693384949.58079,-0.525,-0.01,-0.3,0,0
NaN,NaN,NaN,NaN,NaN,1,8.42488575590198,NaN,0.525,7.88,-0.3,0,NaN
NaN,NaN,NaN,NaN,NaN,5,14.6497781553169,NaN,-0.525,7.84,10.5,0,NaN
NaN,NaN,NaN,NaN,NaN,3,14.1690931255321,NaN,0.525,0,15.1,0,NaN
NaN,NaN,NaN,NaN,NaN,0,0,NaN,0.505,22.7,-4,NaN,NaN
NaN,NaN,NaN,NaN,NaN,0,0,NaN,0.505,0,0,NaN,NaN
NaN,NaN,NaN,NaN,NaN,NaN,NaN,NaN,-0.505,NaN,NaN,NaN,NaN
NaN,NaN,NaN,NaN,NaN,NaN,NaN,NaN,-0.505,NaN,NaN,NaN,NaN
6,4,5,1,3,2,2.35743504682526,1693384949.58538,-0.525,-0.01,-0.3,0,0
NaN,NaN,NaN,NaN,NaN,1,8.54537886813686,NaN,0.525,7.88,-0.3,0,NaN
NaN,NaN,NaN,NaN,NaN,5,13.9888241106964,NaN,-0.525,7.84,10.5,0,NaN
NaN,NaN,NaN,NaN,NaN,0,0,NaN,0.525,0,15.1,0,NaN
NaN,NaN,NaN,NaN,NaN,0,0,NaN,0.505,22.7,-4,NaN,NaN
NaN,NaN,NaN,NaN,NaN,0,0,NaN,0.505,0,0,NaN,NaN
NaN,NaN,NaN,NaN,NaN,NaN,NaN,NaN,-0.505,NaN,NaN,NaN,NaN
NaN,NaN,NaN,NaN,NaN,NaN,NaN,NaN,-0.505,NaN,NaN,NaN,NaN
6,4,5,3,4,2,2.0821863509302,1693384949.64364,-0.525,-0.01,-0.3,0,0
NaN,NaN,NaN,NaN,NaN,1,7.7819984579798,NaN,0.525,7.88,-0.3,0,NaN
NaN,NaN,NaN,NaN,NaN,5,15.2105226734652,NaN,-0.525,7.84,10.5,0,NaN
NaN,NaN,NaN,NaN,NaN,3,12.947123232595,NaN,0.525,0,15.1,0,NaN
NaN,NaN,NaN,NaN,NaN,0,0,NaN,0.505,22.7,-4,NaN,NaN
NaN,NaN,NaN,NaN,NaN,0,0,NaN,0.505,0,0,NaN,NaN
NaN,NaN,NaN,NaN,NaN,NaN,NaN,NaN,-0.505,NaN,NaN,NaN,NaN
NaN,NaN,NaN,NaN,NaN,NaN,NaN,NaN,-0.505,NaN,NaN,NaN,NaN
6,4,5,4,4,2,3.10597810681273,1693384949.64655,-0.525,-0.01,-0.3,0,0
NaN,NaN,NaN,NaN,NaN,1,7.73175271203108,NaN,0.525,7.88,-0.3,0,NaN
NaN,NaN,NaN,NaN,NaN,5,15.5008870713905,NaN,-0.525,7.84,10.5,0,NaN
NaN,NaN,NaN,NaN,NaN,3,13.9487633860497,NaN,0.525,0,15.1,0,NaN
NaN,NaN,NaN,NaN,NaN,0,0,NaN,0.505,22.7,-4,NaN,NaN
NaN,NaN,NaN,NaN,NaN,0,0,NaN,0.505,0,0,NaN,NaN
NaN,NaN,NaN,NaN,NaN,NaN,NaN,NaN,-0.505,NaN,NaN,NaN,NaN
NaN,NaN,NaN,NaN,NaN,NaN,NaN,NaN,-0.505,NaN,NaN,NaN,NaN
6,4,5,1,3,2,2.60873532578527,1693384949.67483,-0.525,-0.01,-0.3,0,0
NaN,NaN,NaN,NaN,NaN,1,8.8967409763351,NaN,0.525,7.88,-0.3,0,NaN
NaN,NaN,NaN,NaN,NaN,5,14.0288844887967,NaN,-0.525,7.84,10.5,0,NaN
NaN,NaN,NaN,NaN,NaN,0,0,NaN,0.525,0,15.1,0,NaN
NaN,NaN,NaN,NaN,NaN,0,0,NaN,0.505,22.7,-4,NaN,NaN
NaN,NaN,NaN,NaN,NaN,0,0,NaN,0.505,0,0,NaN,NaN
NaN,NaN,NaN,NaN,NaN,NaN,NaN,NaN,-0.505,NaN,NaN,NaN,NaN
NaN,NaN,NaN,NaN,NaN,NaN,NaN,NaN,-0.505,NaN,NaN,NaN,NaN
6,4,5,2,4,2,3.32192715151913,1693384949.67643,-0.525,-0.01,-0.3,0,0
NaN,NaN,NaN,NaN,NaN,1,8.72609305474105,NaN,0.525,7.88,-0.3,0,NaN
NaN,NaN,NaN,NaN,NaN,5,14.8099966239024,NaN,-0.525,7.84,10.5,0,NaN
NaN,NaN,NaN,NaN,NaN,3,14.3193121343171,NaN,0.525,0,15.1,0,NaN
NaN,NaN,NaN,NaN,NaN,0,0,NaN,0.505,22.7,-4,NaN,NaN
NaN,NaN,NaN,NaN,NaN,0,0,NaN,0.505,0,0,NaN,NaN
NaN,NaN,NaN,NaN,NaN,NaN,NaN,NaN,-0.505,NaN,NaN,NaN,NaN
NaN,NaN,NaN,NaN,NaN,NaN,NaN,NaN,-0.505,NaN,NaN,NaN,NaN
6,4,5,4,4,2,3.21919244531917,1693384949.74451,-0.525,-0.01,-0.3,0,0
NaN,NaN,NaN,NaN,NaN,1,8.06331817554039,NaN,0.525,7.88,-0.3,0,NaN
NaN,NaN,NaN,NaN,NaN,5,15.1504455380032,NaN,-0.525,7.84,10.5,0,NaN
NaN,NaN,NaN,NaN,NaN,3,13.9687937918777,NaN,0.525,0,15.1,0,NaN
NaN,NaN,NaN,NaN,NaN,0,0,NaN,0.505,22.7,-4,NaN,NaN
NaN,NaN,NaN,NaN,NaN,0,0,NaN,0.505,0,0,NaN,NaN
NaN,NaN,NaN,NaN,NaN,NaN,NaN,NaN,-0.505,NaN,NaN,NaN,NaN
NaN,NaN,NaN,NaN,NaN,NaN,NaN,NaN,-0.505,NaN,NaN,NaN,NaN
6,4,5,3,3,2,2.14604287002846,1693384949.74565,-0.525,-0.01,-0.3,0,0
NaN,NaN,NaN,NaN,NaN,5,15.0803547703627,NaN,0.525,7.88,-0.3,0,NaN
NaN,NaN,NaN,NaN,NaN,3,13.2175905519879,NaN,-0.525,7.84,10.5,0,NaN
NaN,NaN,NaN,NaN,NaN,0,0,NaN,0.525,0,15.1,0,NaN
NaN,NaN,NaN,NaN,NaN,0,0,NaN,0.505,22.7,-4,NaN,NaN
NaN,NaN,NaN,NaN,NaN,0,0,NaN,0.505,0,0,NaN,NaN
NaN,NaN,NaN,NaN,NaN,NaN,NaN,NaN,-0.505,NaN,NaN,NaN,NaN
NaN,NaN,NaN,NaN,NaN,NaN,NaN,NaN,-0.505,NaN,NaN,NaN,NaN
6,4,5,1,3,2,2.62958171578675,1693384949.77443,-0.525,-0.01,-0.3,0,0
NaN,NaN,NaN,NaN,NaN,1,9.1376145683652,NaN,0.525,7.88,-0.3,0,NaN
NaN,NaN,NaN,NaN,NaN,5,13.9788089621398,NaN,-0.525,7.84,10.5,0,NaN
NaN,NaN,NaN,NaN,NaN,0,0,NaN,0.525,0,15.1,0,NaN
NaN,NaN,NaN,NaN,NaN,0,0,NaN,0.505,22.7,-4,NaN,NaN
NaN,NaN,NaN,NaN,NaN,0,0,NaN,0.505,0,0,NaN,NaN
NaN,NaN,NaN,NaN,NaN,NaN,NaN,NaN,-0.505,NaN,NaN,NaN,NaN
NaN,NaN,NaN,NaN,NaN,NaN,NaN,NaN,-0.505,NaN,NaN,NaN,NaN
6,4,5,2,4,2,3.46548697876648,1693384949.77614,-0.525,-0.01,-0.3,0,0
NaN,NaN,NaN,NaN,NaN,1,9.06736455647395,NaN,0.525,7.88,-0.3,0,NaN
NaN,NaN,NaN,NaN,NaN,5,14.3293265717549,NaN,-0.525,7.84,10.5,0,NaN
NaN,NaN,NaN,NaN,NaN,3,14.5696671204252,NaN,0.525,0,15.1,0,NaN
NaN,NaN,NaN,NaN,NaN,0,0,NaN,0.505,22.7,-4,NaN,NaN
NaN,NaN,NaN,NaN,NaN,0,0,NaN,0.505,0,0,NaN,NaN
NaN,NaN,NaN,NaN,NaN,NaN,NaN,NaN,-0.505,NaN,NaN,NaN,NaN
NaN,NaN,NaN,NaN,NaN,NaN,NaN,NaN,-0.505,NaN,NaN,NaN,NaN
6,4,6,3,4,2,2.26256491619578,1693384949.83872,-0.525,-0.01,-0.3,0,0
NaN,NaN,NaN,NaN,NaN,3,13.2776918174809,NaN,0.525,7.88,-0.3,0,NaN
NaN,NaN,NaN,NaN,NaN,5,14.8099966239024,NaN,-0.525,7.84,10.5,0,NaN
NaN,NaN,NaN,NaN,NaN,6,25.2982845268212,NaN,0.525,0,15.1,0,NaN
NaN,NaN,NaN,NaN,NaN,0,0,NaN,0.505,22.7,-4,NaN,NaN
NaN,NaN,NaN,NaN,NaN,0,0,NaN,0.505,24.6,16.3,NaN,NaN
NaN,NaN,NaN,NaN,NaN,NaN,NaN,NaN,-0.505,NaN,NaN,NaN,NaN
NaN,NaN,NaN,NaN,NaN,NaN,NaN,NaN,-0.505,NaN,NaN,NaN,NaN
6,4,6,4,4,2,3.36297487353087,1693384949.84219,-0.525,-0.01,-0.3,0,0
NaN,NaN,NaN,NaN,NaN,1,8.30437836324911,NaN,0.525,7.88,-0.3,0,NaN
NaN,NaN,NaN,NaN,NaN,5,14.8800907255299,NaN,-0.525,7.84,10.5,0,NaN
NaN,NaN,NaN,NaN,NaN,3,14.09898932548,NaN,0.525,0,15.1,0,NaN
NaN,NaN,NaN,NaN,NaN,0,0,NaN,0.505,22.7,-4,NaN,NaN
NaN,NaN,NaN,NaN,NaN,0,0,NaN,0.505,24.6,16.3,NaN,NaN
NaN,NaN,NaN,NaN,NaN,NaN,NaN,NaN,-0.505,NaN,NaN,NaN,NaN
NaN,NaN,NaN,NaN,NaN,NaN,NaN,NaN,-0.505,NaN,NaN,NaN,NaN
6,4,6,1,4,2,2.84773594281492,1693384949.8751,-0.525,-0.01,-0.3,0,0
NaN,NaN,NaN,NaN,NaN,5,13.5781847093048,NaN,0.525,7.88,-0.3,0,NaN
NaN,NaN,NaN,NaN,NaN,6,24.7580290007101,NaN,-0.525,7.84,10.5,0,NaN
NaN,NaN,NaN,NaN,NaN,1,9.49884203469033,NaN,0.525,0,15.1,0,NaN
NaN,NaN,NaN,NaN,NaN,0,0,NaN,0.505,22.7,-4,NaN,NaN
NaN,NaN,NaN,NaN,NaN,0,0,NaN,0.505,24.6,16.3,NaN,NaN
NaN,NaN,NaN,NaN,NaN,NaN,NaN,NaN,-0.505,NaN,NaN,NaN,NaN
NaN,NaN,NaN,NaN,NaN,NaN,NaN,NaN,-0.505,NaN,NaN,NaN,NaN
6,4,6,2,3,2,3.59854137116693,1693384949.87649,-0.525,-0.01,-0.3,0,0
NaN,NaN,NaN,NaN,NaN,1,9.31824017720084,NaN,0.525,7.88,-0.3,0,NaN
NaN,NaN,NaN,NaN,NaN,5,13.9587785998632,NaN,-0.525,7.84,10.5,0,NaN
NaN,NaN,NaN,NaN,NaN,0,0,NaN,0.525,0,15.1,0,NaN
NaN,NaN,NaN,NaN,NaN,0,0,NaN,0.505,22.7,-4,NaN,NaN
NaN,NaN,NaN,NaN,NaN,0,0,NaN,0.505,24.6,16.3,NaN,NaN
NaN,NaN,NaN,NaN,NaN,NaN,NaN,NaN,-0.505,NaN,NaN,NaN,NaN
NaN,NaN,NaN,NaN,NaN,NaN,NaN,NaN,-0.505,NaN,NaN,NaN,NaN
6,4,6,4,4,2,3.3732328707043,1693384949.94186,-0.525,-0.01,-0.3,0,0
NaN,NaN,NaN,NaN,NaN,1,8.64577931710034,NaN,0.525,7.88,-0.3,0,NaN
NaN,NaN,NaN,NaN,NaN,5,14.6297505105179,NaN,-0.525,7.84,10.5,0,NaN
NaN,NaN,NaN,NaN,NaN,3,14.3593697633288,NaN,0.525,0,15.1,0,NaN
NaN,NaN,NaN,NaN,NaN,0,0,NaN,0.505,22.7,-4,NaN,NaN
NaN,NaN,NaN,NaN,NaN,0,0,NaN,0.505,24.6,16.3,NaN,NaN
NaN,NaN,NaN,NaN,NaN,NaN,NaN,NaN,-0.505,NaN,NaN,NaN,NaN
NaN,NaN,NaN,NaN,NaN,NaN,NaN,NaN,-0.505,NaN,NaN,NaN,NaN
6,4,6,3,4,2,2.37846589212459,1693384949.94907,-0.525,-0.01,-0.3,0,0
NaN,NaN,NaN,NaN,NaN,1,8.6156601604288,NaN,0.525,7.88,-0.3,0,NaN
NaN,NaN,NaN,NaN,NaN,5,14.4094413493376,NaN,-0.525,7.84,10.5,0,NaN
NaN,NaN,NaN,NaN,NaN,3,13.457990191704,NaN,0.525,0,15.1,0,NaN
NaN,NaN,NaN,NaN,NaN,0,0,NaN,0.505,22.7,-4,NaN,NaN
NaN,NaN,NaN,NaN,NaN,0,0,NaN,0.505,24.6,16.3,NaN,NaN
NaN,NaN,NaN,NaN,NaN,NaN,NaN,NaN,-0.505,NaN,NaN,NaN,NaN
NaN,NaN,NaN,NaN,NaN,NaN,NaN,NaN,-0.505,NaN,NaN,NaN,NaN
6,4,6,2,3,2,3.73138044160603,1693384949.96576,-0.525,-0.01,-0.3,0,0
NaN,NaN,NaN,NaN,NaN,1,9.56906996525786,NaN,0.525,7.88,-0.3,0,NaN
NaN,NaN,NaN,NaN,NaN,5,13.5982167948595,NaN,-0.525,7.84,10.5,0,NaN
NaN,NaN,NaN,NaN,NaN,0,0,NaN,0.525,0,15.1,0,NaN
NaN,NaN,NaN,NaN,NaN,0,0,NaN,0.505,22.7,-4,NaN,NaN
NaN,NaN,NaN,NaN,NaN,0,0,NaN,0.505,24.6,16.3,NaN,NaN
NaN,NaN,NaN,NaN,NaN,NaN,NaN,NaN,-0.505,NaN,NaN,NaN,NaN
NaN,NaN,NaN,NaN,NaN,NaN,NaN,NaN,-0.505,NaN,NaN,NaN,NaN
6,4,6,1,4,2,3.01317108707753,1693384949.98288,-0.525,-0.01,-0.3,0,0
NaN,NaN,NaN,NaN,NaN,5,13.2676750035566,NaN,0.525,7.88,-0.3,0,NaN
NaN,NaN,NaN,NaN,NaN,6,24.8080531279663,NaN,-0.525,7.84,10.5,0,NaN
NaN,NaN,NaN,NaN,NaN,1,9.59916663049455,NaN,0.525,0,15.1,0,NaN
NaN,NaN,NaN,NaN,NaN,0,0,NaN,0.505,22.7,-4,NaN,NaN
NaN,NaN,NaN,NaN,NaN,0,0,NaN,0.505,24.6,16.3,NaN,NaN
NaN,NaN,NaN,NaN,NaN,NaN,NaN,NaN,-0.505,NaN,NaN,NaN,NaN
NaN,NaN,NaN,NaN,NaN,NaN,NaN,NaN,-0.505,NaN,NaN,NaN,NaN
6,4,6,4,4,2,3.43474889911912,1693384950.04695,-0.525,-0.01,-0.3,0,0
NaN,NaN,NaN,NaN,NaN,1,8.99711064731339,NaN,0.525,7.88,-0.3,0,NaN
NaN,NaN,NaN,NaN,NaN,5,14.2692396433727,NaN,-0.525,7.84,10.5,0,NaN
NaN,NaN,NaN,NaN,NaN,3,14.4194556069222,NaN,0.525,0,15.1,0,NaN
NaN,NaN,NaN,NaN,NaN,0,0,NaN,0.505,22.7,-4,NaN,NaN
NaN,NaN,NaN,NaN,NaN,0,0,NaN,0.505,24.6,16.3,NaN,NaN
NaN,NaN,NaN,NaN,NaN,NaN,NaN,NaN,-0.505,NaN,NaN,NaN,NaN
NaN,NaN,NaN,NaN,NaN,NaN,NaN,NaN,-0.505,NaN,NaN,NaN,NaN
6,4,6,3,3,2,2.4728930425718,1693384950.04886,-0.525,-0.01,-0.3,0,0
NaN,NaN,NaN,NaN,NaN,1,8.87666604080609,NaN,0.525,7.88,-0.3,0,NaN
NaN,NaN,NaN,NaN,NaN,5,14.2291812835454,NaN,-0.525,7.84,10.5,0,NaN
NaN,NaN,NaN,NaN,NaN,0,0,NaN,0.525,0,15.1,0,NaN
NaN,NaN,NaN,NaN,NaN,0,0,NaN,0.505,22.7,-4,NaN,NaN
NaN,NaN,NaN,NaN,NaN,0,0,NaN,0.505,24.6,16.3,NaN,NaN
NaN,NaN,NaN,NaN,NaN,NaN,NaN,NaN,-0.505,NaN,NaN,NaN,NaN
NaN,NaN,NaN,NaN,NaN,NaN,NaN,NaN,-0.505,NaN,NaN,NaN,NaN
6,4,6,2,3,2,3.89461166228419,1693384950.06619,-0.525,-0.01,-0.3,0,0
NaN,NaN,NaN,NaN,NaN,5,13.3077421075102,NaN,0.525,7.88,-0.3,0,NaN
NaN,NaN,NaN,NaN,NaN,1,9.6593581567307,NaN,-0.525,7.84,10.5,0,NaN
NaN,NaN,NaN,NaN,NaN,0,0,NaN,0.525,0,15.1,0,NaN
NaN,NaN,NaN,NaN,NaN,0,0,NaN,0.505,22.7,-4,NaN,NaN
NaN,NaN,NaN,NaN,NaN,0,0,NaN,0.505,24.6,16.3,NaN,NaN
NaN,NaN,NaN,NaN,NaN,NaN,NaN,NaN,-0.505,NaN,NaN,NaN,NaN
NaN,NaN,NaN,NaN,NaN,NaN,NaN,NaN,-0.505,NaN,NaN,NaN,NaN
6,4,6,1,4,2,3.21919244531917,1693384950.08441,-0.525,-0.01,-0.3,0,0
NaN,NaN,NaN,NaN,NaN,5,12.9270878391075,NaN,0.525,7.88,-0.3,0,NaN
NaN,NaN,NaN,NaN,NaN,6,24.3578324158781,NaN,-0.525,7.84,10.5,0,NaN
NaN,NaN,NaN,NaN,NaN,1,9.88004048574701,NaN,0.525,0,15.1,0,NaN
NaN,NaN,NaN,NaN,NaN,0,0,NaN,0.505,22.7,-4,NaN,NaN
NaN,NaN,NaN,NaN,NaN,0,0,NaN,0.505,24.6,16.3,NaN,NaN
NaN,NaN,NaN,NaN,NaN,NaN,NaN,NaN,-0.505,NaN,NaN,NaN,NaN
NaN,NaN,NaN,NaN,NaN,NaN,NaN,NaN,-0.505,NaN,NaN,NaN,NaN
6,4,6,3,4,2,2.64,1693384950.1386,-0.525,-0.01,-0.3,0,0
NaN,NaN,NaN,NaN,NaN,1,9.10750789184396,NaN,0.525,7.88,-0.3,0,NaN
NaN,NaN,NaN,NaN,NaN,5,13.9687937918777,NaN,-0.525,7.84,10.5,0,NaN
NaN,NaN,NaN,NaN,NaN,3,13.6482965970117,NaN,0.525,0,15.1,0,NaN
NaN,NaN,NaN,NaN,NaN,0,0,NaN,0.505,22.7,-4,NaN,NaN
NaN,NaN,NaN,NaN,NaN,0,0,NaN,0.505,24.6,16.3,NaN,NaN
NaN,NaN,NaN,NaN,NaN,NaN,NaN,NaN,-0.505,NaN,NaN,NaN,NaN
NaN,NaN,NaN,NaN,NaN,NaN,NaN,NaN,-0.505,NaN,NaN,NaN,NaN
6,4,6,4,4,2,3.60876710248805,1693384950.14504,-0.525,-0.01,-0.3,0,0
NaN,NaN,NaN,NaN,NaN,1,9.26806883876032,NaN,0.525,7.88,-0.3,0,NaN
NaN,NaN,NaN,NaN,NaN,5,14.0388995295215,NaN,-0.525,7.84,10.5,0,NaN
NaN,NaN,NaN,NaN,NaN,3,15.0903677887585,NaN,0.525,0,15.1,0,NaN
NaN,NaN,NaN,NaN,NaN,0,0,NaN,0.505,22.7,-4,NaN,NaN
NaN,NaN,NaN,NaN,NaN,0,0,NaN,0.505,24.6,16.3,NaN,NaN
NaN,NaN,NaN,NaN,NaN,NaN,NaN,NaN,-0.505,NaN,NaN,NaN,NaN
NaN,NaN,NaN,NaN,NaN,NaN,NaN,NaN,-0.505,NaN,NaN,NaN,NaN
6,4,6,2,3,2,3.98631408697308,1693384950.1668,-0.525,-0.01,-0.3,0,0
NaN,NaN,NaN,NaN,NaN,5,13.0272637188321,NaN,0.525,7.88,-0.3,0,NaN
NaN,NaN,NaN,NaN,NaN,1,10.0003999920003,NaN,-0.525,7.84,10.5,0,NaN
NaN,NaN,NaN,NaN,NaN,0,0,NaN,0.525,0,15.1,0,NaN
NaN,NaN,NaN,NaN,NaN,0,0,NaN,0.505,22.7,-4,NaN,NaN
NaN,NaN,NaN,NaN,NaN,0,0,NaN,0.505,24.6,16.3,NaN,NaN
NaN,NaN,NaN,NaN,NaN,NaN,NaN,NaN,-0.505,NaN,NaN,NaN,NaN
NaN,NaN,NaN,NaN,NaN,NaN,NaN,NaN,-0.505,NaN,NaN,NaN,NaN
6,4,6,1,4,2,3.32192715151913,1693384950.18119,-0.525,-0.01,-0.3,0,0
NaN,NaN,NaN,NaN,NaN,5,12.6766359890943,NaN,0.525,7.88,-0.3,0,NaN
NaN,NaN,NaN,NaN,NaN,6,24.2577822564224,NaN,-0.525,7.84,10.5,0,NaN
NaN,NaN,NaN,NaN,NaN,1,10.02045907132,NaN,0.525,0,15.1,0,NaN
NaN,NaN,NaN,NaN,NaN,0,0,NaN,0.505,22.7,-4,NaN,NaN
NaN,NaN,NaN,NaN,NaN,0,0,NaN,0.505,24.6,16.3,NaN,NaN
NaN,NaN,NaN,NaN,NaN,NaN,NaN,NaN,-0.505,NaN,NaN,NaN,NaN
NaN,NaN,NaN,NaN,NaN,NaN,NaN,NaN,-0.505,NaN,NaN,NaN,NaN
6,4,6,4,4,2,3.67009536660834,1693384950.24621,-0.525,-0.01,-0.3,0,0
NaN,NaN,NaN,NaN,NaN,1,9.57910225438689,NaN,0.525,7.88,-0.3,0,NaN
NaN,NaN,NaN,NaN,NaN,5,13.7484544585928,NaN,-0.525,7.84,10.5,0,NaN
NaN,NaN,NaN,NaN,NaN,3,14.6397643423656,NaN,0.525,0,15.1,0,NaN
NaN,NaN,NaN,NaN,NaN,0,0,NaN,0.505,22.7,-4,NaN,NaN
NaN,NaN,NaN,NaN,NaN,0,0,NaN,0.505,24.6,16.3,NaN,NaN
NaN,NaN,NaN,NaN,NaN,NaN,NaN,NaN,-0.505,NaN,NaN,NaN,NaN
NaN,NaN,NaN,NaN,NaN,NaN,NaN,NaN,-0.505,NaN,NaN,NaN,NaN
6,4,6,3,4,2,2.70244333890648,1693384950.24793,-0.525,-0.01,-0.3,0,0
NaN,NaN,NaN,NaN,NaN,5,13.7684857555216,NaN,0.525,7.88,-0.3,0,NaN
NaN,NaN,NaN,NaN,NaN,6,24.9681296856613,NaN,-0.525,7.84,10.5,0,NaN
NaN,NaN,NaN,NaN,NaN,1,9.30820605702302,NaN,0.525,0,15.1,0,NaN
NaN,NaN,NaN,NaN,NaN,0,0,NaN,0.505,22.7,-4,NaN,NaN
NaN,NaN,NaN,NaN,NaN,0,0,NaN,0.505,24.6,16.3,NaN,NaN
NaN,NaN,NaN,NaN,NaN,NaN,NaN,NaN,-0.505,NaN,NaN,NaN,NaN
NaN,NaN,NaN,NaN,NaN,NaN,NaN,NaN,-0.505,NaN,NaN,NaN,NaN
6,4,6,2,3,2,4.25082344963891,1693384950.26722,-0.525,-0.01,-0.3,0,0
NaN,NaN,NaN,NaN,NaN,5,12.7467642953026,NaN,0.525,7.88,-0.3,0,NaN
NaN,NaN,NaN,NaN,NaN,1,10.4115656843724,NaN,-0.525,7.84,10.5,0,NaN
NaN,NaN,NaN,NaN,NaN,0,0,NaN,0.525,0,15.1,0,NaN
NaN,NaN,NaN,NaN,NaN,0,0,NaN,0.505,22.7,-4,NaN,NaN
NaN,NaN,NaN,NaN,NaN,0,0,NaN,0.505,24.6,16.3,NaN,NaN
NaN,NaN,NaN,NaN,NaN,NaN,NaN,NaN,-0.505,NaN,NaN,NaN,NaN
NaN,NaN,NaN,NaN,NaN,NaN,NaN,NaN,-0.505,NaN,NaN,NaN,NaN
6,4,6,1,4,2,3.51668878350075,1693384950.28216,-0.525,-0.01,-0.3,0,0
NaN,NaN,NaN,NaN,NaN,5,12.4662424170237,NaN,0.525,7.88,-0.3,0,NaN
NaN,NaN,NaN,NaN,NaN,6,24.1477266010695,NaN,-0.525,7.84,10.5,0,NaN
NaN,NaN,NaN,NaN,NaN,1,10.7524648337021,NaN,0.525,0,15.1,0,NaN
NaN,NaN,NaN,NaN,NaN,0,0,NaN,0.505,22.7,-4,NaN,NaN
NaN,NaN,NaN,NaN,NaN,0,0,NaN,0.505,24.6,16.3,NaN,NaN
NaN,NaN,NaN,NaN,NaN,NaN,NaN,NaN,-0.505,NaN,NaN,NaN,NaN
NaN,NaN,NaN,NaN,NaN,NaN,NaN,NaN,-0.505,NaN,NaN,NaN,NaN
6,4,6,4,4,2,3.80282789513278,1693384950.34603,-0.525,-0.01,-0.3,0,0
NaN,NaN,NaN,NaN,NaN,5,13.5681686310276,NaN,0.525,7.88,-0.3,0,NaN
NaN,NaN,NaN,NaN,NaN,6,25.8285249288456,NaN,-0.525,7.84,10.5,0,NaN
NaN,NaN,NaN,NaN,NaN,1,9.79979591624234,NaN,0.525,0,15.1,0,NaN
NaN,NaN,NaN,NaN,NaN,0,0,NaN,0.505,22.7,-4,NaN,NaN
NaN,NaN,NaN,NaN,NaN,0,0,NaN,0.505,24.6,16.3,NaN,NaN
NaN,NaN,NaN,NaN,NaN,NaN,NaN,NaN,-0.505,NaN,NaN,NaN,NaN
NaN,NaN,NaN,NaN,NaN,NaN,NaN,NaN,-0.505,NaN,NaN,NaN,NaN
6,4,6,3,4,2,2.95120314448192,1693384950.34754,-0.525,-0.01,-0.3,0,0
NaN,NaN,NaN,NaN,NaN,5,13.3878751114581,NaN,0.525,7.88,-0.3,0,NaN
NaN,NaN,NaN,NaN,NaN,6,24.9381154059404,NaN,-0.525,7.84,10.5,0,NaN
NaN,NaN,NaN,NaN,NaN,1,9.56906996525786,NaN,0.525,0,15.1,0,NaN
NaN,NaN,NaN,NaN,NaN,0,0,NaN,0.505,22.7,-4,NaN,NaN
NaN,NaN,NaN,NaN,NaN,0,0,NaN,0.505,24.6,16.3,NaN,NaN
NaN,NaN,NaN,NaN,NaN,NaN,NaN,NaN,-0.505,NaN,NaN,NaN,NaN
NaN,NaN,NaN,NaN,NaN,NaN,NaN,NaN,-0.505,NaN,NaN,NaN,NaN
6,4,6,2,4,2,4.29146828020434,1693384950.36583,-0.525,-0.01,-0.3,0,0
NaN,NaN,NaN,NaN,NaN,5,12.6365620324517,NaN,0.525,7.88,-0.3,0,NaN
NaN,NaN,NaN,NaN,NaN,6,25.0181534090748,NaN,-0.525,7.84,10.5,0,NaN
NaN,NaN,NaN,NaN,NaN,1,10.6722584301543,NaN,0.525,0,15.1,0,NaN
NaN,NaN,NaN,NaN,NaN,0,0,NaN,0.505,22.7,-4,NaN,NaN
NaN,NaN,NaN,NaN,NaN,0,0,NaN,0.505,24.6,16.3,NaN,NaN
NaN,NaN,NaN,NaN,NaN,NaN,NaN,NaN,-0.505,NaN,NaN,NaN,NaN
NaN,NaN,NaN,NaN,NaN,NaN,NaN,NaN,-0.505,NaN,NaN,NaN,NaN
6,4,6,1,4,2,3.71095674995007,1693384950.38283,-0.525,-0.01,-0.3,0,0
NaN,NaN,NaN,NaN,NaN,5,12.1155561160023,NaN,0.525,7.88,-0.3,0,NaN
NaN,NaN,NaN,NaN,NaN,6,24.1177113342042,NaN,-0.525,7.84,10.5,0,NaN
NaN,NaN,NaN,NaN,NaN,1,10.922893389574,NaN,0.525,0,15.1,0,NaN
NaN,NaN,NaN,NaN,NaN,0,0,NaN,0.505,22.7,-4,NaN,NaN
NaN,NaN,NaN,NaN,NaN,0,0,NaN,0.505,24.6,16.3,NaN,NaN
NaN,NaN,NaN,NaN,NaN,NaN,NaN,NaN,-0.505,NaN,NaN,NaN,NaN
NaN,NaN,NaN,NaN,NaN,NaN,NaN,NaN,-0.505,NaN,NaN,NaN,NaN
6,4,6,4,3,2,3.86402639742536,1693384950.44559,-0.525,-0.01,-0.3,0,0
NaN,NaN,NaN,NaN,NaN,5,13.2175905519879,NaN,0.525,7.88,-0.3,0,NaN
NaN,NaN,NaN,NaN,NaN,1,10.1006930455291,NaN,-0.525,7.84,10.5,0,NaN
NaN,NaN,NaN,NaN,NaN,0,0,NaN,0.525,0,15.1,0,NaN
NaN,NaN,NaN,NaN,NaN,0,0,NaN,0.505,22.7,-4,NaN,NaN
NaN,NaN,NaN,NaN,NaN,0,0,NaN,0.505,24.6,16.3,NaN,NaN
NaN,NaN,NaN,NaN,NaN,NaN,NaN,NaN,-0.505,NaN,NaN,NaN,NaN
NaN,NaN,NaN,NaN,NaN,NaN,NaN,NaN,-0.505,NaN,NaN,NaN,NaN
6,4,6,3,3,2,3.10597810681273,1693384950.44824,-0.525,-0.01,-0.3,0,0
NaN,NaN,NaN,NaN,NaN,6,24.8280627516526,NaN,0.525,7.88,-0.3,0,NaN
NaN,NaN,NaN,NaN,NaN,1,9.85997971600348,NaN,-0.525,7.84,10.5,0,NaN
NaN,NaN,NaN,NaN,NaN,0,0,NaN,0.525,0,15.1,0,NaN
NaN,NaN,NaN,NaN,NaN,0,0,NaN,0.505,22.7,-4,NaN,NaN
NaN,NaN,NaN,NaN,NaN,0,0,NaN,0.505,24.6,16.3,NaN,NaN
NaN,NaN,NaN,NaN,NaN,NaN,NaN,NaN,-0.505,NaN,NaN,NaN,NaN
NaN,NaN,NaN,NaN,NaN,NaN,NaN,NaN,-0.505,NaN,NaN,NaN,NaN
6,4,6,2,4,2,4.47422619008025,1693384950.4721,-0.525,-0.01,-0.3,0,0
NaN,NaN,NaN,NaN,NaN,5,12.2057363563203,NaN,0.525,7.88,-0.3,0,NaN
NaN,NaN,NaN,NaN,NaN,6,24.9181058670197,NaN,-0.525,7.84,10.5,0,NaN
NaN,NaN,NaN,NaN,NaN,1,10.9629922922531,NaN,0.525,0,15.1,0,NaN
NaN,NaN,NaN,NaN,NaN,0,0,NaN,0.505,22.7,-4,NaN,NaN
NaN,NaN,NaN,NaN,NaN,0,0,NaN,0.505,24.6,16.3,NaN,NaN
NaN,NaN,NaN,NaN,NaN,NaN,NaN,NaN,-0.505,NaN,NaN,NaN,NaN
NaN,NaN,NaN,NaN,NaN,NaN,NaN,NaN,-0.505,NaN,NaN,NaN,NaN
6,4,6,1,4,2,3.81303029098904,1693384950.48346,-0.525,-0.01,-0.3,0,0
NaN,NaN,NaN,NaN,NaN,5,11.9151458236985,NaN,0.525,7.88,-0.3,0,NaN
NaN,NaN,NaN,NaN,NaN,6,23.957629265017,NaN,-0.525,7.84,10.5,0,NaN
NaN,NaN,NaN,NaN,NaN,1,11.0933087940434,NaN,0.525,0,15.1,0,NaN
NaN,NaN,NaN,NaN,NaN,0,0,NaN,0.505,22.7,-4,NaN,NaN
NaN,NaN,NaN,NaN,NaN,0,0,NaN,0.505,24.6,16.3,NaN,NaN
NaN,NaN,NaN,NaN,NaN,NaN,NaN,NaN,-0.505,NaN,NaN,NaN,NaN
NaN,NaN,NaN,NaN,NaN,NaN,NaN,NaN,-0.505,NaN,NaN,NaN,NaN
6,4,6,4,4,2,4.14915654079236,1693384950.53634,-0.525,-0.01,-0.3,0,0
NaN,NaN,NaN,NaN,NaN,5,12.8970345428707,NaN,0.525,7.88,-0.3,0,NaN
NaN,NaN,NaN,NaN,NaN,6,25.3182937813748,NaN,-0.525,7.84,10.5,0,NaN
NaN,NaN,NaN,NaN,NaN,1,10.311289929005,NaN,0.525,0,15.1,0,NaN
NaN,NaN,NaN,NaN,NaN,0,0,NaN,0.505,22.7,-4,NaN,NaN
NaN,NaN,NaN,NaN,NaN,0,0,NaN,0.505,24.6,16.3,NaN,NaN
NaN,NaN,NaN,NaN,NaN,NaN,NaN,NaN,-0.505,NaN,NaN,NaN,NaN
NaN,NaN,NaN,NaN,NaN,NaN,NaN,NaN,-0.505,NaN,NaN,NaN,NaN
6,4,6,3,2,2,3.25003076908512,1693384950.53835,-0.525,-0.01,-0.3,0,0
NaN,NaN,NaN,NaN,NaN,5,12.7968550824021,NaN,0.525,7.88,-0.3,0,NaN
NaN,NaN,NaN,NaN,NaN,0,0,NaN,-0.525,7.84,10.5,0,NaN
NaN,NaN,NaN,NaN,NaN,0,0,NaN,0.525,0,15.1,0,NaN
NaN,NaN,NaN,NaN,NaN,0,0,NaN,0.505,22.7,-4,NaN,NaN
NaN,NaN,NaN,NaN,NaN,0,0,NaN,0.505,24.6,16.3,NaN,NaN
NaN,NaN,NaN,NaN,NaN,NaN,NaN,NaN,-0.505,NaN,NaN,NaN,NaN
NaN,NaN,NaN,NaN,NaN,NaN,NaN,NaN,-0.505,NaN,NaN,NaN,NaN
6,4,6,2,3,2,4.69730773954613,1693384950.57345,-0.525,-0.01,-0.3,0,0
NaN,NaN,NaN,NaN,NaN,5,11.8349778200046,NaN,0.525,7.88,-0.3,0,NaN
NaN,NaN,NaN,NaN,NaN,1,11.2637116440363,NaN,-0.525,7.84,10.5,0,NaN
NaN,NaN,NaN,NaN,NaN,0,0,NaN,0.525,0,15.1,0,NaN
NaN,NaN,NaN,NaN,NaN,0,0,NaN,0.505,22.7,-4,NaN,NaN
NaN,NaN,NaN,NaN,NaN,0,0,NaN,0.505,24.6,16.3,NaN,NaN
NaN,NaN,NaN,NaN,NaN,NaN,NaN,NaN,-0.505,NaN,NaN,NaN,NaN
NaN,NaN,NaN,NaN,NaN,NaN,NaN,NaN,-0.505,NaN,NaN,NaN,NaN
6,4,6,1,4,2,3.98631408697308,1693384950.583,-0.525,-0.01,-0.3,0,0
NaN,NaN,NaN,NaN,NaN,5,11.5944598839273,NaN,0.525,7.88,-0.3,0,NaN
NaN,NaN,NaN,NaN,NaN,6,23.847572203476,NaN,-0.525,7.84,10.5,0,NaN
NaN,NaN,NaN,NaN,NaN,1,11.5142824353062,NaN,0.525,0,15.1,0,NaN
NaN,NaN,NaN,NaN,NaN,0,0,NaN,0.505,22.7,-4,NaN,NaN
NaN,NaN,NaN,NaN,NaN,0,0,NaN,0.505,24.6,16.3,NaN,NaN
NaN,NaN,NaN,NaN,NaN,NaN,NaN,NaN,-0.505,NaN,NaN,NaN,NaN
NaN,NaN,NaN,NaN,NaN,NaN,NaN,NaN,-0.505,NaN,NaN,NaN,NaN
6,4,6,3,3,5,12.5664314743685,1693384950.63362,-0.525,-0.01,-0.3,0,0
NaN,NaN,NaN,NaN,NaN,2,3.41424955151202,NaN,0.525,7.88,-0.3,0,NaN
NaN,NaN,NaN,NaN,NaN,6,24.6079560305199,NaN,-0.525,7.84,10.5,0,NaN
NaN,NaN,NaN,NaN,NaN,0,0,NaN,0.525,0,15.1,0,NaN
NaN,NaN,NaN,NaN,NaN,0,0,NaN,0.505,22.7,-4,NaN,NaN
NaN,NaN,NaN,NaN,NaN,0,0,NaN,0.505,24.6,16.3,NaN,NaN
NaN,NaN,NaN,NaN,NaN,NaN,NaN,NaN,-0.505,NaN,NaN,NaN,NaN
NaN,NaN,NaN,NaN,NaN,NaN,NaN,NaN,-0.505,NaN,NaN,NaN,NaN
6,4,6,4,3,2,4.25082344963891,1693384950.64239,-0.525,-0.01,-0.3,0,0
NaN,NaN,NaN,NaN,NaN,5,12.6666175437644,NaN,0.525,7.88,-0.3,0,NaN
NaN,NaN,NaN,NaN,NaN,1,10.5419163343294,NaN,-0.525,7.84,10.5,0,NaN
NaN,NaN,NaN,NaN,NaN,0,0,NaN,0.525,0,15.1,0,NaN
NaN,NaN,NaN,NaN,NaN,0,0,NaN,0.505,22.7,-4,NaN,NaN
NaN,NaN,NaN,NaN,NaN,0,0,NaN,0.505,24.6,16.3,NaN,NaN
NaN,NaN,NaN,NaN,NaN,NaN,NaN,NaN,-0.505,NaN,NaN,NaN,NaN
NaN,NaN,NaN,NaN,NaN,NaN,NaN,NaN,-0.505,NaN,NaN,NaN,NaN
6,4,6,2,3,2,4.83912182115722,1693384950.66715,-0.525,-0.01,-0.3,0,0
NaN,NaN,NaN,NaN,NaN,5,11.5944598839273,NaN,0.525,7.88,-0.3,0,NaN
NaN,NaN,NaN,NaN,NaN,1,11.484215253991,NaN,-0.525,7.84,10.5,0,NaN
NaN,NaN,NaN,NaN,NaN,0,0,NaN,0.525,0,15.1,0,NaN
NaN,NaN,NaN,NaN,NaN,0,0,NaN,0.505,22.7,-4,NaN,NaN
NaN,NaN,NaN,NaN,NaN,0,0,NaN,0.505,24.6,16.3,NaN,NaN
NaN,NaN,NaN,NaN,NaN,NaN,NaN,NaN,-0.505,NaN,NaN,NaN,NaN
NaN,NaN,NaN,NaN,NaN,NaN,NaN,NaN,-0.505,NaN,NaN,NaN,NaN
6,4,6,1,4,2,4.18983293223011,1693384950.68418,-0.525,-0.01,-0.3,0,0
NaN,NaN,NaN,NaN,NaN,5,11.3639429776816,NaN,0.525,7.88,-0.3,0,NaN
NaN,NaN,NaN,NaN,NaN,6,23.6674776856344,NaN,-0.525,7.84,10.5,0,NaN
NaN,NaN,NaN,NaN,NaN,1,11.6145038637042,NaN,0.525,0,15.1,0,NaN
NaN,NaN,NaN,NaN,NaN,0,0,NaN,0.505,22.7,-4,NaN,NaN
NaN,NaN,NaN,NaN,NaN,0,0,NaN,0.505,24.6,16.3,NaN,NaN
NaN,NaN,NaN,NaN,NaN,NaN,NaN,NaN,-0.505,NaN,NaN,NaN,NaN
NaN,NaN,NaN,NaN,NaN,NaN,NaN,NaN,-0.505,NaN,NaN,NaN,NaN
6,4,6,4,4,2,4.32194400704128,1693384950.73619,-0.525,-0.01,-0.3,0,0
NaN,NaN,NaN,NaN,NaN,5,12.3961082602565,NaN,0.525,7.88,-0.3,0,NaN
NaN,NaN,NaN,NaN,NaN,6,25.0681770378303,NaN,-0.525,7.84,10.5,0,NaN
NaN,NaN,NaN,NaN,NaN,1,10.7825414443906,NaN,0.525,0,15.1,0,NaN
NaN,NaN,NaN,NaN,NaN,0,0,NaN,0.505,22.7,-4,NaN,NaN
NaN,NaN,NaN,NaN,NaN,0,0,NaN,0.505,24.6,16.3,NaN,NaN
NaN,NaN,NaN,NaN,NaN,NaN,NaN,NaN,-0.505,NaN,NaN,NaN,NaN
NaN,NaN,NaN,NaN,NaN,NaN,NaN,NaN,-0.505,NaN,NaN,NaN,NaN
6,4,6,3,4,5,12.3760696507413,1693384950.73786,-0.525,-0.01,-0.3,0,0
NaN,NaN,NaN,NaN,NaN,2,3.67009536660834,NaN,0.525,7.88,-0.3,0,NaN
NaN,NaN,NaN,NaN,NaN,6,24.1877468979647,NaN,-0.525,7.84,10.5,0,NaN
NaN,NaN,NaN,NaN,NaN,4,20.9058245472404,NaN,0.525,0,15.1,0,NaN
NaN,NaN,NaN,NaN,NaN,0,0,NaN,0.505,22.7,-4,NaN,NaN
NaN,NaN,NaN,NaN,NaN,0,0,NaN,0.505,24.6,16.3,NaN,NaN
NaN,NaN,NaN,NaN,NaN,NaN,NaN,NaN,-0.505,NaN,NaN,NaN,NaN
NaN,NaN,NaN,NaN,NaN,NaN,NaN,NaN,-0.505,NaN,NaN,NaN,NaN
6,4,6,2,3,2,4.99095181303126,1693384950.76654,-0.525,-0.01,-0.3,0,0
NaN,NaN,NaN,NaN,NaN,5,11.3940115850389,NaN,0.525,7.88,-0.3,0,NaN
NaN,NaN,NaN,NaN,NaN,1,11.7548075271354,NaN,-0.525,7.84,10.5,0,NaN
NaN,NaN,NaN,NaN,NaN,0,0,NaN,0.525,0,15.1,0,NaN
NaN,NaN,NaN,NaN,NaN,0,0,NaN,0.505,22.7,-4,NaN,NaN
NaN,NaN,NaN,NaN,NaN,0,0,NaN,0.505,24.6,16.3,NaN,NaN
NaN,NaN,NaN,NaN,NaN,NaN,NaN,NaN,-0.505,NaN,NaN,NaN,NaN
NaN,NaN,NaN,NaN,NaN,NaN,NaN,NaN,-0.505,NaN,NaN,NaN,NaN
6,4,6,1,4,2,4.38287576825992,1693384950.78431,-0.525,-0.01,-0.3,0,0
NaN,NaN,NaN,NaN,NaN,5,11.3038046692253,NaN,0.525,7.88,-0.3,0,NaN
NaN,NaN,NaN,NaN,NaN,6,23.5774298853798,NaN,-0.525,7.84,10.5,0,NaN
NaN,NaN,NaN,NaN,NaN,1,11.8149354632177,NaN,0.525,0,15.1,0,NaN
NaN,NaN,NaN,NaN,NaN,0,0,NaN,0.505,22.7,-4,NaN,NaN
NaN,NaN,NaN,NaN,NaN,0,0,NaN,0.505,24.6,16.3,NaN,NaN
NaN,NaN,NaN,NaN,NaN,NaN,NaN,NaN,-0.505,NaN,NaN,NaN,NaN
NaN,NaN,NaN,NaN,NaN,NaN,NaN,NaN,-0.505,NaN,NaN,NaN,NaN
6,4,6,3,4,2,3.84363109572186,1693384950.84498,-0.525,-0.01,-0.3,0,0
NaN,NaN,NaN,NaN,NaN,5,12.0955156979767,NaN,0.525,7.88,-0.3,0,NaN
NaN,NaN,NaN,NaN,NaN,6,23.9276137548231,NaN,-0.525,7.84,10.5,0,NaN
NaN,NaN,NaN,NaN,NaN,1,10.8426933923265,NaN,0.525,0,15.1,0,NaN
NaN,NaN,NaN,NaN,NaN,0,0,NaN,0.505,22.7,-4,NaN,NaN
NaN,NaN,NaN,NaN,NaN,0,0,NaN,0.505,24.6,16.3,NaN,NaN
NaN,NaN,NaN,NaN,NaN,NaN,NaN,NaN,-0.505,NaN,NaN,NaN,NaN
NaN,NaN,NaN,NaN,NaN,NaN,NaN,NaN,-0.505,NaN,NaN,NaN,NaN
6,4,6,4,3,2,4.56552297113923,1693384950.8478,-0.525,-0.01,-0.3,0,0
NaN,NaN,NaN,NaN,NaN,5,12.0754751459311,NaN,0.525,7.88,-0.3,0,NaN
NaN,NaN,NaN,NaN,NaN,1,11.1634761611247,NaN,-0.525,7.84,10.5,0,NaN
NaN,NaN,NaN,NaN,NaN,0,0,NaN,0.525,0,15.1,0,NaN
NaN,NaN,NaN,NaN,NaN,0,0,NaN,0.505,22.7,-4,NaN,NaN
NaN,NaN,NaN,NaN,NaN,0,0,NaN,0.505,24.6,16.3,NaN,NaN
NaN,NaN,NaN,NaN,NaN,NaN,NaN,NaN,-0.505,NaN,NaN,NaN,NaN
NaN,NaN,NaN,NaN,NaN,NaN,NaN,NaN,-0.505,NaN,NaN,NaN,NaN
6,4,6,2,3,2,5.14267440151523,1693384950.86598,-0.525,-0.01,-0.3,0,0
NaN,NaN,NaN,NaN,NaN,5,11.0933087940434,NaN,0.525,7.88,-0.3,0,NaN
NaN,NaN,NaN,NaN,NaN,1,12.0253731750828,NaN,-0.525,7.84,10.5,0,NaN
NaN,NaN,NaN,NaN,NaN,0,0,NaN,0.525,0,15.1,0,NaN
NaN,NaN,NaN,NaN,NaN,0,0,NaN,0.505,22.7,-4,NaN,NaN
NaN,NaN,NaN,NaN,NaN,0,0,NaN,0.505,24.6,16.3,NaN,NaN
NaN,NaN,NaN,NaN,NaN,NaN,NaN,NaN,-0.505,NaN,NaN,NaN,NaN
NaN,NaN,NaN,NaN,NaN,NaN,NaN,NaN,-0.505,NaN,NaN,NaN,NaN
6,4,6,1,4,2,4.53509647085925,1693384950.88295,-0.525,-0.01,-0.3,0,0
NaN,NaN,NaN,NaN,NaN,5,10.812617629418,NaN,0.525,7.88,-0.3,0,NaN
NaN,NaN,NaN,NaN,NaN,6,23.4373547995502,NaN,-0.525,7.84,10.5,0,NaN
NaN,NaN,NaN,NaN,NaN,1,12.0554344591972,NaN,0.525,0,15.1,0,NaN
NaN,NaN,NaN,NaN,NaN,0,0,NaN,0.505,22.7,-4,NaN,NaN
NaN,NaN,NaN,NaN,NaN,0,0,NaN,0.505,24.6,16.3,NaN,NaN
NaN,NaN,NaN,NaN,NaN,NaN,NaN,NaN,-0.505,NaN,NaN,NaN,NaN
NaN,NaN,NaN,NaN,NaN,NaN,NaN,NaN,-0.505,NaN,NaN,NaN,NaN
6,4,6,4,4,2,4.72770557458901,1693384950.93882,-0.525,-0.01,-0.3,0,0
NaN,NaN,NaN,NaN,NaN,5,11.895104034854,NaN,0.525,7.88,-0.3,0,NaN
NaN,NaN,NaN,NaN,NaN,6,24.7980483103006,NaN,-0.525,7.84,10.5,0,NaN
NaN,NaN,NaN,NaN,NaN,1,11.4541477203675,NaN,0.525,0,15.1,0,NaN
NaN,NaN,NaN,NaN,NaN,0,0,NaN,0.505,22.7,-4,NaN,NaN
NaN,NaN,NaN,NaN,NaN,0,0,NaN,0.505,24.6,16.3,NaN,NaN
NaN,NaN,NaN,NaN,NaN,NaN,NaN,NaN,-0.505,NaN,NaN,NaN,NaN
NaN,NaN,NaN,NaN,NaN,NaN,NaN,NaN,-0.505,NaN,NaN,NaN,NaN
6,4,6,3,4,2,4.02704606380409,1693384950.94487,-0.525,-0.01,-0.3,0,0
NaN,NaN,NaN,NaN,NaN,5,11.895104034854,NaN,0.525,7.88,-0.3,0,NaN
NaN,NaN,NaN,NaN,NaN,6,23.827561772032,NaN,-0.525,7.84,10.5,0,NaN
NaN,NaN,NaN,NaN,NaN,1,11.1033328329831,NaN,0.525,0,15.1,0,NaN
NaN,NaN,NaN,NaN,NaN,0,0,NaN,0.505,22.7,-4,NaN,NaN
NaN,NaN,NaN,NaN,NaN,0,0,NaN,0.505,24.6,16.3,NaN,NaN
NaN,NaN,NaN,NaN,NaN,NaN,NaN,NaN,-0.505,NaN,NaN,NaN,NaN
NaN,NaN,NaN,NaN,NaN,NaN,NaN,NaN,-0.505,NaN,NaN,NaN,NaN
6,4,6,2,3,2,5.41553321474442,1693384950.96662,-0.525,-0.01,-0.3,0,0
NaN,NaN,NaN,NaN,NaN,5,10.7223877937706,NaN,0.525,7.88,-0.3,0,NaN
NaN,NaN,NaN,NaN,NaN,1,12.2658550456134,NaN,-0.525,7.84,10.5,0,NaN
NaN,NaN,NaN,NaN,NaN,0,0,NaN,0.525,0,15.1,0,NaN
NaN,NaN,NaN,NaN,NaN,0,0,NaN,0.505,22.7,-4,NaN,NaN
NaN,NaN,NaN,NaN,NaN,0,0,NaN,0.505,24.6,16.3,NaN,NaN
NaN,NaN,NaN,NaN,NaN,NaN,NaN,NaN,-0.505,NaN,NaN,NaN,NaN
NaN,NaN,NaN,NaN,NaN,NaN,NaN,NaN,-0.505,NaN,NaN,NaN,NaN
6,4,6,1,4,2,4.72770557458901,1693384950.9853,-0.525,-0.01,-0.3,0,0
NaN,NaN,NaN,NaN,NaN,5,10.5118361859382,NaN,0.525,7.88,-0.3,0,NaN
NaN,NaN,NaN,NaN,NaN,6,23.2772678809176,NaN,-0.525,7.84,10.5,0,NaN
NaN,NaN,NaN,NaN,NaN,1,12.2758747142515,NaN,0.525,0,15.1,0,NaN
NaN,NaN,NaN,NaN,NaN,0,0,NaN,0.505,22.7,-4,NaN,NaN
NaN,NaN,NaN,NaN,NaN,0,0,NaN,0.505,24.6,16.3,NaN,NaN
NaN,NaN,NaN,NaN,NaN,NaN,NaN,NaN,-0.505,NaN,NaN,NaN,NaN
NaN,NaN,NaN,NaN,NaN,NaN,NaN,NaN,-0.505,NaN,NaN,NaN,NaN
6,4,6,3,4,2,4.16949637246514,1693384951.04496,-0.525,-0.01,-0.3,0,0
NaN,NaN,NaN,NaN,NaN,5,11.6345476921108,NaN,0.525,7.88,-0.3,0,NaN
NaN,NaN,NaN,NaN,NaN,6,23.7074988136665,NaN,-0.525,7.84,10.5,0,NaN
NaN,NaN,NaN,NaN,NaN,1,11.223617955009,NaN,0.525,0,15.1,0,NaN
NaN,NaN,NaN,NaN,NaN,0,0,NaN,0.505,22.7,-4,NaN,NaN
NaN,NaN,NaN,NaN,NaN,0,0,NaN,0.505,24.6,16.3,NaN,NaN
NaN,NaN,NaN,NaN,NaN,NaN,NaN,NaN,-0.505,NaN,NaN,NaN,NaN
NaN,NaN,NaN,NaN,NaN,NaN,NaN,NaN,-0.505,NaN,NaN,NaN,NaN
6,4,6,4,3,2,4.87962088691325,1693384951.04743,-0.525,-0.01,-0.3,0,0
NaN,NaN,NaN,NaN,NaN,5,11.5643936287209,NaN,0.525,7.88,-0.3,0,NaN
NaN,NaN,NaN,NaN,NaN,1,11.7247430675474,NaN,-0.525,7.84,10.5,0,NaN
NaN,NaN,NaN,NaN,NaN,0,0,NaN,0.525,0,15.1,0,NaN
NaN,NaN,NaN,NaN,NaN,0,0,NaN,0.505,22.7,-4,NaN,NaN
NaN,NaN,NaN,NaN,NaN,0,0,NaN,0.505,24.6,16.3,NaN,NaN
NaN,NaN,NaN,NaN,NaN,NaN,NaN,NaN,-0.505,NaN,NaN,NaN,NaN
NaN,NaN,NaN,NaN,NaN,NaN,NaN,NaN,-0.505,NaN,NaN,NaN,NaN
6,4,6,2,4,2,5.54680989398411,1693384951.06712,-0.525,-0.01,-0.3,0,0
NaN,NaN,NaN,NaN,NaN,5,10.5218629529186,NaN,0.525,7.88,-0.3,0,NaN
NaN,NaN,NaN,NaN,NaN,1,12.4562233441762,NaN,-0.525,7.84,10.5,0,NaN
NaN,NaN,NaN,NaN,NaN,3,15.3607128740824,NaN,0.525,0,15.1,0,NaN
NaN,NaN,NaN,NaN,NaN,0,0,NaN,0.505,22.7,-4,NaN,NaN
NaN,NaN,NaN,NaN,NaN,0,0,NaN,0.505,24.6,16.3,NaN,NaN
NaN,NaN,NaN,NaN,NaN,NaN,NaN,NaN,-0.505,NaN,NaN,NaN,NaN
NaN,NaN,NaN,NaN,NaN,NaN,NaN,NaN,-0.505,NaN,NaN,NaN,NaN
6,4,6,1,4,2,4.99095181303126,1693384951.08501,-0.525,-0.01,-0.3,0,0
NaN,NaN,NaN,NaN,NaN,5,10.3614284729472,NaN,0.525,7.88,-0.3,0,NaN
NaN,NaN,NaN,NaN,NaN,6,23.2172349774903,NaN,-0.525,7.84,10.5,0,NaN
NaN,NaN,NaN,NaN,NaN,1,12.3760696507413,NaN,0.525,0,15.1,0,NaN
NaN,NaN,NaN,NaN,NaN,0,0,NaN,0.505,22.7,-4,NaN,NaN
NaN,NaN,NaN,NaN,NaN,0,0,NaN,0.505,24.6,16.3,NaN,NaN
NaN,NaN,NaN,NaN,NaN,NaN,NaN,NaN,-0.505,NaN,NaN,NaN,NaN
NaN,NaN,NaN,NaN,NaN,NaN,NaN,NaN,-0.505,NaN,NaN,NaN,NaN
6,4,6,4,4,2,5.00106988553449,1693384951.13724,-0.525,-0.01,-0.3,0,0
NaN,NaN,NaN,NaN,NaN,5,11.3839887561434,NaN,0.525,7.88,-0.3,0,NaN
NaN,NaN,NaN,NaN,NaN,1,11.9752703518543,NaN,-0.525,7.84,10.5,0,NaN
NaN,NaN,NaN,NaN,NaN,4,22.1466182520041,NaN,0.525,0,15.1,0,NaN
NaN,NaN,NaN,NaN,NaN,0,0,NaN,0.505,22.7,-4,NaN,NaN
NaN,NaN,NaN,NaN,NaN,0,0,NaN,0.505,24.6,16.3,NaN,NaN
NaN,NaN,NaN,NaN,NaN,NaN,NaN,NaN,-0.505,NaN,NaN,NaN,NaN
NaN,NaN,NaN,NaN,NaN,NaN,NaN,NaN,-0.505,NaN,NaN,NaN,NaN
6,4,6,3,4,2,4.36256805104516,1693384951.14618,-0.525,-0.01,-0.3,0,0
NaN,NaN,NaN,NaN,NaN,5,11.3739658870598,NaN,0.525,7.88,-0.3,0,NaN
NaN,NaN,NaN,NaN,NaN,6,23.6574723924599,NaN,-0.525,7.84,10.5,0,NaN
NaN,NaN,NaN,NaN,NaN,1,11.4641702708918,NaN,0.525,0,15.1,0,NaN
NaN,NaN,NaN,NaN,NaN,0,0,NaN,0.505,22.7,-4,NaN,NaN
NaN,NaN,NaN,NaN,NaN,0,0,NaN,0.505,24.6,16.3,NaN,NaN
NaN,NaN,NaN,NaN,NaN,NaN,NaN,NaN,-0.505,NaN,NaN,NaN,NaN
NaN,NaN,NaN,NaN,NaN,NaN,NaN,NaN,-0.505,NaN,NaN,NaN,NaN
6,4,6,2,3,2,5.71839138219832,1693384951.17629,-0.525,-0.01,-0.3,0,0
NaN,NaN,NaN,NaN,NaN,5,10.3514008713797,NaN,0.525,7.88,-0.3,0,NaN
NaN,NaN,NaN,NaN,NaN,1,12.7066911507284,NaN,-0.525,7.84,10.5,0,NaN
NaN,NaN,NaN,NaN,NaN,0,0,NaN,0.525,0,15.1,0,NaN
NaN,NaN,NaN,NaN,NaN,0,0,NaN,0.505,22.7,-4,NaN,NaN
NaN,NaN,NaN,NaN,NaN,0,0,NaN,0.505,24.6,16.3,NaN,NaN
NaN,NaN,NaN,NaN,NaN,NaN,NaN,NaN,-0.505,NaN,NaN,NaN,NaN
NaN,NaN,NaN,NaN,NaN,NaN,NaN,NaN,-0.505,NaN,NaN,NaN,NaN
6,4,6,1,4,2,5.17300686255103,1693384951.18423,-0.525,-0.01,-0.3,0,0
NaN,NaN,NaN,NaN,NaN,5,9.97031092795004,NaN,0.525,7.88,-0.3,0,NaN
NaN,NaN,NaN,NaN,NaN,6,23.0271296517825,NaN,-0.525,7.84,10.5,0,NaN
NaN,NaN,NaN,NaN,NaN,1,12.596487605678,NaN,0.525,0,15.1,0,NaN
NaN,NaN,NaN,NaN,NaN,0,0,NaN,0.505,22.7,-4,NaN,NaN
NaN,NaN,NaN,NaN,NaN,0,0,NaN,0.505,24.6,16.3,NaN,NaN
NaN,NaN,NaN,NaN,NaN,NaN,NaN,NaN,-0.505,NaN,NaN,NaN,NaN
NaN,NaN,NaN,NaN,NaN,NaN,NaN,NaN,-0.505,NaN,NaN,NaN,NaN
6,4,6,4,4,2,5.21344415909483,1693384951.24151,-0.525,-0.01,-0.3,0,0
NaN,NaN,NaN,NaN,NaN,5,11.0632364161668,NaN,0.525,7.88,-0.3,0,NaN
NaN,NaN,NaN,NaN,NaN,1,12.2357958466133,NaN,-0.525,7.84,10.5,0,NaN
NaN,NaN,NaN,NaN,NaN,4,22.3267261370762,NaN,0.525,0,15.1,0,NaN
NaN,NaN,NaN,NaN,NaN,0,0,NaN,0.505,22.7,-4,NaN,NaN
NaN,NaN,NaN,NaN,NaN,0,0,NaN,0.505,24.6,16.3,NaN,NaN
NaN,NaN,NaN,NaN,NaN,NaN,NaN,NaN,-0.505,NaN,NaN,NaN,NaN
NaN,NaN,NaN,NaN,NaN,NaN,NaN,NaN,-0.505,NaN,NaN,NaN,NaN
6,4,6,3,3,2,4.5553814329867,1693384951.24571,-0.525,-0.01,-0.3,0,0
NaN,NaN,NaN,NaN,NaN,5,11.1334046903901,NaN,0.525,7.88,-0.3,0,NaN
NaN,NaN,NaN,NaN,NaN,1,11.925166665502,NaN,-0.525,7.84,10.5,0,NaN
NaN,NaN,NaN,NaN,NaN,0,0,NaN,0.525,0,15.1,0,NaN
NaN,NaN,NaN,NaN,NaN,0,0,NaN,0.505,22.7,-4,NaN,NaN
NaN,NaN,NaN,NaN,NaN,0,0,NaN,0.505,24.6,16.3,NaN,NaN
NaN,NaN,NaN,NaN,NaN,NaN,NaN,NaN,-0.505,NaN,NaN,NaN,NaN
NaN,NaN,NaN,NaN,NaN,NaN,NaN,NaN,-0.505,NaN,NaN,NaN,NaN
6,4,6,2,3,2,5.91005076120332,1693384951.26699,-0.525,-0.01,-0.3,0,0
NaN,NaN,NaN,NaN,NaN,5,10.0906640019376,NaN,0.525,7.88,-0.3,0,NaN
NaN,NaN,NaN,NaN,NaN,1,12.967158516807,NaN,-0.525,7.84,10.5,0,NaN
NaN,NaN,NaN,NaN,NaN,0,0,NaN,0.525,0,15.1,0,NaN
NaN,NaN,NaN,NaN,NaN,0,0,NaN,0.505,22.7,-4,NaN,NaN
NaN,NaN,NaN,NaN,NaN,0,0,NaN,0.505,24.6,16.3,NaN,NaN
NaN,NaN,NaN,NaN,NaN,NaN,NaN,NaN,-0.505,NaN,NaN,NaN,NaN
NaN,NaN,NaN,NaN,NaN,NaN,NaN,NaN,-0.505,NaN,NaN,NaN,NaN
6,4,6,1,4,2,5.43573362114076,1693384951.28637,-0.525,-0.01,-0.3,0,0
NaN,NaN,NaN,NaN,NaN,5,9.69948452238571,NaN,0.525,7.88,-0.3,0,NaN
NaN,NaN,NaN,NaN,NaN,6,22.9971128622703,NaN,-0.525,7.84,10.5,0,NaN
NaN,NaN,NaN,NaN,NaN,1,12.9571408883287,NaN,0.525,0,15.1,0,NaN
NaN,NaN,NaN,NaN,NaN,0,0,NaN,0.505,22.7,-4,NaN,NaN
NaN,NaN,NaN,NaN,NaN,0,0,NaN,0.505,24.6,16.3,NaN,NaN
NaN,NaN,NaN,NaN,NaN,NaN,NaN,NaN,-0.505,NaN,NaN,NaN,NaN
NaN,NaN,NaN,NaN,NaN,NaN,NaN,NaN,-0.505,NaN,NaN,NaN,NaN
6,4,6,3,4,2,4.78848619085406,1693384951.33951,-0.525,-0.01,-0.3,0,0
NaN,NaN,NaN,NaN,NaN,5,10.872768736619,NaN,0.525,7.88,-0.3,0,NaN
NaN,NaN,NaN,NaN,NaN,6,23.2572569319772,NaN,-0.525,7.84,10.5,0,NaN
NaN,NaN,NaN,NaN,NaN,1,12.0053321486746,NaN,0.525,0,15.1,0,NaN
NaN,NaN,NaN,NaN,NaN,0,0,NaN,0.505,22.7,-4,NaN,NaN
NaN,NaN,NaN,NaN,NaN,0,0,NaN,0.505,24.6,16.3,NaN,NaN
NaN,NaN,NaN,NaN,NaN,NaN,NaN,NaN,-0.505,NaN,NaN,NaN,NaN
NaN,NaN,NaN,NaN,NaN,NaN,NaN,NaN,-0.505,NaN,NaN,NaN,NaN
6,4,6,4,4,2,5.3751279054549,1693384951.34311,-0.525,-0.01,-0.3,0,0
NaN,NaN,NaN,NaN,NaN,5,10.7725159549661,NaN,0.525,7.88,-0.3,0,NaN
NaN,NaN,NaN,NaN,NaN,1,12.5063184031113,NaN,-0.525,7.84,10.5,0,NaN
NaN,NaN,NaN,NaN,NaN,4,22.4568029781623,NaN,0.525,0,15.1,0,NaN
NaN,NaN,NaN,NaN,NaN,0,0,NaN,0.505,22.7,-4,NaN,NaN
NaN,NaN,NaN,NaN,NaN,0,0,NaN,0.505,24.6,16.3,NaN,NaN
NaN,NaN,NaN,NaN,NaN,NaN,NaN,NaN,-0.505,NaN,NaN,NaN,NaN
NaN,NaN,NaN,NaN,NaN,NaN,NaN,NaN,-0.505,NaN,NaN,NaN,NaN
6,4,6,2,3,2,6.16207757172855,1693384951.36742,-0.525,-0.01,-0.3,0,0
NaN,NaN,NaN,NaN,NaN,5,9.84994923844788,NaN,0.525,7.88,-0.3,0,NaN
NaN,NaN,NaN,NaN,NaN,1,13.3277755083135,NaN,-0.525,7.84,10.5,0,NaN
NaN,NaN,NaN,NaN,NaN,0,0,NaN,0.525,0,15.1,0,NaN
NaN,NaN,NaN,NaN,NaN,0,0,NaN,0.505,22.7,-4,NaN,NaN
NaN,NaN,NaN,NaN,NaN,0,0,NaN,0.505,24.6,16.3,NaN,NaN
NaN,NaN,NaN,NaN,NaN,NaN,NaN,NaN,-0.505,NaN,NaN,NaN,NaN
NaN,NaN,NaN,NaN,NaN,NaN,NaN,NaN,-0.505,NaN,NaN,NaN,NaN
6,4,6,1,4,2,5.64775176508316,1693384951.38564,-0.525,-0.01,-0.3,0,0
NaN,NaN,NaN,NaN,NaN,5,9.51890750033847,NaN,0.525,7.88,-0.3,0,NaN
NaN,NaN,NaN,NaN,NaN,6,22.9070622298015,NaN,-0.525,7.84,10.5,0,NaN
NaN,NaN,NaN,NaN,NaN,1,13.2075735848792,NaN,0.525,0,15.1,0,NaN
NaN,NaN,NaN,NaN,NaN,0,0,NaN,0.505,22.7,-4,NaN,NaN
NaN,NaN,NaN,NaN,NaN,0,0,NaN,0.505,24.6,16.3,NaN,NaN
NaN,NaN,NaN,NaN,NaN,NaN,NaN,NaN,-0.505,NaN,NaN,NaN,NaN
NaN,NaN,NaN,NaN,NaN,NaN,NaN,NaN,-0.505,NaN,NaN,NaN,NaN
6,4,6,4,4,2,5.69821024533142,1693384951.4432,-0.525,-0.01,-0.3,0,0
NaN,NaN,NaN,NaN,NaN,5,10.4617015824387,NaN,0.525,7.88,-0.3,0,NaN
NaN,NaN,NaN,NaN,NaN,1,12.7968550824021,NaN,-0.525,7.84,10.5,0,NaN
NaN,NaN,NaN,NaN,NaN,4,22.636907916056,NaN,0.525,0,15.1,0,NaN
NaN,NaN,NaN,NaN,NaN,0,0,NaN,0.505,22.7,-4,NaN,NaN
NaN,NaN,NaN,NaN,NaN,0,0,NaN,0.505,24.6,16.3,NaN,NaN
NaN,NaN,NaN,NaN,NaN,NaN,NaN,NaN,-0.505,NaN,NaN,NaN,NaN
NaN,NaN,NaN,NaN,NaN,NaN,NaN,NaN,-0.505,NaN,NaN,NaN,NaN
6,4,6,3,4,2,5.02130461135351,1693384951.44469,-0.525,-0.01,-0.3,0,0
NaN,NaN,NaN,NaN,NaN,5,10.5218629529186,NaN,0.525,7.88,-0.3,0,NaN
NaN,NaN,NaN,NaN,NaN,6,23.2572569319772,NaN,-0.525,7.84,10.5,0,NaN
NaN,NaN,NaN,NaN,NaN,1,12.3359920557692,NaN,0.525,0,15.1,0,NaN
NaN,NaN,NaN,NaN,NaN,0,0,NaN,0.505,22.7,-4,NaN,NaN
NaN,NaN,NaN,NaN,NaN,0,0,NaN,0.505,24.6,16.3,NaN,NaN
NaN,NaN,NaN,NaN,NaN,NaN,NaN,NaN,-0.505,NaN,NaN,NaN,NaN
NaN,NaN,NaN,NaN,NaN,NaN,NaN,NaN,-0.505,NaN,NaN,NaN,NaN
6,4,6,2,4,2,6.32329028275628,1693384951.46744,-0.525,-0.01,-0.3,0,0
NaN,NaN,NaN,NaN,NaN,5,9.6593581567307,NaN,0.525,7.88,-0.3,0,NaN
NaN,NaN,NaN,NaN,NaN,6,23.4973870887807,NaN,-0.525,7.84,10.5,0,NaN
NaN,NaN,NaN,NaN,NaN,1,13.5581525290137,NaN,0.525,0,15.1,0,NaN
NaN,NaN,NaN,NaN,NaN,0,0,NaN,0.505,22.7,-4,NaN,NaN
NaN,NaN,NaN,NaN,NaN,0,0,NaN,0.505,24.6,16.3,NaN,NaN
NaN,NaN,NaN,NaN,NaN,NaN,NaN,NaN,-0.505,NaN,NaN,NaN,NaN
NaN,NaN,NaN,NaN,NaN,NaN,NaN,NaN,-0.505,NaN,NaN,NaN,NaN
6,4,6,1,4,2,5.96046978014317,1693384951.48447,-0.525,-0.01,-0.3,0,0
NaN,NaN,NaN,NaN,NaN,5,9.35837592747802,NaN,0.525,7.88,-0.3,0,NaN
NaN,NaN,NaN,NaN,NaN,6,22.7069482758032,NaN,-0.525,7.84,10.5,0,NaN
NaN,NaN,NaN,NaN,NaN,1,13.4179245787119,NaN,0.525,0,15.1,0,NaN
NaN,NaN,NaN,NaN,NaN,0,0,NaN,0.505,22.7,-4,NaN,NaN
NaN,NaN,NaN,NaN,NaN,0,0,NaN,0.505,24.6,16.3,NaN,NaN
NaN,NaN,NaN,NaN,NaN,NaN,NaN,NaN,-0.505,NaN,NaN,NaN,NaN
NaN,NaN,NaN,NaN,NaN,NaN,NaN,NaN,-0.505,NaN,NaN,NaN,NaN
6,4,6,4,4,2,5.85962456135203,1693384951.54057,-0.525,-0.01,-0.3,0,0
NaN,NaN,NaN,NaN,NaN,5,10.180923337301,NaN,0.525,7.88,-0.3,0,NaN
NaN,NaN,NaN,NaN,NaN,1,12.8569630939814,NaN,-0.525,7.84,10.5,0,NaN
NaN,NaN,NaN,NaN,NaN,4,22.7769883874054,NaN,0.525,0,15.1,0,NaN
NaN,NaN,NaN,NaN,NaN,0,0,NaN,0.505,22.7,-4,NaN,NaN
NaN,NaN,NaN,NaN,NaN,0,0,NaN,0.505,24.6,16.3,NaN,NaN
NaN,NaN,NaN,NaN,NaN,NaN,NaN,NaN,-0.505,NaN,NaN,NaN,NaN
NaN,NaN,NaN,NaN,NaN,NaN,NaN,NaN,-0.505,NaN,NaN,NaN,NaN
6,4,6,3,4,2,5.30440383078061,1693384951.54551,-0.525,-0.01,-0.3,0,0
NaN,NaN,NaN,NaN,NaN,5,10.3213177453269,NaN,0.525,7.88,-0.3,0,NaN
NaN,NaN,NaN,NaN,NaN,6,23.0971686576515,NaN,-0.525,7.84,10.5,0,NaN
NaN,NaN,NaN,NaN,NaN,1,12.6465805655126,NaN,0.525,0,15.1,0,NaN
NaN,NaN,NaN,NaN,NaN,0,0,NaN,0.505,22.7,-4,NaN,NaN
NaN,NaN,NaN,NaN,NaN,0,0,NaN,0.505,24.6,16.3,NaN,NaN
NaN,NaN,NaN,NaN,NaN,NaN,NaN,NaN,-0.505,NaN,NaN,NaN,NaN
NaN,NaN,NaN,NaN,NaN,NaN,NaN,NaN,-0.505,NaN,NaN,NaN,NaN
6,4,6,2,3,2,6.63547285428853,1693384951.57471,-0.525,-0.01,-0.3,0,0
NaN,NaN,NaN,NaN,NaN,5,8.83651515021617,NaN,0.525,7.88,-0.3,0,NaN
NaN,NaN,NaN,NaN,NaN,1,13.8786562750145,NaN,-0.525,7.84,10.5,0,NaN
NaN,NaN,NaN,NaN,NaN,0,0,NaN,0.525,0,15.1,0,NaN
NaN,NaN,NaN,NaN,NaN,0,0,NaN,0.505,22.7,-4,NaN,NaN
NaN,NaN,NaN,NaN,NaN,0,0,NaN,0.505,24.6,16.3,NaN,NaN
NaN,NaN,NaN,NaN,NaN,NaN,NaN,NaN,-0.505,NaN,NaN,NaN,NaN
NaN,NaN,NaN,NaN,NaN,NaN,NaN,NaN,-0.505,NaN,NaN,NaN,NaN
6,4,6,1,4,2,6.22253967444162,1693384951.58755,-0.525,-0.01,-0.3,0,0
NaN,NaN,NaN,NaN,NaN,5,9.05732852446018,NaN,0.525,7.88,-0.3,0,NaN
NaN,NaN,NaN,NaN,NaN,6,22.586878934461,NaN,-0.525,7.84,10.5,0,NaN
NaN,NaN,NaN,NaN,NaN,1,13.728423070404,NaN,0.525,0,15.1,0,NaN
NaN,NaN,NaN,NaN,NaN,0,0,NaN,0.505,22.7,-4,NaN,NaN
NaN,NaN,NaN,NaN,NaN,0,0,NaN,0.505,24.6,16.3,NaN,NaN
NaN,NaN,NaN,NaN,NaN,NaN,NaN,NaN,-0.505,NaN,NaN,NaN,NaN
NaN,NaN,NaN,NaN,NaN,NaN,NaN,NaN,-0.505,NaN,NaN,NaN,NaN
6,4,6,4,4,2,6.09152690218142,1693384951.6424,-0.525,-0.01,-0.3,0,0
NaN,NaN,NaN,NaN,NaN,5,9.94022132550377,NaN,0.525,7.88,-0.3,0,NaN
NaN,NaN,NaN,NaN,NaN,1,12.9371055495424,NaN,-0.525,7.84,10.5,0,NaN
NaN,NaN,NaN,NaN,NaN,4,22.8370225730063,NaN,0.525,0,15.1,0,NaN
NaN,NaN,NaN,NaN,NaN,0,0,NaN,0.505,22.7,-4,NaN,NaN
NaN,NaN,NaN,NaN,NaN,0,0,NaN,0.505,24.6,16.3,NaN,NaN
NaN,NaN,NaN,NaN,NaN,NaN,NaN,NaN,-0.505,NaN,NaN,NaN,NaN
NaN,NaN,NaN,NaN,NaN,NaN,NaN,NaN,-0.505,NaN,NaN,NaN,NaN
6,4,6,3,4,2,5.51652064257898,1693384951.64558,-0.525,-0.01,-0.3,0,0
NaN,NaN,NaN,NaN,NaN,5,9.99037036350505,NaN,0.525,7.88,-0.3,0,NaN
NaN,NaN,NaN,NaN,NaN,6,22.927073515824,NaN,-0.525,7.84,10.5,0,NaN
NaN,NaN,NaN,NaN,NaN,1,12.9170701012265,NaN,0.525,0,15.1,0,NaN
NaN,NaN,NaN,NaN,NaN,0,0,NaN,0.505,22.7,-4,NaN,NaN
NaN,NaN,NaN,NaN,NaN,0,0,NaN,0.505,24.6,16.3,NaN,NaN
NaN,NaN,NaN,NaN,NaN,NaN,NaN,NaN,-0.505,NaN,NaN,NaN,NaN
NaN,NaN,NaN,NaN,NaN,NaN,NaN,NaN,-0.505,NaN,NaN,NaN,NaN
6,4,6,2,3,2,6.78645710219994,1693384951.66677,-0.525,-0.01,-0.3,0,0
NaN,NaN,NaN,NaN,NaN,5,8.6156601604288,NaN,0.525,7.88,-0.3,0,NaN
NaN,NaN,NaN,NaN,NaN,1,14.1190190877412,NaN,-0.525,7.84,10.5,0,NaN
NaN,NaN,NaN,NaN,NaN,0,0,NaN,0.525,0,15.1,0,NaN
NaN,NaN,NaN,NaN,NaN,0,0,NaN,0.505,22.7,-4,NaN,NaN
NaN,NaN,NaN,NaN,NaN,0,0,NaN,0.505,24.6,16.3,NaN,NaN
NaN,NaN,NaN,NaN,NaN,NaN,NaN,NaN,-0.505,NaN,NaN,NaN,NaN
NaN,NaN,NaN,NaN,NaN,NaN,NaN,NaN,-0.505,NaN,NaN,NaN,NaN
6,4,6,1,4,2,6.3736567212237,1693384951.68448,-0.525,-0.01,-0.3,0,0
NaN,NaN,NaN,NaN,NaN,5,8.76624777199458,NaN,0.525,7.88,-0.3,0,NaN
NaN,NaN,NaN,NaN,NaN,6,22.4868205845113,NaN,-0.525,7.84,10.5,0,NaN
NaN,NaN,NaN,NaN,NaN,1,13.9487633860497,NaN,0.525,0,15.1,0,NaN
NaN,NaN,NaN,NaN,NaN,0,0,NaN,0.505,22.7,-4,NaN,NaN
NaN,NaN,NaN,NaN,NaN,0,0,NaN,0.505,24.6,16.3,NaN,NaN
NaN,NaN,NaN,NaN,NaN,NaN,NaN,NaN,-0.505,NaN,NaN,NaN,NaN
NaN,NaN,NaN,NaN,NaN,NaN,NaN,NaN,-0.505,NaN,NaN,NaN,NaN
6,4,6,4,4,2,6.30314207360107,1693384951.74232,-0.525,-0.01,-0.3,0,0
NaN,NaN,NaN,NaN,NaN,5,9.59916663049455,NaN,0.525,7.88,-0.3,0,NaN
NaN,NaN,NaN,NaN,NaN,1,13.7684857555216,NaN,-0.525,7.84,10.5,0,NaN
NaN,NaN,NaN,NaN,NaN,4,23.08716309987,NaN,0.525,0,15.1,0,NaN
NaN,NaN,NaN,NaN,NaN,0,0,NaN,0.505,22.7,-4,NaN,NaN
NaN,NaN,NaN,NaN,NaN,0,0,NaN,0.505,24.6,16.3,NaN,NaN
NaN,NaN,NaN,NaN,NaN,NaN,NaN,NaN,-0.505,NaN,NaN,NaN,NaN
NaN,NaN,NaN,NaN,NaN,NaN,NaN,NaN,-0.505,NaN,NaN,NaN,NaN
6,4,6,3,4,2,5.74866071359234,1693384951.74526,-0.525,-0.01,-0.3,0,0
NaN,NaN,NaN,NaN,NaN,5,9.70951595085976,NaN,0.525,7.88,-0.3,0,NaN
NaN,NaN,NaN,NaN,NaN,6,22.8770452637573,NaN,-0.525,7.84,10.5,0,NaN
NaN,NaN,NaN,NaN,NaN,1,13.2175905519879,NaN,0.525,0,15.1,0,NaN
NaN,NaN,NaN,NaN,NaN,0,0,NaN,0.505,22.7,-4,NaN,NaN
NaN,NaN,NaN,NaN,NaN,0,0,NaN,0.505,24.6,16.3,NaN,NaN
NaN,NaN,NaN,NaN,NaN,NaN,NaN,NaN,-0.505,NaN,NaN,NaN,NaN
NaN,NaN,NaN,NaN,NaN,NaN,NaN,NaN,-0.505,NaN,NaN,NaN,NaN
6,4,6,2,3,2,6.98770348540921,1693384951.76655,-0.525,-0.01,-0.3,0,0
NaN,NaN,NaN,NaN,NaN,5,8.46505168324447,NaN,0.525,7.88,-0.3,0,NaN
NaN,NaN,NaN,NaN,NaN,1,14.4795407385732,NaN,-0.525,7.84,10.5,0,NaN
NaN,NaN,NaN,NaN,NaN,0,0,NaN,0.525,0,15.1,0,NaN
NaN,NaN,NaN,NaN,NaN,0,0,NaN,0.505,22.7,-4,NaN,NaN
NaN,NaN,NaN,NaN,NaN,0,0,NaN,0.505,24.6,16.3,NaN,NaN
NaN,NaN,NaN,NaN,NaN,NaN,NaN,NaN,-0.505,NaN,NaN,NaN,NaN
NaN,NaN,NaN,NaN,NaN,NaN,NaN,NaN,-0.505,NaN,NaN,NaN,NaN
6,4,6,1,4,2,6.6153382377623,1693384951.78531,-0.525,-0.01,-0.3,0,0
NaN,NaN,NaN,NaN,NaN,5,8.52529764876277,NaN,0.525,7.88,-0.3,0,NaN
NaN,NaN,NaN,NaN,NaN,6,22.2967082772323,NaN,-0.525,7.84,10.5,0,NaN
NaN,NaN,NaN,NaN,NaN,1,14.2291812835454,NaN,0.525,0,15.1,0,NaN
NaN,NaN,NaN,NaN,NaN,0,0,NaN,0.505,22.7,-4,NaN,NaN
NaN,NaN,NaN,NaN,NaN,0,0,NaN,0.505,24.6,16.3,NaN,NaN
NaN,NaN,NaN,NaN,NaN,NaN,NaN,NaN,-0.505,NaN,NaN,NaN,NaN
NaN,NaN,NaN,NaN,NaN,NaN,NaN,NaN,-0.505,NaN,NaN,NaN,NaN
6,4,6,4,4,2,6.50458299970106,1693384951.84372,-0.525,-0.01,-0.3,0,0
NaN,NaN,NaN,NaN,NaN,5,9.26806883876032,NaN,0.525,7.88,-0.3,0,NaN
NaN,NaN,NaN,NaN,NaN,1,13.708391590555,NaN,-0.525,7.84,10.5,0,NaN
NaN,NaN,NaN,NaN,NaN,4,23.2572569319772,NaN,0.525,0,15.1,0,NaN
NaN,NaN,NaN,NaN,NaN,0,0,NaN,0.505,22.7,-4,NaN,NaN
NaN,NaN,NaN,NaN,NaN,0,0,NaN,0.505,24.6,16.3,NaN,NaN
NaN,NaN,NaN,NaN,NaN,NaN,NaN,NaN,-0.505,NaN,NaN,NaN,NaN
NaN,NaN,NaN,NaN,NaN,NaN,NaN,NaN,-0.505,NaN,NaN,NaN,NaN
6,4,6,3,4,2,6.06128699205045,1693384951.84797,-0.525,-0.01,-0.3,0,0
NaN,NaN,NaN,NaN,NaN,5,9.38847697978751,NaN,0.525,7.88,-0.3,0,NaN
NaN,NaN,NaN,NaN,NaN,6,22.8770452637573,NaN,-0.525,7.84,10.5,0,NaN
NaN,NaN,NaN,NaN,NaN,1,13.3978916251774,NaN,0.525,0,15.1,0,NaN
NaN,NaN,NaN,NaN,NaN,0,0,NaN,0.505,22.7,-4,NaN,NaN
NaN,NaN,NaN,NaN,NaN,0,0,NaN,0.505,24.6,16.3,NaN,NaN
NaN,NaN,NaN,NaN,NaN,NaN,NaN,NaN,-0.505,NaN,NaN,NaN,NaN
NaN,NaN,NaN,NaN,NaN,NaN,NaN,NaN,-0.505,NaN,NaN,NaN,NaN
6,4,6,2,3,2,7.32966574954138,1693384951.86662,-0.525,-0.01,-0.3,0,0
NaN,NaN,NaN,NaN,NaN,5,8.1939001702486,NaN,0.525,7.88,-0.3,0,NaN
NaN,NaN,NaN,NaN,NaN,1,14.7499152539938,NaN,-0.525,7.84,10.5,0,NaN
NaN,NaN,NaN,NaN,NaN,0,0,NaN,0.525,0,15.1,0,NaN
NaN,NaN,NaN,NaN,NaN,0,0,NaN,0.505,22.7,-4,NaN,NaN
NaN,NaN,NaN,NaN,NaN,0,0,NaN,0.505,24.6,16.3,NaN,NaN
NaN,NaN,NaN,NaN,NaN,NaN,NaN,NaN,-0.505,NaN,NaN,NaN,NaN
NaN,NaN,NaN,NaN,NaN,NaN,NaN,NaN,-0.505,NaN,NaN,NaN,NaN
6,4,6,1,4,2,6.87702697391831,1693384951.88428,-0.525,-0.01,-0.3,0,0
NaN,NaN,NaN,NaN,NaN,5,8.21398806914157,NaN,0.525,7.88,-0.3,0,NaN
NaN,NaN,NaN,NaN,NaN,6,22.0765758214448,NaN,-0.525,7.84,10.5,0,NaN
NaN,NaN,NaN,NaN,NaN,1,14.4895548585869,NaN,0.525,0,15.1,0,NaN
NaN,NaN,NaN,NaN,NaN,0,0,NaN,0.505,22.7,-4,NaN,NaN
NaN,NaN,NaN,NaN,NaN,0,0,NaN,0.505,24.6,16.3,NaN,NaN
NaN,NaN,NaN,NaN,NaN,NaN,NaN,NaN,-0.505,NaN,NaN,NaN,NaN
NaN,NaN,NaN,NaN,NaN,NaN,NaN,NaN,-0.505,NaN,NaN,NaN,NaN
6,4,6,4,4,2,6.7663283987699,1693384951.94315,-0.525,-0.01,-0.3,0,0
NaN,NaN,NaN,NaN,NaN,5,8.98707405110251,NaN,0.525,7.88,-0.3,0,NaN
NaN,NaN,NaN,NaN,NaN,1,13.928732892837,NaN,-0.525,7.84,10.5,0,NaN
NaN,NaN,NaN,NaN,NaN,4,23.5073924542898,NaN,0.525,0,15.1,0,NaN
NaN,NaN,NaN,NaN,NaN,0,0,NaN,0.505,22.7,-4,NaN,NaN
NaN,NaN,NaN,NaN,NaN,0,0,NaN,0.505,24.6,16.3,NaN,NaN
NaN,NaN,NaN,NaN,NaN,NaN,NaN,NaN,-0.505,NaN,NaN,NaN,NaN
NaN,NaN,NaN,NaN,NaN,NaN,NaN,NaN,-0.505,NaN,NaN,NaN,NaN
6,4,6,3,4,2,6.22253967444162,1693384951.9462,-0.525,-0.01,-0.3,0,0
NaN,NaN,NaN,NaN,NaN,5,9.07740050895629,NaN,0.525,7.88,-0.3,0,NaN
NaN,NaN,NaN,NaN,NaN,6,22.6068905424873,NaN,-0.525,7.84,10.5,0,NaN
NaN,NaN,NaN,NaN,NaN,1,13.6683283542648,NaN,0.525,0,15.1,0,NaN
NaN,NaN,NaN,NaN,NaN,0,0,NaN,0.505,22.7,-4,NaN,NaN
NaN,NaN,NaN,NaN,NaN,0,0,NaN,0.505,24.6,16.3,NaN,NaN
NaN,NaN,NaN,NaN,NaN,NaN,NaN,NaN,-0.505,NaN,NaN,NaN,NaN
NaN,NaN,NaN,NaN,NaN,NaN,NaN,NaN,-0.505,NaN,NaN,NaN,NaN
6,4,6,2,3,2,7.56089280442462,1693384951.96685,-0.525,-0.01,-0.3,0,0
NaN,NaN,NaN,NaN,NaN,5,7.8925281120817,NaN,0.525,7.88,-0.3,0,NaN
NaN,NaN,NaN,NaN,NaN,1,14.9401706817559,NaN,-0.525,7.84,10.5,0,NaN
NaN,NaN,NaN,NaN,NaN,0,0,NaN,0.525,0,15.1,0,NaN
NaN,NaN,NaN,NaN,NaN,0,0,NaN,0.505,22.7,-4,NaN,NaN
NaN,NaN,NaN,NaN,NaN,0,0,NaN,0.505,24.6,16.3,NaN,NaN
NaN,NaN,NaN,NaN,NaN,NaN,NaN,NaN,-0.505,NaN,NaN,NaN,NaN
NaN,NaN,NaN,NaN,NaN,NaN,NaN,NaN,-0.505,NaN,NaN,NaN,NaN
6,4,6,1,4,2,7.15870798398706,1693384951.98513,-0.525,-0.01,-0.3,0,0
NaN,NaN,NaN,NaN,NaN,5,7.99299693481738,NaN,0.525,7.88,-0.3,0,NaN
NaN,NaN,NaN,NaN,NaN,6,21.8864592842241,NaN,-0.525,7.84,10.5,0,NaN
NaN,NaN,NaN,NaN,NaN,1,14.669805724685,NaN,0.525,0,15.1,0,NaN
NaN,NaN,NaN,NaN,NaN,0,0,NaN,0.505,22.7,-4,NaN,NaN
NaN,NaN,NaN,NaN,NaN,0,0,NaN,0.505,24.6,16.3,NaN,NaN
NaN,NaN,NaN,NaN,NaN,NaN,NaN,NaN,-0.505,NaN,NaN,NaN,NaN
NaN,NaN,NaN,NaN,NaN,NaN,NaN,NaN,-0.505,NaN,NaN,NaN,NaN
6,4,6,4,4,2,7.04806356384504,1693384952.04247,-0.525,-0.01,-0.3,0,0
NaN,NaN,NaN,NaN,NaN,5,8.62569997159651,NaN,0.525,7.88,-0.3,0,NaN
NaN,NaN,NaN,NaN,NaN,1,14.6097227899779,NaN,-0.525,7.84,10.5,0,NaN
NaN,NaN,NaN,NaN,NaN,4,23.5073924542898,NaN,0.525,0,15.1,0,NaN
NaN,NaN,NaN,NaN,NaN,0,0,NaN,0.505,22.7,-4,NaN,NaN
NaN,NaN,NaN,NaN,NaN,0,0,NaN,0.505,24.6,16.3,NaN,NaN
NaN,NaN,NaN,NaN,NaN,NaN,NaN,NaN,-0.505,NaN,NaN,NaN,NaN
NaN,NaN,NaN,NaN,NaN,NaN,NaN,NaN,-0.505,NaN,NaN,NaN,NaN
6,4,6,3,4,2,6.51465271522588,1693384952.0456,-0.525,-0.01,-0.3,0,0
NaN,NaN,NaN,NaN,NaN,5,8.84655300102814,NaN,0.525,7.88,-0.3,0,NaN
NaN,NaN,NaN,NaN,NaN,6,22.3967676239229,NaN,-0.525,7.84,10.5,0,NaN
NaN,NaN,NaN,NaN,NaN,1,14.0188694265979,NaN,0.525,0,15.1,0,NaN
NaN,NaN,NaN,NaN,NaN,0,0,NaN,0.505,22.7,-4,NaN,NaN
NaN,NaN,NaN,NaN,NaN,0,0,NaN,0.505,24.6,16.3,NaN,NaN
NaN,NaN,NaN,NaN,NaN,NaN,NaN,NaN,-0.505,NaN,NaN,NaN,NaN
NaN,NaN,NaN,NaN,NaN,NaN,NaN,NaN,-0.505,NaN,NaN,NaN,NaN
6,4,6,2,3,2,7.76190054046044,1693384952.06683,-0.525,-0.01,-0.3,0,0
NaN,NaN,NaN,NaN,NaN,5,7.5106324633815,NaN,0.525,7.88,-0.3,0,NaN
NaN,NaN,NaN,NaN,NaN,1,15.2005098598698,NaN,-0.525,7.84,10.5,0,NaN
NaN,NaN,NaN,NaN,NaN,0,0,NaN,0.525,0,15.1,0,NaN
NaN,NaN,NaN,NaN,NaN,0,0,NaN,0.505,22.7,-4,NaN,NaN
NaN,NaN,NaN,NaN,NaN,0,0,NaN,0.505,24.6,16.3,NaN,NaN
NaN,NaN,NaN,NaN,NaN,NaN,NaN,NaN,-0.505,NaN,NaN,NaN,NaN
NaN,NaN,NaN,NaN,NaN,NaN,NaN,NaN,-0.505,NaN,NaN,NaN,NaN
6,4,6,1,3,2,7.3497755067757,1693384952.08171,-0.525,-0.01,-0.3,0,0
NaN,NaN,NaN,NaN,NaN,5,7.76190054046044,NaN,0.525,7.88,-0.3,0,NaN
NaN,NaN,NaN,NaN,NaN,1,14.9601971912138,NaN,-0.525,7.84,10.5,0,NaN
NaN,NaN,NaN,NaN,NaN,0,0,NaN,0.525,0,15.1,0,NaN
NaN,NaN,NaN,NaN,NaN,0,0,NaN,0.505,22.7,-4,NaN,NaN
NaN,NaN,NaN,NaN,NaN,0,0,NaN,0.505,24.6,16.3,NaN,NaN
NaN,NaN,NaN,NaN,NaN,NaN,NaN,NaN,-0.505,NaN,NaN,NaN,NaN
NaN,NaN,NaN,NaN,NaN,NaN,NaN,NaN,-0.505,NaN,NaN,NaN,NaN
6,4,6,4,4,2,7.28944442327397,1693384952.14377,-0.525,-0.01,-0.3,0,0
NaN,NaN,NaN,NaN,NaN,5,8.36463388320134,NaN,0.525,7.88,-0.3,0,NaN
NaN,NaN,NaN,NaN,NaN,1,14.4494982611854,NaN,-0.525,7.84,10.5,0,NaN
NaN,NaN,NaN,NaN,NaN,4,23.8375669899426,NaN,0.525,0,15.1,0,NaN
NaN,NaN,NaN,NaN,NaN,0,0,NaN,0.505,22.7,-4,NaN,NaN
NaN,NaN,NaN,NaN,NaN,0,0,NaN,0.505,24.6,16.3,NaN,NaN
NaN,NaN,NaN,NaN,NaN,NaN,NaN,NaN,-0.505,NaN,NaN,NaN,NaN
NaN,NaN,NaN,NaN,NaN,NaN,NaN,NaN,-0.505,NaN,NaN,NaN,NaN
6,4,6,3,4,2,6.69587186257324,1693384952.14541,-0.525,-0.01,-0.3,0,0
NaN,NaN,NaN,NaN,NaN,5,8.58554016937781,NaN,0.525,7.88,-0.3,0,NaN
NaN,NaN,NaN,NaN,NaN,6,22.2566843891897,NaN,-0.525,7.84,10.5,0,NaN
NaN,NaN,NaN,NaN,NaN,1,14.1390487657409,NaN,0.525,0,15.1,0,NaN
NaN,NaN,NaN,NaN,NaN,0,0,NaN,0.505,22.7,-4,NaN,NaN
NaN,NaN,NaN,NaN,NaN,0,0,NaN,0.505,24.6,16.3,NaN,NaN
NaN,NaN,NaN,NaN,NaN,NaN,NaN,NaN,-0.505,NaN,NaN,NaN,NaN
NaN,NaN,NaN,NaN,NaN,NaN,NaN,NaN,-0.505,NaN,NaN,NaN,NaN
6,4,6,2,4,2,8.06331817554039,1693384952.1672,-0.525,-0.01,-0.3,0,0
NaN,NaN,NaN,NaN,NaN,5,7.12853421118255,NaN,0.525,7.88,-0.3,0,NaN
NaN,NaN,NaN,NaN,NaN,6,22.5568614838146,NaN,-0.525,7.84,10.5,0,NaN
NaN,NaN,NaN,NaN,NaN,1,15.4808623790795,NaN,0.525,0,15.1,0,NaN
NaN,NaN,NaN,NaN,NaN,0,0,NaN,0.505,22.7,-4,NaN,NaN
NaN,NaN,NaN,NaN,NaN,0,0,NaN,0.505,24.6,16.3,NaN,NaN
NaN,NaN,NaN,NaN,NaN,NaN,NaN,NaN,-0.505,NaN,NaN,NaN,NaN
NaN,NaN,NaN,NaN,NaN,NaN,NaN,NaN,-0.505,NaN,NaN,NaN,NaN
6,4,6,1,3,2,7.44026209215778,1693384952.17552,-0.525,-0.01,-0.3,0,0
NaN,NaN,NaN,NaN,NaN,5,7.4704216748454,NaN,0.525,7.88,-0.3,0,NaN
NaN,NaN,NaN,NaN,NaN,1,15.2405610132961,NaN,-0.525,7.84,10.5,0,NaN
NaN,NaN,NaN,NaN,NaN,0,0,NaN,0.525,0,15.1,0,NaN
NaN,NaN,NaN,NaN,NaN,0,0,NaN,0.505,22.7,-4,NaN,NaN
NaN,NaN,NaN,NaN,NaN,0,0,NaN,0.505,24.6,16.3,NaN,NaN
NaN,NaN,NaN,NaN,NaN,NaN,NaN,NaN,-0.505,NaN,NaN,NaN,NaN
NaN,NaN,NaN,NaN,NaN,NaN,NaN,NaN,-0.505,NaN,NaN,NaN,NaN
6,4,6,4,4,2,7.4704216748454,1693384952.24515,-0.525,-0.01,-0.3,0,0
NaN,NaN,NaN,NaN,NaN,5,8.05327262670276,NaN,0.525,7.88,-0.3,0,NaN
NaN,NaN,NaN,NaN,NaN,1,14.7499152539938,NaN,-0.525,7.84,10.5,0,NaN
NaN,NaN,NaN,NaN,NaN,6,23.08716309987,NaN,0.525,0,15.1,0,NaN
NaN,NaN,NaN,NaN,NaN,0,0,NaN,0.505,22.7,-4,NaN,NaN
NaN,NaN,NaN,NaN,NaN,0,0,NaN,0.505,24.6,16.3,NaN,NaN
NaN,NaN,NaN,NaN,NaN,NaN,NaN,NaN,-0.505,NaN,NaN,NaN,NaN
NaN,NaN,NaN,NaN,NaN,NaN,NaN,NaN,-0.505,NaN,NaN,NaN,NaN
6,4,6,3,4,2,6.93739864790831,1693384952.24608,-0.525,-0.01,-0.3,0,0
NaN,NaN,NaN,NaN,NaN,5,8.30437836324911,NaN,0.525,7.88,-0.3,0,NaN
NaN,NaN,NaN,NaN,NaN,6,22.1166001003771,NaN,-0.525,7.84,10.5,0,NaN
NaN,NaN,NaN,NaN,NaN,1,14.459512439913,NaN,0.525,0,15.1,0,NaN
NaN,NaN,NaN,NaN,NaN,0,0,NaN,0.505,22.7,-4,NaN,NaN
NaN,NaN,NaN,NaN,NaN,0,0,NaN,0.505,24.6,16.3,NaN,NaN
NaN,NaN,NaN,NaN,NaN,NaN,NaN,NaN,-0.505,NaN,NaN,NaN,NaN
NaN,NaN,NaN,NaN,NaN,NaN,NaN,NaN,-0.505,NaN,NaN,NaN,NaN
6,4,6,1,3,2,7.68150375903052,1693384952.27582,-0.525,-0.01,-0.3,0,0
NaN,NaN,NaN,NaN,NaN,5,7.15870798398706,NaN,0.525,7.88,-0.3,0,NaN
NaN,NaN,NaN,NaN,NaN,1,15.5909974023473,NaN,-0.525,7.84,10.5,0,NaN
NaN,NaN,NaN,NaN,NaN,0,0,NaN,0.525,0,15.1,0,NaN
NaN,NaN,NaN,NaN,NaN,0,0,NaN,0.505,22.7,-4,NaN,NaN
NaN,NaN,NaN,NaN,NaN,0,0,NaN,0.505,24.6,16.3,NaN,NaN
NaN,NaN,NaN,NaN,NaN,NaN,NaN,NaN,-0.505,NaN,NaN,NaN,NaN
NaN,NaN,NaN,NaN,NaN,NaN,NaN,NaN,-0.505,NaN,NaN,NaN,NaN
6,4,6,2,4,2,8.29433541641523,1693384952.27784,-0.525,-0.01,-0.3,0,0
NaN,NaN,NaN,NaN,NaN,5,7.04806356384504,NaN,0.525,7.88,-0.3,0,NaN
NaN,NaN,NaN,NaN,NaN,6,22.3067142358528,NaN,-0.525,7.84,10.5,0,NaN
NaN,NaN,NaN,NaN,NaN,1,15.7712142842585,NaN,0.525,0,15.1,0,NaN
NaN,NaN,NaN,NaN,NaN,0,0,NaN,0.505,22.7,-4,NaN,NaN
NaN,NaN,NaN,NaN,NaN,0,0,NaN,0.505,24.6,16.3,NaN,NaN
NaN,NaN,NaN,NaN,NaN,NaN,NaN,NaN,-0.505,NaN,NaN,NaN,NaN
NaN,NaN,NaN,NaN,NaN,NaN,NaN,NaN,-0.505,NaN,NaN,NaN,NaN
6,4,6,4,4,2,7.76190054046044,1693384952.34432,-0.525,-0.01,-0.3,0,0
NaN,NaN,NaN,NaN,NaN,5,7.74180211578674,NaN,0.525,7.88,-0.3,0,NaN
NaN,NaN,NaN,NaN,NaN,1,15.2205354702126,NaN,-0.525,7.84,10.5,0,NaN
NaN,NaN,NaN,NaN,NaN,6,23.0271296517825,NaN,0.525,0,15.1,0,NaN
NaN,NaN,NaN,NaN,NaN,0,0,NaN,0.505,22.7,-4,NaN,NaN
NaN,NaN,NaN,NaN,NaN,0,0,NaN,0.505,24.6,16.3,NaN,NaN
NaN,NaN,NaN,NaN,NaN,NaN,NaN,NaN,-0.505,NaN,NaN,NaN,NaN
NaN,NaN,NaN,NaN,NaN,NaN,NaN,NaN,-0.505,NaN,NaN,NaN,NaN
6,4,6,3,3,2,7.09835896528205,1693384952.34715,-0.525,-0.01,-0.3,0,0
NaN,NaN,NaN,NaN,NaN,5,8.02313529737596,NaN,0.525,7.88,-0.3,0,NaN
NaN,NaN,NaN,NaN,NaN,1,14.7399016278943,NaN,-0.525,7.84,10.5,0,NaN
NaN,NaN,NaN,NaN,NaN,0,0,NaN,0.525,0,15.1,0,NaN
NaN,NaN,NaN,NaN,NaN,0,0,NaN,0.505,22.7,-4,NaN,NaN
NaN,NaN,NaN,NaN,NaN,0,0,NaN,0.505,24.6,16.3,NaN,NaN
NaN,NaN,NaN,NaN,NaN,NaN,NaN,NaN,-0.505,NaN,NaN,NaN,NaN
NaN,NaN,NaN,NaN,NaN,NaN,NaN,NaN,-0.505,NaN,NaN,NaN,NaN
6,4,6,2,3,2,8.54537886813686,1693384952.37477,-0.525,-0.01,-0.3,0,0
NaN,NaN,NaN,NaN,NaN,5,6.63547285428853,NaN,0.525,7.88,-0.3,0,NaN
NaN,NaN,NaN,NaN,NaN,1,16.0815764152648,NaN,-0.525,7.84,10.5,0,NaN
NaN,NaN,NaN,NaN,NaN,0,0,NaN,0.525,0,15.1,0,NaN
NaN,NaN,NaN,NaN,NaN,0,0,NaN,0.505,22.7,-4,NaN,NaN
NaN,NaN,NaN,NaN,NaN,0,0,NaN,0.505,24.6,16.3,NaN,NaN
NaN,NaN,NaN,NaN,NaN,NaN,NaN,NaN,-0.505,NaN,NaN,NaN,NaN
NaN,NaN,NaN,NaN,NaN,NaN,NaN,NaN,-0.505,NaN,NaN,NaN,NaN
6,4,6,1,3,2,8.41484402707501,1693384952.37649,-0.525,-0.01,-0.3,0,0
NaN,NaN,NaN,NaN,NaN,5,6.87702697391831,NaN,0.525,7.88,-0.3,0,NaN
NaN,NaN,NaN,NaN,NaN,1,15.7211545377558,NaN,-0.525,7.84,10.5,0,NaN
NaN,NaN,NaN,NaN,NaN,0,0,NaN,0.525,0,15.1,0,NaN
NaN,NaN,NaN,NaN,NaN,0,0,NaN,0.505,22.7,-4,NaN,NaN
NaN,NaN,NaN,NaN,NaN,0,0,NaN,0.505,24.6,16.3,NaN,NaN
NaN,NaN,NaN,NaN,NaN,NaN,NaN,NaN,-0.505,NaN,NaN,NaN,NaN
NaN,NaN,NaN,NaN,NaN,NaN,NaN,NaN,-0.505,NaN,NaN,NaN,NaN
6,4,6,3,4,2,7.21905118419311,1693384952.43894,-0.525,-0.01,-0.3,0,0
NaN,NaN,NaN,NaN,NaN,5,7.82219278719209,NaN,0.525,7.88,-0.3,0,NaN
NaN,NaN,NaN,NaN,NaN,6,23.5374085234547,NaN,-0.525,7.84,10.5,0,NaN
NaN,NaN,NaN,NaN,NaN,1,15.0002499979167,NaN,0.525,0,15.1,0,NaN
NaN,NaN,NaN,NaN,NaN,0,0,NaN,0.505,22.7,-4,NaN,NaN
NaN,NaN,NaN,NaN,NaN,0,0,NaN,0.505,24.6,16.3,NaN,NaN
NaN,NaN,NaN,NaN,NaN,NaN,NaN,NaN,-0.505,NaN,NaN,NaN,NaN
NaN,NaN,NaN,NaN,NaN,NaN,NaN,NaN,-0.505,NaN,NaN,NaN,NaN
6,4,6,4,4,2,7.92267000448712,1693384952.44485,-0.525,-0.01,-0.3,0,0
NaN,NaN,NaN,NaN,NaN,5,7.48047458387501,NaN,0.525,7.88,-0.3,0,NaN
NaN,NaN,NaN,NaN,NaN,1,15.580985206334,NaN,-0.525,7.84,10.5,0,NaN
NaN,NaN,NaN,NaN,NaN,6,22.6769310092878,NaN,0.525,0,15.1,0,NaN
NaN,NaN,NaN,NaN,NaN,0,0,NaN,0.505,22.7,-4,NaN,NaN
NaN,NaN,NaN,NaN,NaN,0,0,NaN,0.505,24.6,16.3,NaN,NaN
NaN,NaN,NaN,NaN,NaN,NaN,NaN,NaN,-0.505,NaN,NaN,NaN,NaN
NaN,NaN,NaN,NaN,NaN,NaN,NaN,NaN,-0.505,NaN,NaN,NaN,NaN
6,4,6,2,4,5,6.40387382761403,1693384952.46928,-0.525,-0.01,-0.3,0,0
NaN,NaN,NaN,NaN,NaN,2,8.76624777199458,NaN,0.525,7.88,-0.3,0,NaN
NaN,NaN,NaN,NaN,NaN,6,21.8464344916968,NaN,-0.525,7.84,10.5,0,NaN
NaN,NaN,NaN,NaN,NaN,1,16.3518806257874,NaN,0.525,0,15.1,0,NaN
NaN,NaN,NaN,NaN,NaN,0,0,NaN,0.505,22.7,-4,NaN,NaN
NaN,NaN,NaN,NaN,NaN,0,0,NaN,0.505,24.6,16.3,NaN,NaN
NaN,NaN,NaN,NaN,NaN,NaN,NaN,NaN,-0.505,NaN,NaN,NaN,NaN
NaN,NaN,NaN,NaN,NaN,NaN,NaN,NaN,-0.505,NaN,NaN,NaN,NaN
6,4,6,1,4,2,8.49517510119715,1693384952.47518,-0.525,-0.01,-0.3,0,0
NaN,NaN,NaN,NaN,NaN,5,6.58513477462686,NaN,0.525,7.88,-0.3,0,NaN
NaN,NaN,NaN,NaN,NaN,6,21.1359788039258,NaN,-0.525,7.84,10.5,0,NaN
NaN,NaN,NaN,NaN,NaN,1,15.9814611347023,NaN,0.525,0,15.1,0,NaN
NaN,NaN,NaN,NaN,NaN,0,0,NaN,0.505,22.7,-4,NaN,NaN
NaN,NaN,NaN,NaN,NaN,0,0,NaN,0.505,24.6,16.3,NaN,NaN
NaN,NaN,NaN,NaN,NaN,NaN,NaN,NaN,-0.505,NaN,NaN,NaN,NaN
NaN,NaN,NaN,NaN,NaN,NaN,NaN,NaN,-0.505,NaN,NaN,NaN,NaN
6,4,6,4,4,2,8.1939001702486,1693384952.54526,-0.525,-0.01,-0.3,0,0
NaN,NaN,NaN,NaN,NaN,5,7.15870798398706,NaN,0.525,7.88,-0.3,0,NaN
NaN,NaN,NaN,NaN,NaN,1,15.8112618092295,NaN,-0.525,7.84,10.5,0,NaN
NaN,NaN,NaN,NaN,NaN,6,22.5368498242323,NaN,0.525,0,15.1,0,NaN
NaN,NaN,NaN,NaN,NaN,0,0,NaN,0.505,22.7,-4,NaN,NaN
NaN,NaN,NaN,NaN,NaN,0,0,NaN,0.505,24.6,16.3,NaN,NaN
NaN,NaN,NaN,NaN,NaN,NaN,NaN,NaN,-0.505,NaN,NaN,NaN,NaN
NaN,NaN,NaN,NaN,NaN,NaN,NaN,NaN,-0.505,NaN,NaN,NaN,NaN
6,4,6,3,4,2,7.37993902413834,1693384952.55078,-0.525,-0.01,-0.3,0,0
NaN,NaN,NaN,NaN,NaN,5,7.52068480924443,NaN,0.525,7.88,-0.3,0,NaN
NaN,NaN,NaN,NaN,NaN,6,22.5668673058535,NaN,-0.525,7.84,10.5,0,NaN
NaN,NaN,NaN,NaN,NaN,1,15.1704713176618,NaN,0.525,0,15.1,0,NaN
NaN,NaN,NaN,NaN,NaN,0,0,NaN,0.505,22.7,-4,NaN,NaN
NaN,NaN,NaN,NaN,NaN,0,0,NaN,0.505,24.6,16.3,NaN,NaN
NaN,NaN,NaN,NaN,NaN,NaN,NaN,NaN,-0.505,NaN,NaN,NaN,NaN
NaN,NaN,NaN,NaN,NaN,NaN,NaN,NaN,-0.505,NaN,NaN,NaN,NaN
6,4,6,2,4,5,6.08144719618612,1693384952.57569,-0.525,-0.01,-0.3,0,0
NaN,NaN,NaN,NaN,NaN,2,8.98707405110251,NaN,0.525,7.88,-0.3,0,NaN
NaN,NaN,NaN,NaN,NaN,6,21.5962774570063,NaN,-0.525,7.84,10.5,0,NaN
NaN,NaN,NaN,NaN,NaN,1,16.5420887435656,NaN,0.525,0,15.1,0,NaN
NaN,NaN,NaN,NaN,NaN,0,0,NaN,0.505,22.7,-4,NaN,NaN
NaN,NaN,NaN,NaN,NaN,0,0,NaN,0.505,24.6,16.3,NaN,NaN
NaN,NaN,NaN,NaN,NaN,NaN,NaN,NaN,-0.505,NaN,NaN,NaN,NaN
NaN,NaN,NaN,NaN,NaN,NaN,NaN,NaN,-0.505,NaN,NaN,NaN,NaN
6,4,6,1,4,2,8.90677831766346,1693384952.58105,-0.525,-0.01,-0.3,0,0
NaN,NaN,NaN,NaN,NaN,5,6.46430197314451,NaN,0.525,7.88,-0.3,0,NaN
NaN,NaN,NaN,NaN,NaN,6,20.8958177633707,NaN,-0.525,7.84,10.5,0,NaN
NaN,NaN,NaN,NaN,NaN,1,16.1917015782777,NaN,0.525,0,15.1,0,NaN
NaN,NaN,NaN,NaN,NaN,0,0,NaN,0.505,22.7,-4,NaN,NaN
NaN,NaN,NaN,NaN,NaN,0,0,NaN,0.505,24.6,16.3,NaN,NaN
NaN,NaN,NaN,NaN,NaN,NaN,NaN,NaN,-0.505,NaN,NaN,NaN,NaN
NaN,NaN,NaN,NaN,NaN,NaN,NaN,NaN,-0.505,NaN,NaN,NaN,NaN
6,4,6,4,4,2,8.36463388320134,1693384952.6453,-0.525,-0.01,-0.3,0,0
NaN,NaN,NaN,NaN,NaN,5,6.87702697391831,NaN,0.525,7.88,-0.3,0,NaN
NaN,NaN,NaN,NaN,NaN,1,15.9213912708657,NaN,-0.525,7.84,10.5,0,NaN
NaN,NaN,NaN,NaN,NaN,6,22.2867023132629,NaN,0.525,0,15.1,0,NaN
NaN,NaN,NaN,NaN,NaN,0,0,NaN,0.505,22.7,-4,NaN,NaN
NaN,NaN,NaN,NaN,NaN,0,0,NaN,0.505,24.6,16.3,NaN,NaN
NaN,NaN,NaN,NaN,NaN,NaN,NaN,NaN,-0.505,NaN,NaN,NaN,NaN
NaN,NaN,NaN,NaN,NaN,NaN,NaN,NaN,-0.505,NaN,NaN,NaN,NaN
6,4,6,3,4,2,7.59104735856654,1693384952.64995,-0.525,-0.01,-0.3,0,0
NaN,NaN,NaN,NaN,NaN,5,7.3095553900357,NaN,0.525,7.88,-0.3,0,NaN
NaN,NaN,NaN,NaN,NaN,6,23.5674245516985,NaN,-0.525,7.84,10.5,0,NaN
NaN,NaN,NaN,NaN,NaN,1,15.400762968113,NaN,0.525,0,15.1,0,NaN
NaN,NaN,NaN,NaN,NaN,0,0,NaN,0.505,22.7,-4,NaN,NaN
NaN,NaN,NaN,NaN,NaN,0,0,NaN,0.505,24.6,16.3,NaN,NaN
NaN,NaN,NaN,NaN,NaN,NaN,NaN,NaN,-0.505,NaN,NaN,NaN,NaN
NaN,NaN,NaN,NaN,NaN,NaN,NaN,NaN,-0.505,NaN,NaN,NaN,NaN
6,4,6,2,4,5,5.7890154603352,1693384952.67442,-0.525,-0.01,-0.3,0,0
NaN,NaN,NaN,NaN,NaN,2,9.1376145683652,NaN,0.525,7.88,-0.3,0,NaN
NaN,NaN,NaN,NaN,NaN,6,21.2960841470915,NaN,-0.525,7.84,10.5,0,NaN
NaN,NaN,NaN,NaN,NaN,1,16.842407785112,NaN,0.525,0,15.1,0,NaN
NaN,NaN,NaN,NaN,NaN,0,0,NaN,0.505,22.7,-4,NaN,NaN
NaN,NaN,NaN,NaN,NaN,0,0,NaN,0.505,24.6,16.3,NaN,NaN
NaN,NaN,NaN,NaN,NaN,NaN,NaN,NaN,-0.505,NaN,NaN,NaN,NaN
NaN,NaN,NaN,NaN,NaN,NaN,NaN,NaN,-0.505,NaN,NaN,NaN,NaN
6,4,6,1,4,5,6.41394574345621,1693384952.68116,-0.525,-0.01,-0.3,0,0
NaN,NaN,NaN,NaN,NaN,2,8.71605415311309,NaN,0.525,7.88,-0.3,0,NaN
NaN,NaN,NaN,NaN,NaN,6,20.7156945333725,NaN,-0.525,7.84,10.5,0,NaN
NaN,NaN,NaN,NaN,NaN,1,16.3418695380914,NaN,0.525,0,15.1,0,NaN
NaN,NaN,NaN,NaN,NaN,0,0,NaN,0.505,22.7,-4,NaN,NaN
NaN,NaN,NaN,NaN,NaN,0,0,NaN,0.505,24.6,16.3,NaN,NaN
NaN,NaN,NaN,NaN,NaN,NaN,NaN,NaN,-0.505,NaN,NaN,NaN,NaN
NaN,NaN,NaN,NaN,NaN,NaN,NaN,NaN,-0.505,NaN,NaN,NaN,NaN
6,4,6,4,4,2,8.58554016937781,1693384952.74619,-0.525,-0.01,-0.3,0,0
NaN,NaN,NaN,NaN,NaN,5,6.58513477462686,NaN,0.525,7.88,-0.3,0,NaN
NaN,NaN,NaN,NaN,NaN,1,16.1516562618203,NaN,-0.525,7.84,10.5,0,NaN
NaN,NaN,NaN,NaN,NaN,6,21.9965269985968,NaN,0.525,0,15.1,0,NaN
NaN,NaN,NaN,NaN,NaN,0,0,NaN,0.505,22.7,-4,NaN,NaN
NaN,NaN,NaN,NaN,NaN,0,0,NaN,0.505,24.6,16.3,NaN,NaN
NaN,NaN,NaN,NaN,NaN,NaN,NaN,NaN,-0.505,NaN,NaN,NaN,NaN
NaN,NaN,NaN,NaN,NaN,NaN,NaN,NaN,-0.505,NaN,NaN,NaN,NaN
6,4,6,3,3,2,7.92267000448712,1693384952.75074,-0.525,-0.01,-0.3,0,0
NaN,NaN,NaN,NaN,NaN,5,7.08830021937559,NaN,0.525,7.88,-0.3,0,NaN
NaN,NaN,NaN,NaN,NaN,6,22.9170678752758,NaN,-0.525,7.84,10.5,0,NaN
NaN,NaN,NaN,NaN,NaN,0,0,NaN,0.525,0,15.1,0,NaN
NaN,NaN,NaN,NaN,NaN,0,0,NaN,0.505,22.7,-4,NaN,NaN
NaN,NaN,NaN,NaN,NaN,0,0,NaN,0.505,24.6,16.3,NaN,NaN
NaN,NaN,NaN,NaN,NaN,NaN,NaN,NaN,-0.505,NaN,NaN,NaN,NaN
NaN,NaN,NaN,NaN,NaN,NaN,NaN,NaN,-0.505,NaN,NaN,NaN,NaN
6,4,6,2,4,5,5.58719070732331,1693384952.77613,-0.525,-0.01,-0.3,0,0
NaN,NaN,NaN,NaN,NaN,2,9.26806883876032,NaN,0.525,7.88,-0.3,0,NaN
NaN,NaN,NaN,NaN,NaN,6,21.1960184940474,NaN,-0.525,7.84,10.5,0,NaN
NaN,NaN,NaN,NaN,NaN,1,17.0025733346456,NaN,0.525,0,15.1,0,NaN
NaN,NaN,NaN,NaN,NaN,0,0,NaN,0.505,22.7,-4,NaN,NaN
NaN,NaN,NaN,NaN,NaN,0,0,NaN,0.505,24.6,16.3,NaN,NaN
NaN,NaN,NaN,NaN,NaN,NaN,NaN,NaN,-0.505,NaN,NaN,NaN,NaN
NaN,NaN,NaN,NaN,NaN,NaN,NaN,NaN,-0.505,NaN,NaN,NaN,NaN
6,4,6,1,3,5,6.19230974677462,1693384952.78102,-0.525,-0.01,-0.3,0,0
NaN,NaN,NaN,NaN,NaN,2,8.92685274886956,NaN,0.525,7.88,-0.3,0,NaN
NaN,NaN,NaN,NaN,NaN,6,20.4755268552484,NaN,-0.525,7.84,10.5,0,NaN
NaN,NaN,NaN,NaN,NaN,0,0,NaN,0.525,0,15.1,0,NaN
NaN,NaN,NaN,NaN,NaN,0,0,NaN,0.505,22.7,-4,NaN,NaN
NaN,NaN,NaN,NaN,NaN,0,0,NaN,0.505,24.6,16.3,NaN,NaN
NaN,NaN,NaN,NaN,NaN,NaN,NaN,NaN,-0.505,NaN,NaN,NaN,NaN
NaN,NaN,NaN,NaN,NaN,NaN,NaN,NaN,-0.505,NaN,NaN,NaN,NaN
6,4,6,3,3,5,6.88708937069935,1693384952.83838,-0.525,-0.01,-0.3,0,0
NaN,NaN,NaN,NaN,NaN,2,8.49517510119715,NaN,0.525,7.88,-0.3,0,NaN
NaN,NaN,NaN,NaN,NaN,6,21.1159655237453,NaN,-0.525,7.84,10.5,0,NaN
NaN,NaN,NaN,NaN,NaN,0,0,NaN,0.525,0,15.1,0,NaN
NaN,NaN,NaN,NaN,NaN,0,0,NaN,0.505,22.7,-4,NaN,NaN
NaN,NaN,NaN,NaN,NaN,0,0,NaN,0.505,24.6,16.3,NaN,NaN
NaN,NaN,NaN,NaN,NaN,NaN,NaN,NaN,-0.505,NaN,NaN,NaN,NaN
NaN,NaN,NaN,NaN,NaN,NaN,NaN,NaN,-0.505,NaN,NaN,NaN,NaN
6,4,6,4,4,5,6.38372931756979,1693384952.84439,-0.525,-0.01,-0.3,0,0
NaN,NaN,NaN,NaN,NaN,2,8.85659076620344,NaN,0.525,7.88,-0.3,0,NaN
NaN,NaN,NaN,NaN,NaN,1,16.3518806257874,NaN,-0.525,7.84,10.5,0,NaN
NaN,NaN,NaN,NaN,NaN,6,21.7663846331907,NaN,0.525,0,15.1,0,NaN
NaN,NaN,NaN,NaN,NaN,0,0,NaN,0.505,22.7,-4,NaN,NaN
NaN,NaN,NaN,NaN,NaN,0,0,NaN,0.505,24.6,16.3,NaN,NaN
NaN,NaN,NaN,NaN,NaN,NaN,NaN,NaN,-0.505,NaN,NaN,NaN,NaN
NaN,NaN,NaN,NaN,NaN,NaN,NaN,NaN,-0.505,NaN,NaN,NaN,NaN
6,4,6,1,3,5,6.01088179887111,1693384952.87498,-0.525,-0.01,-0.3,0,0
NaN,NaN,NaN,NaN,NaN,2,9.06736455647395,NaN,0.525,7.88,-0.3,0,NaN
NaN,NaN,NaN,NaN,NaN,6,20.2353551982662,NaN,-0.525,7.84,10.5,0,NaN
NaN,NaN,NaN,NaN,NaN,0,0,NaN,0.525,0,15.1,0,NaN
NaN,NaN,NaN,NaN,NaN,0,0,NaN,0.505,22.7,-4,NaN,NaN
NaN,NaN,NaN,NaN,NaN,0,0,NaN,0.505,24.6,16.3,NaN,NaN
NaN,NaN,NaN,NaN,NaN,NaN,NaN,NaN,-0.505,NaN,NaN,NaN,NaN
NaN,NaN,NaN,NaN,NaN,NaN,NaN,NaN,-0.505,NaN,NaN,NaN,NaN
6,4,6,2,4,5,5.38522980011067,1693384952.87787,-0.525,-0.01,-0.3,0,0
NaN,NaN,NaN,NaN,NaN,2,10.0405179149285,NaN,0.525,7.88,-0.3,0,NaN
NaN,NaN,NaN,NaN,NaN,6,20.9158313246211,NaN,-0.525,7.84,10.5,0,NaN
NaN,NaN,NaN,NaN,NaN,1,17.1927659205842,NaN,0.525,0,15.1,0,NaN
NaN,NaN,NaN,NaN,NaN,0,0,NaN,0.505,22.7,-4,NaN,NaN
NaN,NaN,NaN,NaN,NaN,0,0,NaN,0.505,24.6,16.3,NaN,NaN
NaN,NaN,NaN,NaN,NaN,NaN,NaN,NaN,-0.505,NaN,NaN,NaN,NaN
NaN,NaN,NaN,NaN,NaN,NaN,NaN,NaN,-0.505,NaN,NaN,NaN,NaN
6,4,6,3,4,2,8.52529764876277,1693384952.94033,-0.525,-0.01,-0.3,0,0
NaN,NaN,NaN,NaN,NaN,5,6.66567325931897,NaN,0.525,7.88,-0.3,0,NaN
NaN,NaN,NaN,NaN,NaN,6,20.9858785853726,NaN,-0.525,7.84,10.5,0,NaN
NaN,NaN,NaN,NaN,NaN,1,16.0014843061511,NaN,0.525,0,15.1,0,NaN
NaN,NaN,NaN,NaN,NaN,0,0,NaN,0.505,22.7,-4,NaN,NaN
NaN,NaN,NaN,NaN,NaN,0,0,NaN,0.505,24.6,16.3,NaN,NaN
NaN,NaN,NaN,NaN,NaN,NaN,NaN,NaN,-0.505,NaN,NaN,NaN,NaN
NaN,NaN,NaN,NaN,NaN,NaN,NaN,NaN,-0.505,NaN,NaN,NaN,NaN
6,4,6,4,4,5,6.16207757172855,1693384952.94253,-0.525,-0.01,-0.3,0,0
NaN,NaN,NaN,NaN,NaN,2,9.01718359577978,NaN,0.525,7.88,-0.3,0,NaN
NaN,NaN,NaN,NaN,NaN,1,16.7523132730975,NaN,-0.525,7.84,10.5,0,NaN
NaN,NaN,NaN,NaN,NaN,6,21.6663217921271,NaN,0.525,0,15.1,0,NaN
NaN,NaN,NaN,NaN,NaN,0,0,NaN,0.505,22.7,-4,NaN,NaN
NaN,NaN,NaN,NaN,NaN,0,0,NaN,0.505,24.6,16.3,NaN,NaN
NaN,NaN,NaN,NaN,NaN,NaN,NaN,NaN,-0.505,NaN,NaN,NaN,NaN
NaN,NaN,NaN,NaN,NaN,NaN,NaN,NaN,-0.505,NaN,NaN,NaN,NaN
6,4,6,2,3,5,5.15278565438152,1693384952.97363,-0.525,-0.01,-0.3,0,0
NaN,NaN,NaN,NaN,NaN,2,9.79979591624234,NaN,0.525,7.88,-0.3,0,NaN
NaN,NaN,NaN,NaN,NaN,6,20.61562514211,NaN,-0.525,7.84,10.5,0,NaN
NaN,NaN,NaN,NaN,NaN,0,0,NaN,0.525,0,15.1,0,NaN
NaN,NaN,NaN,NaN,NaN,0,0,NaN,0.505,22.7,-4,NaN,NaN
NaN,NaN,NaN,NaN,NaN,0,0,NaN,0.505,24.6,16.3,NaN,NaN
NaN,NaN,NaN,NaN,NaN,NaN,NaN,NaN,-0.505,NaN,NaN,NaN,NaN
NaN,NaN,NaN,NaN,NaN,NaN,NaN,NaN,-0.505,NaN,NaN,NaN,NaN
6,4,6,1,3,5,5.85962456135203,1693384952.97519,-0.525,-0.01,-0.3,0,0
NaN,NaN,NaN,NaN,NaN,2,9.2580343486077,NaN,0.525,7.88,-0.3,0,NaN
NaN,NaN,NaN,NaN,NaN,6,20.0151942283856,NaN,-0.525,7.84,10.5,0,NaN
NaN,NaN,NaN,NaN,NaN,0,0,NaN,0.525,0,15.1,0,NaN
NaN,NaN,NaN,NaN,NaN,0,0,NaN,0.505,22.7,-4,NaN,NaN
NaN,NaN,NaN,NaN,NaN,0,0,NaN,0.505,24.6,16.3,NaN,NaN
NaN,NaN,NaN,NaN,NaN,NaN,NaN,NaN,-0.505,NaN,NaN,NaN,NaN
NaN,NaN,NaN,NaN,NaN,NaN,NaN,NaN,-0.505,NaN,NaN,NaN,NaN
6,4,6,4,4,5,5.81927830576954,1693384953.04403,-0.525,-0.01,-0.3,0,0
NaN,NaN,NaN,NaN,NaN,2,9.21789563837647,NaN,0.525,7.88,-0.3,0,NaN
NaN,NaN,NaN,NaN,NaN,1,16.842407785112,NaN,-0.525,7.84,10.5,0,NaN
NaN,NaN,NaN,NaN,NaN,6,21.2960841470915,NaN,0.525,0,15.1,0,NaN
NaN,NaN,NaN,NaN,NaN,0,0,NaN,0.505,22.7,-4,NaN,NaN
NaN,NaN,NaN,NaN,NaN,0,0,NaN,0.505,24.6,16.3,NaN,NaN
NaN,NaN,NaN,NaN,NaN,NaN,NaN,NaN,-0.505,NaN,NaN,NaN,NaN
NaN,NaN,NaN,NaN,NaN,NaN,NaN,NaN,-0.505,NaN,NaN,NaN,NaN
6,4,6,3,4,5,6.54486057911091,1693384953.04571,-0.525,-0.01,-0.3,0,0
NaN,NaN,NaN,NaN,NaN,2,8.46505168324447,NaN,0.525,7.88,-0.3,0,NaN
NaN,NaN,NaN,NaN,NaN,6,20.8057564149925,NaN,-0.525,7.84,10.5,0,NaN
NaN,NaN,NaN,NaN,NaN,1,16.1116107202229,NaN,0.525,0,15.1,0,NaN
NaN,NaN,NaN,NaN,NaN,0,0,NaN,0.505,22.7,-4,NaN,NaN
NaN,NaN,NaN,NaN,NaN,0,0,NaN,0.505,24.6,16.3,NaN,NaN
NaN,NaN,NaN,NaN,NaN,NaN,NaN,NaN,-0.505,NaN,NaN,NaN,NaN
NaN,NaN,NaN,NaN,NaN,NaN,NaN,NaN,-0.505,NaN,NaN,NaN,NaN
6,4,6,2,4,5,5.00106988553449,1693384953.06786,-0.525,-0.01,-0.3,0,0
NaN,NaN,NaN,NaN,NaN,2,9.9803406755481,NaN,0.525,7.88,-0.3,0,NaN
NaN,NaN,NaN,NaN,NaN,6,20.7156945333725,NaN,-0.525,7.84,10.5,0,NaN
NaN,NaN,NaN,NaN,NaN,1,17.7332907267659,NaN,0.525,0,15.1,0,NaN
NaN,NaN,NaN,NaN,NaN,0,0,NaN,0.505,22.7,-4,NaN,NaN
NaN,NaN,NaN,NaN,NaN,0,0,NaN,0.505,24.6,16.3,NaN,NaN
NaN,NaN,NaN,NaN,NaN,NaN,NaN,NaN,-0.505,NaN,NaN,NaN,NaN
NaN,NaN,NaN,NaN,NaN,NaN,NaN,NaN,-0.505,NaN,NaN,NaN,NaN
6,4,6,1,3,5,5.77892723608803,1693384953.07534,-0.525,-0.01,-0.3,0,0
NaN,NaN,NaN,NaN,NaN,2,9.3985105202899,NaN,0.525,7.88,-0.3,0,NaN
NaN,NaN,NaN,NaN,NaN,6,19.7149689322606,NaN,-0.525,7.84,10.5,0,NaN
NaN,NaN,NaN,NaN,NaN,0,0,NaN,0.525,0,15.1,0,NaN
NaN,NaN,NaN,NaN,NaN,0,0,NaN,0.505,22.7,-4,NaN,NaN
NaN,NaN,NaN,NaN,NaN,0,0,NaN,0.505,24.6,16.3,NaN,NaN
NaN,NaN,NaN,NaN,NaN,NaN,NaN,NaN,-0.505,NaN,NaN,NaN,NaN
NaN,NaN,NaN,NaN,NaN,NaN,NaN,NaN,-0.505,NaN,NaN,NaN,NaN
6,4,6,4,4,5,5.66793613231483,1693384953.14483,-0.525,-0.01,-0.3,0,0
NaN,NaN,NaN,NaN,NaN,2,9.37844336763836,NaN,0.525,7.88,-0.3,0,NaN
NaN,NaN,NaN,NaN,NaN,1,16.9925630791826,NaN,-0.525,7.84,10.5,0,NaN
NaN,NaN,NaN,NaN,NaN,6,21.0659322129357,NaN,0.525,0,15.1,0,NaN
NaN,NaN,NaN,NaN,NaN,0,0,NaN,0.505,22.7,-4,NaN,NaN
NaN,NaN,NaN,NaN,NaN,0,0,NaN,0.505,24.6,16.3,NaN,NaN
NaN,NaN,NaN,NaN,NaN,NaN,NaN,NaN,-0.505,NaN,NaN,NaN,NaN
NaN,NaN,NaN,NaN,NaN,NaN,NaN,NaN,-0.505,NaN,NaN,NaN,NaN
6,4,6,3,4,5,6.3635838958876,1693384953.14782,-0.525,-0.01,-0.3,0,0
NaN,NaN,NaN,NaN,NaN,2,8.77628623051915,NaN,0.525,7.88,-0.3,0,NaN
NaN,NaN,NaN,NaN,NaN,6,20.5155550741383,NaN,-0.525,7.84,10.5,0,NaN
NaN,NaN,NaN,NaN,NaN,1,16.3018250512021,NaN,0.525,0,15.1,0,NaN
NaN,NaN,NaN,NaN,NaN,0,0,NaN,0.505,22.7,-4,NaN,NaN
NaN,NaN,NaN,NaN,NaN,0,0,NaN,0.505,24.6,16.3,NaN,NaN
NaN,NaN,NaN,NaN,NaN,NaN,NaN,NaN,-0.505,NaN,NaN,NaN,NaN
NaN,NaN,NaN,NaN,NaN,NaN,NaN,NaN,-0.505,NaN,NaN,NaN,NaN
6,4,6,1,4,5,5.45593255090273,1693384953.17576,-0.525,-0.01,-0.3,0,0
NaN,NaN,NaN,NaN,NaN,2,9.43864397040168,NaN,0.525,7.88,-0.3,0,NaN
NaN,NaN,NaN,NaN,NaN,6,19.454768053102,NaN,-0.525,7.84,10.5,0,NaN
NaN,NaN,NaN,NaN,NaN,1,17.2328059235866,NaN,0.525,0,15.1,0,NaN
NaN,NaN,NaN,NaN,NaN,0,0,NaN,0.505,22.7,-4,NaN,NaN
NaN,NaN,NaN,NaN,NaN,0,0,NaN,0.505,24.6,16.3,NaN,NaN
NaN,NaN,NaN,NaN,NaN,NaN,NaN,NaN,-0.505,NaN,NaN,NaN,NaN
NaN,NaN,NaN,NaN,NaN,NaN,NaN,NaN,-0.505,NaN,NaN,NaN,NaN
6,4,6,2,4,5,4.78848619085406,1693384953.17648,-0.525,-0.01,-0.3,0,0
NaN,NaN,NaN,NaN,NaN,2,10.13077983178,NaN,0.525,7.88,-0.3,0,NaN
NaN,NaN,NaN,NaN,NaN,6,20.2253479574518,NaN,-0.525,7.84,10.5,0,NaN
NaN,NaN,NaN,NaN,NaN,1,17.8333844236028,NaN,0.525,0,15.1,0,NaN
NaN,NaN,NaN,NaN,NaN,0,0,NaN,0.505,22.7,-4,NaN,NaN
NaN,NaN,NaN,NaN,NaN,0,0,NaN,0.505,24.6,16.3,NaN,NaN
NaN,NaN,NaN,NaN,NaN,NaN,NaN,NaN,-0.505,NaN,NaN,NaN,NaN
NaN,NaN,NaN,NaN,NaN,NaN,NaN,NaN,-0.505,NaN,NaN,NaN,NaN
6,4,6,4,4,5,5.41553321474442,1693384953.24261,-0.525,-0.01,-0.3,0,0
NaN,NaN,NaN,NaN,NaN,2,9.58913447606196,NaN,0.525,7.88,-0.3,0,NaN
NaN,NaN,NaN,NaN,NaN,6,20.9358448599525,NaN,-0.525,7.84,10.5,0,NaN
NaN,NaN,NaN,NaN,NaN,1,17.2027759387838,NaN,0.525,0,15.1,0,NaN
NaN,NaN,NaN,NaN,NaN,0,0,NaN,0.505,22.7,-4,NaN,NaN
NaN,NaN,NaN,NaN,NaN,0,0,NaN,0.505,24.6,16.3,NaN,NaN
NaN,NaN,NaN,NaN,NaN,NaN,NaN,NaN,-0.505,NaN,NaN,NaN,NaN
NaN,NaN,NaN,NaN,NaN,NaN,NaN,NaN,-0.505,NaN,NaN,NaN,NaN
6,4,6,3,4,5,6.21246327956955,1693384953.24457,-0.525,-0.01,-0.3,0,0
NaN,NaN,NaN,NaN,NaN,2,8.94692684668876,NaN,0.525,7.88,-0.3,0,NaN
NaN,NaN,NaN,NaN,NaN,6,20.2953984932546,NaN,-0.525,7.84,10.5,0,NaN
NaN,NaN,NaN,NaN,NaN,1,16.3618916999227,NaN,0.525,0,15.1,0,NaN
NaN,NaN,NaN,NaN,NaN,0,0,NaN,0.505,22.7,-4,NaN,NaN
NaN,NaN,NaN,NaN,NaN,0,0,NaN,0.505,24.6,16.3,NaN,NaN
NaN,NaN,NaN,NaN,NaN,NaN,NaN,NaN,-0.505,NaN,NaN,NaN,NaN
NaN,NaN,NaN,NaN,NaN,NaN,NaN,NaN,-0.505,NaN,NaN,NaN,NaN
6,4,6,2,4,5,4.72770557458901,1693384953.27291,-0.525,-0.01,-0.3,0,0
NaN,NaN,NaN,NaN,NaN,2,10.2110087650535,NaN,0.525,7.88,-0.3,0,NaN
NaN,NaN,NaN,NaN,NaN,6,20.61562514211,NaN,-0.525,7.84,10.5,0,NaN
NaN,NaN,NaN,NaN,NaN,1,17.9835230141371,NaN,0.525,0,15.1,0,NaN
NaN,NaN,NaN,NaN,NaN,0,0,NaN,0.505,22.7,-4,NaN,NaN
NaN,NaN,NaN,NaN,NaN,0,0,NaN,0.505,24.6,16.3,NaN,NaN
NaN,NaN,NaN,NaN,NaN,NaN,NaN,NaN,-0.505,NaN,NaN,NaN,NaN
NaN,NaN,NaN,NaN,NaN,NaN,NaN,NaN,-0.505,NaN,NaN,NaN,NaN
6,4,6,1,4,5,5.74866071359234,1693384953.28113,-0.525,-0.01,-0.3,0,0
NaN,NaN,NaN,NaN,NaN,2,9.56906996525786,NaN,0.525,7.88,-0.3,0,NaN
NaN,NaN,NaN,NaN,NaN,6,19.2345938350671,NaN,-0.525,7.84,10.5,0,NaN
NaN,NaN,NaN,NaN,NaN,1,17.3529248255157,NaN,0.525,0,15.1,0,NaN
NaN,NaN,NaN,NaN,NaN,0,0,NaN,0.505,22.7,-4,NaN,NaN
NaN,NaN,NaN,NaN,NaN,0,0,NaN,0.505,24.6,16.3,NaN,NaN
NaN,NaN,NaN,NaN,NaN,NaN,NaN,NaN,-0.505,NaN,NaN,NaN,NaN
NaN,NaN,NaN,NaN,NaN,NaN,NaN,NaN,-0.505,NaN,NaN,NaN,NaN
6,4,6,4,4,5,5.28419341054053,1693384953.34593,-0.525,-0.01,-0.3,0,0
NaN,NaN,NaN,NaN,NaN,2,9.91013117975741,NaN,0.525,7.88,-0.3,0,NaN
NaN,NaN,NaN,NaN,NaN,6,20.6556529792694,NaN,-0.525,7.84,10.5,0,NaN
NaN,NaN,NaN,NaN,NaN,1,17.2227959402647,NaN,0.525,0,15.1,0,NaN
NaN,NaN,NaN,NaN,NaN,0,0,NaN,0.505,22.7,-4,NaN,NaN
NaN,NaN,NaN,NaN,NaN,0,0,NaN,0.505,24.6,16.3,NaN,NaN
NaN,NaN,NaN,NaN,NaN,NaN,NaN,NaN,-0.505,NaN,NaN,NaN,NaN
NaN,NaN,NaN,NaN,NaN,NaN,NaN,NaN,-0.505,NaN,NaN,NaN,NaN
6,4,6,3,4,5,6.07136722658085,1693384953.34702,-0.525,-0.01,-0.3,0,0
NaN,NaN,NaN,NaN,NaN,2,9.10750789184396,NaN,0.525,7.88,-0.3,0,NaN
NaN,NaN,NaN,NaN,NaN,6,20.265376877818,NaN,-0.525,7.84,10.5,0,NaN
NaN,NaN,NaN,NaN,NaN,1,16.4620017008868,NaN,0.525,0,15.1,0,NaN
NaN,NaN,NaN,NaN,NaN,0,0,NaN,0.505,22.7,-4,NaN,NaN
NaN,NaN,NaN,NaN,NaN,0,0,NaN,0.505,24.6,16.3,NaN,NaN
NaN,NaN,NaN,NaN,NaN,NaN,NaN,NaN,-0.505,NaN,NaN,NaN,NaN
NaN,NaN,NaN,NaN,NaN,NaN,NaN,NaN,-0.505,NaN,NaN,NaN,NaN
6,4,6,2,4,5,4.51480896605825,1693384953.37591,-0.525,-0.01,-0.3,0,0
NaN,NaN,NaN,NaN,NaN,2,10.4215929684478,NaN,0.525,7.88,-0.3,0,NaN
NaN,NaN,NaN,NaN,NaN,6,19.684946024818,NaN,-0.525,7.84,10.5,0,NaN
NaN,NaN,NaN,NaN,NaN,1,18.1436683170741,NaN,0.525,0,15.1,0,NaN
NaN,NaN,NaN,NaN,NaN,0,0,NaN,0.505,22.7,-4,NaN,NaN
NaN,NaN,NaN,NaN,NaN,0,0,NaN,0.505,24.6,16.3,NaN,NaN
NaN,NaN,NaN,NaN,NaN,NaN,NaN,NaN,-0.505,NaN,NaN,NaN,NaN
NaN,NaN,NaN,NaN,NaN,NaN,NaN,NaN,-0.505,NaN,NaN,NaN,NaN
6,4,6,1,3,5,5.45593255090273,1693384953.3808,-0.525,-0.01,-0.3,0,0
NaN,NaN,NaN,NaN,NaN,2,9.70951595085976,NaN,0.525,7.88,-0.3,0,NaN
NaN,NaN,NaN,NaN,NaN,6,18.9543662516055,NaN,-0.525,7.84,10.5,0,NaN
NaN,NaN,NaN,NaN,NaN,0,0,NaN,0.525,0,15.1,0,NaN
NaN,NaN,NaN,NaN,NaN,0,0,NaN,0.505,22.7,-4,NaN,NaN
NaN,NaN,NaN,NaN,NaN,0,0,NaN,0.505,24.6,16.3,NaN,NaN
NaN,NaN,NaN,NaN,NaN,NaN,NaN,NaN,-0.505,NaN,NaN,NaN,NaN
NaN,NaN,NaN,NaN,NaN,NaN,NaN,NaN,-0.505,NaN,NaN,NaN,NaN
6,4,6,4,4,5,5.11233801699379,1693384953.44445,-0.525,-0.01,-0.3,0,0
NaN,NaN,NaN,NaN,NaN,2,10.0605765242356,NaN,0.525,7.88,-0.3,0,NaN
NaN,NaN,NaN,NaN,NaN,6,20.3554415329169,NaN,-0.525,7.84,10.5,0,NaN
NaN,NaN,NaN,NaN,NaN,1,17.3228952545468,NaN,0.525,0,15.1,0,NaN
NaN,NaN,NaN,NaN,NaN,0,0,NaN,0.505,22.7,-4,NaN,NaN
NaN,NaN,NaN,NaN,NaN,0,0,NaN,0.505,24.6,16.3,NaN,NaN
NaN,NaN,NaN,NaN,NaN,NaN,NaN,NaN,-0.505,NaN,NaN,NaN,NaN
NaN,NaN,NaN,NaN,NaN,NaN,NaN,NaN,-0.505,NaN,NaN,NaN,NaN
6,4,6,3,4,5,6.00079994667378,1693384953.44774,-0.525,-0.01,-0.3,0,0
NaN,NaN,NaN,NaN,NaN,2,9.26806883876032,NaN,0.525,7.88,-0.3,0,NaN
NaN,NaN,NaN,NaN,NaN,6,19.8250523328439,NaN,-0.525,7.84,10.5,0,NaN
NaN,NaN,NaN,NaN,NaN,1,17.1727458491646,NaN,0.525,0,15.1,0,NaN
NaN,NaN,NaN,NaN,NaN,0,0,NaN,0.505,22.7,-4,NaN,NaN
NaN,NaN,NaN,NaN,NaN,0,0,NaN,0.505,24.6,16.3,NaN,NaN
NaN,NaN,NaN,NaN,NaN,NaN,NaN,NaN,-0.505,NaN,NaN,NaN,NaN
NaN,NaN,NaN,NaN,NaN,NaN,NaN,NaN,-0.505,NaN,NaN,NaN,NaN
6,4,6,2,4,5,4.46407885235017,1693384953.4726,-0.525,-0.01,-0.3,0,0
NaN,NaN,NaN,NaN,NaN,2,10.5419163343294,NaN,0.525,7.88,-0.3,0,NaN
NaN,NaN,NaN,NaN,NaN,6,19.3847130492045,NaN,-0.525,7.84,10.5,0,NaN
NaN,NaN,NaN,NaN,NaN,1,18.2737845013013,NaN,0.525,0,15.1,0,NaN
NaN,NaN,NaN,NaN,NaN,0,0,NaN,0.505,22.7,-4,NaN,NaN
NaN,NaN,NaN,NaN,NaN,0,0,NaN,0.505,24.6,16.3,NaN,NaN
NaN,NaN,NaN,NaN,NaN,NaN,NaN,NaN,-0.505,NaN,NaN,NaN,NaN
NaN,NaN,NaN,NaN,NaN,NaN,NaN,NaN,-0.505,NaN,NaN,NaN,NaN
6,4,6,1,3,5,5.52661741031528,1693384953.47575,-0.525,-0.01,-0.3,0,0
NaN,NaN,NaN,NaN,NaN,2,9.88004048574701,NaN,0.525,7.88,-0.3,0,NaN
NaN,NaN,NaN,NaN,NaN,6,18.834266643541,NaN,-0.525,7.84,10.5,0,NaN
NaN,NaN,NaN,NaN,NaN,0,0,NaN,0.525,0,15.1,0,NaN
NaN,NaN,NaN,NaN,NaN,0,0,NaN,0.505,22.7,-4,NaN,NaN
NaN,NaN,NaN,NaN,NaN,0,0,NaN,0.505,24.6,16.3,NaN,NaN
NaN,NaN,NaN,NaN,NaN,NaN,NaN,NaN,-0.505,NaN,NaN,NaN,NaN
NaN,NaN,NaN,NaN,NaN,NaN,NaN,NaN,-0.505,NaN,NaN,NaN,NaN
6,4,6,4,4,5,4.99095181303126,1693384953.54419,-0.525,-0.01,-0.3,0,0
NaN,NaN,NaN,NaN,NaN,2,10.3012620586023,NaN,0.525,7.88,-0.3,0,NaN
NaN,NaN,NaN,NaN,NaN,6,20.0852458287172,NaN,-0.525,7.84,10.5,0,NaN
NaN,NaN,NaN,NaN,NaN,1,17.6432054910665,NaN,0.525,0,15.1,0,NaN
NaN,NaN,NaN,NaN,NaN,0,0,NaN,0.505,22.7,-4,NaN,NaN
NaN,NaN,NaN,NaN,NaN,0,0,NaN,0.505,24.6,16.3,NaN,NaN
NaN,NaN,NaN,NaN,NaN,NaN,NaN,NaN,-0.505,NaN,NaN,NaN,NaN
NaN,NaN,NaN,NaN,NaN,NaN,NaN,NaN,-0.505,NaN,NaN,NaN,NaN
6,4,6,3,4,5,5.97055273823119,1693384953.54842,-0.525,-0.01,-0.3,0,0
NaN,NaN,NaN,NaN,NaN,2,9.40854398937476,NaN,0.525,7.88,-0.3,0,NaN
NaN,NaN,NaN,NaN,NaN,6,19.6048845954267,NaN,-0.525,7.84,10.5,0,NaN
NaN,NaN,NaN,NaN,NaN,1,17.3429149798989,NaN,0.525,0,15.1,0,NaN
NaN,NaN,NaN,NaN,NaN,0,0,NaN,0.505,22.7,-4,NaN,NaN
NaN,NaN,NaN,NaN,NaN,0,0,NaN,0.505,24.6,16.3,NaN,NaN
NaN,NaN,NaN,NaN,NaN,NaN,NaN,NaN,-0.505,NaN,NaN,NaN,NaN
NaN,NaN,NaN,NaN,NaN,NaN,NaN,NaN,-0.505,NaN,NaN,NaN,NaN
6,4,6,2,4,5,4.44378217287931,1693384953.57277,-0.525,-0.01,-0.3,0,0
NaN,NaN,NaN,NaN,NaN,2,10.6822843998838,NaN,0.525,7.88,-0.3,0,NaN
NaN,NaN,NaN,NaN,NaN,6,19.0444401335403,NaN,-0.525,7.84,10.5,0,NaN
NaN,NaN,NaN,NaN,NaN,1,18.4439339621459,NaN,0.525,0,15.1,0,NaN
NaN,NaN,NaN,NaN,NaN,0,0,NaN,0.505,22.7,-4,NaN,NaN
NaN,NaN,NaN,NaN,NaN,0,0,NaN,0.505,24.6,16.3,NaN,NaN
NaN,NaN,NaN,NaN,NaN,NaN,NaN,NaN,-0.505,NaN,NaN,NaN,NaN
NaN,NaN,NaN,NaN,NaN,NaN,NaN,NaN,-0.505,NaN,NaN,NaN,NaN
6,4,6,1,4,5,5.61747274136689,1693384953.57465,-0.525,-0.01,-0.3,0,0
NaN,NaN,NaN,NaN,NaN,2,10.02045907132,NaN,0.525,7.88,-0.3,0,NaN
NaN,NaN,NaN,NaN,NaN,6,18.4139077873221,NaN,-0.525,7.84,10.5,0,NaN
NaN,NaN,NaN,NaN,NaN,1,17.7132718603876,NaN,0.525,0,15.1,0,NaN
NaN,NaN,NaN,NaN,NaN,0,0,NaN,0.505,22.7,-4,NaN,NaN
NaN,NaN,NaN,NaN,NaN,0,0,NaN,0.505,24.6,16.3,NaN,NaN
NaN,NaN,NaN,NaN,NaN,NaN,NaN,NaN,-0.505,NaN,NaN,NaN,NaN
NaN,NaN,NaN,NaN,NaN,NaN,NaN,NaN,-0.505,NaN,NaN,NaN,NaN
6,4,6,4,4,5,4.88974436959643,1693384953.64594,-0.525,-0.01,-0.3,0,0
NaN,NaN,NaN,NaN,NaN,2,10.4115656843724,NaN,0.525,7.88,-0.3,0,NaN
NaN,NaN,NaN,NaN,NaN,6,19.8350598688282,NaN,-0.525,7.84,10.5,0,NaN
NaN,NaN,NaN,NaN,NaN,1,17.8033564251239,NaN,0.525,0,15.1,0,NaN
NaN,NaN,NaN,NaN,NaN,0,0,NaN,0.505,22.7,-4,NaN,NaN
NaN,NaN,NaN,NaN,NaN,0,0,NaN,0.505,24.6,16.3,NaN,NaN
NaN,NaN,NaN,NaN,NaN,NaN,NaN,NaN,-0.505,NaN,NaN,NaN,NaN
NaN,NaN,NaN,NaN,NaN,NaN,NaN,NaN,-0.505,NaN,NaN,NaN,NaN
6,4,6,3,4,5,5.82936531708213,1693384953.65028,-0.525,-0.01,-0.3,0,0
NaN,NaN,NaN,NaN,NaN,2,9.50887480199419,NaN,0.525,7.88,-0.3,0,NaN
NaN,NaN,NaN,NaN,NaN,6,19.3947209312225,NaN,-0.525,7.84,10.5,0,NaN
NaN,NaN,NaN,NaN,NaN,1,17.3529248255157,NaN,0.525,0,15.1,0,NaN
NaN,NaN,NaN,NaN,NaN,0,0,NaN,0.505,22.7,-4,NaN,NaN
NaN,NaN,NaN,NaN,NaN,0,0,NaN,0.505,24.6,16.3,NaN,NaN
NaN,NaN,NaN,NaN,NaN,NaN,NaN,NaN,-0.505,NaN,NaN,NaN,NaN
NaN,NaN,NaN,NaN,NaN,NaN,NaN,NaN,-0.505,NaN,NaN,NaN,NaN
6,4,6,2,4,5,4.46407885235017,1693384953.67471,-0.525,-0.01,-0.3,0,0
NaN,NaN,NaN,NaN,NaN,2,10.7925668865196,NaN,0.525,7.88,-0.3,0,NaN
NaN,NaN,NaN,NaN,NaN,6,18.8042415428009,NaN,-0.525,7.84,10.5,0,NaN
NaN,NaN,NaN,NaN,NaN,1,18.5640378150875,NaN,0.525,0,15.1,0,NaN
NaN,NaN,NaN,NaN,NaN,0,0,NaN,0.505,22.7,-4,NaN,NaN
NaN,NaN,NaN,NaN,NaN,0,0,NaN,0.505,24.6,16.3,NaN,NaN
NaN,NaN,NaN,NaN,NaN,NaN,NaN,NaN,-0.505,NaN,NaN,NaN,NaN
NaN,NaN,NaN,NaN,NaN,NaN,NaN,NaN,-0.505,NaN,NaN,NaN,NaN
6,4,6,1,4,5,5.5670009879647,1693384953.68158,-0.525,-0.01,-0.3,0,0
NaN,NaN,NaN,NaN,NaN,2,10.1708947492342,NaN,0.525,7.88,-0.3,0,NaN
NaN,NaN,NaN,NaN,NaN,6,18.2237400113149,NaN,-0.525,7.84,10.5,0,NaN
NaN,NaN,NaN,NaN,NaN,1,17.8133657684335,NaN,0.525,0,15.1,0,NaN
NaN,NaN,NaN,NaN,NaN,0,0,NaN,0.505,22.7,-4,NaN,NaN
NaN,NaN,NaN,NaN,NaN,0,0,NaN,0.505,24.6,16.3,NaN,NaN
NaN,NaN,NaN,NaN,NaN,NaN,NaN,NaN,-0.505,NaN,NaN,NaN,NaN
NaN,NaN,NaN,NaN,NaN,NaN,NaN,NaN,-0.505,NaN,NaN,NaN,NaN
6,4,6,4,4,5,4.73783705924972,1693384953.74376,-0.525,-0.01,-0.3,0,0
NaN,NaN,NaN,NaN,NaN,2,10.3714560212152,NaN,0.525,7.88,-0.3,0,NaN
NaN,NaN,NaN,NaN,NaN,6,19.5548459467212,NaN,-0.525,7.84,10.5,0,NaN
NaN,NaN,NaN,NaN,NaN,1,18.2537667345674,NaN,0.525,0,15.1,0,NaN
NaN,NaN,NaN,NaN,NaN,0,0,NaN,0.505,22.7,-4,NaN,NaN
NaN,NaN,NaN,NaN,NaN,0,0,NaN,0.505,24.6,16.3,NaN,NaN
NaN,NaN,NaN,NaN,NaN,NaN,NaN,NaN,-0.505,NaN,NaN,NaN,NaN
NaN,NaN,NaN,NaN,NaN,NaN,NaN,NaN,-0.505,NaN,NaN,NaN,NaN
6,4,6,3,4,5,5.76883870462678,1693384953.74552,-0.525,-0.01,-0.3,0,0
NaN,NaN,NaN,NaN,NaN,2,9.69948452238571,NaN,0.525,7.88,-0.3,0,NaN
NaN,NaN,NaN,NaN,NaN,6,19.124505222358,NaN,-0.525,7.84,10.5,0,NaN
NaN,NaN,NaN,NaN,NaN,1,17.5331001251918,NaN,0.525,0,15.1,0,NaN
NaN,NaN,NaN,NaN,NaN,0,0,NaN,0.505,22.7,-4,NaN,NaN
NaN,NaN,NaN,NaN,NaN,0,0,NaN,0.505,24.6,16.3,NaN,NaN
NaN,NaN,NaN,NaN,NaN,NaN,NaN,NaN,-0.505,NaN,NaN,NaN,NaN
NaN,NaN,NaN,NaN,NaN,NaN,NaN,NaN,-0.505,NaN,NaN,NaN,NaN
6,4,6,2,4,5,4.48437286585315,1693384953.77132,-0.525,-0.01,-0.3,0,0
NaN,NaN,NaN,NaN,NaN,2,10.922893389574,NaN,0.525,7.88,-0.3,0,NaN
NaN,NaN,NaN,NaN,NaN,6,18.7541995297053,NaN,-0.525,7.84,10.5,0,NaN
NaN,NaN,NaN,NaN,NaN,1,18.7742163618086,NaN,0.525,0,15.1,0,NaN
NaN,NaN,NaN,NaN,NaN,0,0,NaN,0.505,22.7,-4,NaN,NaN
NaN,NaN,NaN,NaN,NaN,0,0,NaN,0.505,24.6,16.3,NaN,NaN
NaN,NaN,NaN,NaN,NaN,NaN,NaN,NaN,-0.505,NaN,NaN,NaN,NaN
NaN,NaN,NaN,NaN,NaN,NaN,NaN,NaN,-0.505,NaN,NaN,NaN,NaN
6,4,6,1,4,5,5.49632604564176,1693384953.78089,-0.525,-0.01,-0.3,0,0
NaN,NaN,NaN,NaN,NaN,2,10.3313455077255,NaN,0.525,7.88,-0.3,0,NaN
NaN,NaN,NaN,NaN,NaN,6,17.9534954813819,NaN,-0.525,7.84,10.5,0,NaN
NaN,NaN,NaN,NaN,NaN,1,17.883430878889,NaN,0.525,0,15.1,0,NaN
NaN,NaN,NaN,NaN,NaN,0,0,NaN,0.505,22.7,-4,NaN,NaN
NaN,NaN,NaN,NaN,NaN,0,0,NaN,0.505,24.6,16.3,NaN,NaN
NaN,NaN,NaN,NaN,NaN,NaN,NaN,NaN,-0.505,NaN,NaN,NaN,NaN
NaN,NaN,NaN,NaN,NaN,NaN,NaN,NaN,-0.505,NaN,NaN,NaN,NaN
6,4,6,4,4,5,4.71757352883874,1693384953.84548,-0.525,-0.01,-0.3,0,0
NaN,NaN,NaN,NaN,NaN,2,10.4316202001415,NaN,0.525,7.88,-0.3,0,NaN
NaN,NaN,NaN,NaN,NaN,6,19.2846337792554,NaN,-0.525,7.84,10.5,0,NaN
NaN,NaN,NaN,NaN,NaN,1,18.4038990434093,NaN,0.525,0,15.1,0,NaN
NaN,NaN,NaN,NaN,NaN,0,0,NaN,0.505,22.7,-4,NaN,NaN
NaN,NaN,NaN,NaN,NaN,0,0,NaN,0.505,24.6,16.3,NaN,NaN
NaN,NaN,NaN,NaN,NaN,NaN,NaN,NaN,-0.505,NaN,NaN,NaN,NaN
NaN,NaN,NaN,NaN,NaN,NaN,NaN,NaN,-0.505,NaN,NaN,NaN,NaN
6,4,6,3,4,5,5.73857125075571,1693384953.84768,-0.525,-0.01,-0.3,0,0
NaN,NaN,NaN,NaN,NaN,2,9.85997971600348,NaN,0.525,7.88,-0.3,0,NaN
NaN,NaN,NaN,NaN,NaN,6,18.674131840597,NaN,-0.525,7.84,10.5,0,NaN
NaN,NaN,NaN,NaN,NaN,1,17.7132718603876,NaN,0.525,0,15.1,0,NaN
NaN,NaN,NaN,NaN,NaN,0,0,NaN,0.505,22.7,-4,NaN,NaN
NaN,NaN,NaN,NaN,NaN,0,0,NaN,0.505,24.6,16.3,NaN,NaN
NaN,NaN,NaN,NaN,NaN,NaN,NaN,NaN,-0.505,NaN,NaN,NaN,NaN
NaN,NaN,NaN,NaN,NaN,NaN,NaN,NaN,-0.505,NaN,NaN,NaN,NaN
6,4,6,2,4,5,4.48437286585315,1693384953.87614,-0.525,-0.01,-0.3,0,0
NaN,NaN,NaN,NaN,NaN,2,11.0532122027943,NaN,0.525,7.88,-0.3,0,NaN
NaN,NaN,NaN,NaN,NaN,6,18.3238287483812,NaN,-0.525,7.84,10.5,0,NaN
NaN,NaN,NaN,NaN,NaN,1,18.7842247644134,NaN,0.525,0,15.1,0,NaN
NaN,NaN,NaN,NaN,NaN,0,0,NaN,0.505,22.7,-4,NaN,NaN
NaN,NaN,NaN,NaN,NaN,0,0,NaN,0.505,24.6,16.3,NaN,NaN
NaN,NaN,NaN,NaN,NaN,NaN,NaN,NaN,-0.505,NaN,NaN,NaN,NaN
NaN,NaN,NaN,NaN,NaN,NaN,NaN,NaN,-0.505,NaN,NaN,NaN,NaN
6,4,6,1,4,5,5.40543245263503,1693384953.88056,-0.525,-0.01,-0.3,0,0
NaN,NaN,NaN,NaN,NaN,2,10.3413732163577,NaN,0.525,7.88,-0.3,0,NaN
NaN,NaN,NaN,NaN,NaN,6,17.823375101254,NaN,-0.525,7.84,10.5,0,NaN
NaN,NaN,NaN,NaN,NaN,1,18.5039860570635,NaN,0.525,0,15.1,0,NaN
NaN,NaN,NaN,NaN,NaN,0,0,NaN,0.505,22.7,-4,NaN,NaN
NaN,NaN,NaN,NaN,NaN,0,0,NaN,0.505,24.6,16.3,NaN,NaN
NaN,NaN,NaN,NaN,NaN,NaN,NaN,NaN,-0.505,NaN,NaN,NaN,NaN
NaN,NaN,NaN,NaN,NaN,NaN,NaN,NaN,-0.505,NaN,NaN,NaN,NaN
6,4,6,3,4,5,5.64775176508316,1693384953.94678,-0.525,-0.01,-0.3,0,0
NaN,NaN,NaN,NaN,NaN,2,9.95025125310914,NaN,0.525,7.88,-0.3,0,NaN
NaN,NaN,NaN,NaN,NaN,6,19.0844727461882,NaN,-0.525,7.84,10.5,0,NaN
NaN,NaN,NaN,NaN,NaN,1,17.8333844236028,NaN,0.525,0,15.1,0,NaN
NaN,NaN,NaN,NaN,NaN,0,0,NaN,0.505,22.7,-4,NaN,NaN
NaN,NaN,NaN,NaN,NaN,0,0,NaN,0.505,24.6,16.3,NaN,NaN
NaN,NaN,NaN,NaN,NaN,NaN,NaN,NaN,-0.505,NaN,NaN,NaN,NaN
NaN,NaN,NaN,NaN,NaN,NaN,NaN,NaN,-0.505,NaN,NaN,NaN,NaN
6,4,6,4,4,5,4.63649652215981,1693384953.94809,-0.525,-0.01,-0.3,0,0
NaN,NaN,NaN,NaN,NaN,2,10.8527185534317,NaN,0.525,7.88,-0.3,0,NaN
NaN,NaN,NaN,NaN,NaN,6,19.0044073835519,NaN,-0.525,7.84,10.5,0,NaN
NaN,NaN,NaN,NaN,NaN,1,18.283793370086,NaN,0.525,0,15.1,0,NaN
NaN,NaN,NaN,NaN,NaN,0,0,NaN,0.505,22.7,-4,NaN,NaN
NaN,NaN,NaN,NaN,NaN,0,0,NaN,0.505,24.6,16.3,NaN,NaN
NaN,NaN,NaN,NaN,NaN,NaN,NaN,NaN,-0.505,NaN,NaN,NaN,NaN
NaN,NaN,NaN,NaN,NaN,NaN,NaN,NaN,-0.505,NaN,NaN,NaN,NaN
6,4,6,2,4,5,4.53509647085925,1693384953.97464,-0.525,-0.01,-0.3,0,0
NaN,NaN,NaN,NaN,NaN,2,11.1634761611247,NaN,0.525,7.88,-0.3,0,NaN
NaN,NaN,NaN,NaN,NaN,6,17.9534954813819,NaN,-0.525,7.84,10.5,0,NaN
NaN,NaN,NaN,NaN,NaN,1,18.8542833329724,NaN,0.525,0,15.1,0,NaN
NaN,NaN,NaN,NaN,NaN,0,0,NaN,0.505,22.7,-4,NaN,NaN
NaN,NaN,NaN,NaN,NaN,0,0,NaN,0.505,24.6,16.3,NaN,NaN
NaN,NaN,NaN,NaN,NaN,NaN,NaN,NaN,-0.505,NaN,NaN,NaN,NaN
NaN,NaN,NaN,NaN,NaN,NaN,NaN,NaN,-0.505,NaN,NaN,NaN,NaN
6,4,6,1,4,5,5.63765908866437,1693384953.98695,-0.525,-0.01,-0.3,0,0
NaN,NaN,NaN,NaN,NaN,2,11.5944598839273,NaN,0.525,7.88,-0.3,0,NaN
NaN,NaN,NaN,NaN,NaN,6,17.4930614816275,NaN,-0.525,7.84,10.5,0,NaN
NaN,NaN,NaN,NaN,NaN,1,19.4847915051714,NaN,0.525,0,15.1,0,NaN
NaN,NaN,NaN,NaN,NaN,0,0,NaN,0.505,22.7,-4,NaN,NaN
NaN,NaN,NaN,NaN,NaN,0,0,NaN,0.505,24.6,16.3,NaN,NaN
NaN,NaN,NaN,NaN,NaN,NaN,NaN,NaN,-0.505,NaN,NaN,NaN,NaN
NaN,NaN,NaN,NaN,NaN,NaN,NaN,NaN,-0.505,NaN,NaN,NaN,NaN
6,4,6,4,4,5,4.57566388625738,1693384954.04288,-0.525,-0.01,-0.3,0,0
NaN,NaN,NaN,NaN,NaN,2,11.0632364161668,NaN,0.525,7.88,-0.3,0,NaN
NaN,NaN,NaN,NaN,NaN,6,18.6541148275655,NaN,-0.525,7.84,10.5,0,NaN
NaN,NaN,NaN,NaN,NaN,1,18.3638639724868,NaN,0.525,0,15.1,0,NaN
NaN,NaN,NaN,NaN,NaN,0,0,NaN,0.505,22.7,-4,NaN,NaN
NaN,NaN,NaN,NaN,NaN,0,0,NaN,0.505,24.6,16.3,NaN,NaN
NaN,NaN,NaN,NaN,NaN,NaN,NaN,NaN,-0.505,NaN,NaN,NaN,NaN
NaN,NaN,NaN,NaN,NaN,NaN,NaN,NaN,-0.505,NaN,NaN,NaN,NaN
6,4,6,3,4,5,5.67802782663136,1693384954.0464,-0.525,-0.01,-0.3,0,0
NaN,NaN,NaN,NaN,NaN,2,10.0405179149285,NaN,0.525,7.88,-0.3,0,NaN
NaN,NaN,NaN,NaN,NaN,6,18.7842247644134,NaN,-0.525,7.84,10.5,0,NaN
NaN,NaN,NaN,NaN,NaN,1,17.9034493883162,NaN,0.525,0,15.1,0,NaN
NaN,NaN,NaN,NaN,NaN,0,0,NaN,0.505,22.7,-4,NaN,NaN
NaN,NaN,NaN,NaN,NaN,0,0,NaN,0.505,24.6,16.3,NaN,NaN
NaN,NaN,NaN,NaN,NaN,NaN,NaN,NaN,-0.505,NaN,NaN,NaN,NaN
NaN,NaN,NaN,NaN,NaN,NaN,NaN,NaN,-0.505,NaN,NaN,NaN,NaN
6,4,6,2,3,5,4.73783705924972,1693384954.07218,-0.525,-0.01,-0.3,0,0
NaN,NaN,NaN,NaN,NaN,2,11.3739658870598,NaN,0.525,7.88,-0.3,0,NaN
NaN,NaN,NaN,NaN,NaN,6,17.5030711590852,NaN,-0.525,7.84,10.5,0,NaN
NaN,NaN,NaN,NaN,NaN,0,0,NaN,0.525,0,15.1,0,NaN
NaN,NaN,NaN,NaN,NaN,0,0,NaN,0.505,22.7,-4,NaN,NaN
NaN,NaN,NaN,NaN,NaN,0,0,NaN,0.505,24.6,16.3,NaN,NaN
NaN,NaN,NaN,NaN,NaN,NaN,NaN,NaN,-0.505,NaN,NaN,NaN,NaN
NaN,NaN,NaN,NaN,NaN,NaN,NaN,NaN,-0.505,NaN,NaN,NaN,NaN
6,4,6,1,4,5,5.79910337897161,1693384954.08297,-0.525,-0.01,-0.3,0,0
NaN,NaN,NaN,NaN,NaN,2,11.8049142309464,NaN,0.525,7.88,-0.3,0,NaN
NaN,NaN,NaN,NaN,NaN,6,17.2227959402647,NaN,-0.525,7.84,10.5,0,NaN
NaN,NaN,NaN,NaN,NaN,1,19.464775878494,NaN,0.525,0,15.1,0,NaN
NaN,NaN,NaN,NaN,NaN,0,0,NaN,0.505,22.7,-4,NaN,NaN
NaN,NaN,NaN,NaN,NaN,0,0,NaN,0.505,24.6,16.3,NaN,NaN
NaN,NaN,NaN,NaN,NaN,NaN,NaN,NaN,-0.505,NaN,NaN,NaN,NaN
NaN,NaN,NaN,NaN,NaN,NaN,NaN,NaN,-0.505,NaN,NaN,NaN,NaN
6,4,6,4,4,5,4.66690475583121,1693384954.14321,-0.525,-0.01,-0.3,0,0
NaN,NaN,NaN,NaN,NaN,2,11.1233807810395,NaN,0.525,7.88,-0.3,0,NaN
NaN,NaN,NaN,NaN,NaN,6,18.3438463796446,NaN,-0.525,7.84,10.5,0,NaN
NaN,NaN,NaN,NaN,NaN,1,18.8642916644119,NaN,0.525,0,15.1,0,NaN
NaN,NaN,NaN,NaN,NaN,0,0,NaN,0.505,22.7,-4,NaN,NaN
NaN,NaN,NaN,NaN,NaN,0,0,NaN,0.505,24.6,16.3,NaN,NaN
NaN,NaN,NaN,NaN,NaN,NaN,NaN,NaN,-0.505,NaN,NaN,NaN,NaN
NaN,NaN,NaN,NaN,NaN,NaN,NaN,NaN,-0.505,NaN,NaN,NaN,NaN
6,4,6,3,4,5,5.76883870462678,1693384954.14474,-0.525,-0.01,-0.3,0,0
NaN,NaN,NaN,NaN,NaN,2,10.4015383477638,NaN,0.525,7.88,-0.3,0,NaN
NaN,NaN,NaN,NaN,NaN,6,18.4839687296857,NaN,-0.525,7.84,10.5,0,NaN
NaN,NaN,NaN,NaN,NaN,1,18.0836141299244,NaN,0.525,0,15.1,0,NaN
NaN,NaN,NaN,NaN,NaN,0,0,NaN,0.505,22.7,-4,NaN,NaN
NaN,NaN,NaN,NaN,NaN,0,0,NaN,0.505,24.6,16.3,NaN,NaN
NaN,NaN,NaN,NaN,NaN,NaN,NaN,NaN,-0.505,NaN,NaN,NaN,NaN
NaN,NaN,NaN,NaN,NaN,NaN,NaN,NaN,-0.505,NaN,NaN,NaN,NaN
6,4,6,2,3,5,4.88974436959643,1693384954.16713,-0.525,-0.01,-0.3,0,0
NaN,NaN,NaN,NaN,NaN,2,11.5744157519937,NaN,0.525,7.88,-0.3,0,NaN
NaN,NaN,NaN,NaN,NaN,6,17.2027759387838,NaN,-0.525,7.84,10.5,0,NaN
NaN,NaN,NaN,NaN,NaN,0,0,NaN,0.525,0,15.1,0,NaN
NaN,NaN,NaN,NaN,NaN,0,0,NaN,0.505,22.7,-4,NaN,NaN
NaN,NaN,NaN,NaN,NaN,0,0,NaN,0.505,24.6,16.3,NaN,NaN
NaN,NaN,NaN,NaN,NaN,NaN,NaN,NaN,-0.505,NaN,NaN,NaN,NaN
NaN,NaN,NaN,NaN,NaN,NaN,NaN,NaN,-0.505,NaN,NaN,NaN,NaN
6,4,6,1,3,5,5.93021922023124,1693384954.18057,-0.525,-0.01,-0.3,0,0
NaN,NaN,NaN,NaN,NaN,2,12.3860889710998,NaN,0.525,7.88,-0.3,0,NaN
NaN,NaN,NaN,NaN,NaN,6,17.0225938094052,NaN,-0.525,7.84,10.5,0,NaN
NaN,NaN,NaN,NaN,NaN,0,0,NaN,0.525,0,15.1,0,NaN
NaN,NaN,NaN,NaN,NaN,0,0,NaN,0.505,22.7,-4,NaN,NaN
NaN,NaN,NaN,NaN,NaN,0,0,NaN,0.505,24.6,16.3,NaN,NaN
NaN,NaN,NaN,NaN,NaN,NaN,NaN,NaN,-0.505,NaN,NaN,NaN,NaN
NaN,NaN,NaN,NaN,NaN,NaN,NaN,NaN,-0.505,NaN,NaN,NaN,NaN
6,4,6,4,4,5,4.74796798641271,1693384954.24287,-0.525,-0.01,-0.3,0,0
NaN,NaN,NaN,NaN,NaN,2,11.2436648829463,NaN,0.525,7.88,-0.3,0,NaN
NaN,NaN,NaN,NaN,NaN,6,18.0635959875103,NaN,-0.525,7.84,10.5,0,NaN
NaN,NaN,NaN,NaN,NaN,1,19.1945617298234,NaN,0.525,0,15.1,0,NaN
NaN,NaN,NaN,NaN,NaN,0,0,NaN,0.505,22.7,-4,NaN,NaN
NaN,NaN,NaN,NaN,NaN,0,0,NaN,0.505,24.6,16.3,NaN,NaN
NaN,NaN,NaN,NaN,NaN,NaN,NaN,NaN,-0.505,NaN,NaN,NaN,NaN
NaN,NaN,NaN,NaN,NaN,NaN,NaN,NaN,-0.505,NaN,NaN,NaN,NaN
6,4,6,3,4,5,5.77892723608803,1693384954.24544,-0.525,-0.01,-0.3,0,0
NaN,NaN,NaN,NaN,NaN,2,10.6923103209737,NaN,0.525,7.88,-0.3,0,NaN
NaN,NaN,NaN,NaN,NaN,6,18.2637756228005,NaN,-0.525,7.84,10.5,0,NaN
NaN,NaN,NaN,NaN,NaN,1,19.0544482995441,NaN,0.525,0,15.1,0,NaN
NaN,NaN,NaN,NaN,NaN,0,0,NaN,0.505,22.7,-4,NaN,NaN
NaN,NaN,NaN,NaN,NaN,0,0,NaN,0.505,24.6,16.3,NaN,NaN
NaN,NaN,NaN,NaN,NaN,NaN,NaN,NaN,-0.505,NaN,NaN,NaN,NaN
NaN,NaN,NaN,NaN,NaN,NaN,NaN,NaN,-0.505,NaN,NaN,NaN,NaN
6,4,6,2,4,5,5.01118748402013,1693384954.26791,-0.525,-0.01,-0.3,0,0
NaN,NaN,NaN,NaN,NaN,2,11.82495665954,NaN,0.525,7.88,-0.3,0,NaN
NaN,NaN,NaN,NaN,NaN,6,16.9625322402052,NaN,-0.525,7.84,10.5,0,NaN
NaN,NaN,NaN,NaN,NaN,1,20.2753840900734,NaN,0.525,0,15.1,0,NaN
NaN,NaN,NaN,NaN,NaN,0,0,NaN,0.505,22.7,-4,NaN,NaN
NaN,NaN,NaN,NaN,NaN,0,0,NaN,0.505,24.6,16.3,NaN,NaN
NaN,NaN,NaN,NaN,NaN,NaN,NaN,NaN,-0.505,NaN,NaN,NaN,NaN
NaN,NaN,NaN,NaN,NaN,NaN,NaN,NaN,-0.505,NaN,NaN,NaN,NaN
6,4,6,1,2,5,6.08144719618612,1693384954.27445,-0.525,-0.01,-0.3,0,0
NaN,NaN,NaN,NaN,NaN,6,16.7623238245775,NaN,0.525,7.88,-0.3,0,NaN
NaN,NaN,NaN,NaN,NaN,0,0,NaN,-0.525,7.84,10.5,0,NaN
NaN,NaN,NaN,NaN,NaN,0,0,NaN,0.525,0,15.1,0,NaN
NaN,NaN,NaN,NaN,NaN,0,0,NaN,0.505,22.7,-4,NaN,NaN
NaN,NaN,NaN,NaN,NaN,0,0,NaN,0.505,24.6,16.3,NaN,NaN
NaN,NaN,NaN,NaN,NaN,NaN,NaN,NaN,-0.505,NaN,NaN,NaN,NaN
NaN,NaN,NaN,NaN,NaN,NaN,NaN,NaN,-0.505,NaN,NaN,NaN,NaN
6,4,6,4,4,5,4.75809835963907,1693384954.3459,-0.525,-0.01,-0.3,0,0
NaN,NaN,NaN,NaN,NaN,2,11.654591369928,NaN,0.525,7.88,-0.3,0,NaN
NaN,NaN,NaN,NaN,NaN,6,17.8033564251239,NaN,-0.525,7.84,10.5,0,NaN
NaN,NaN,NaN,NaN,NaN,1,19.7549993672488,NaN,0.525,0,15.1,0,NaN
NaN,NaN,NaN,NaN,NaN,0,0,NaN,0.505,22.7,-4,NaN,NaN
NaN,NaN,NaN,NaN,NaN,0,0,NaN,0.505,24.6,16.3,NaN,NaN
NaN,NaN,NaN,NaN,NaN,NaN,NaN,NaN,-0.505,NaN,NaN,NaN,NaN
NaN,NaN,NaN,NaN,NaN,NaN,NaN,NaN,-0.505,NaN,NaN,NaN,NaN
6,4,6,3,4,5,5.75874986433688,1693384954.34875,-0.525,-0.01,-0.3,0,0
NaN,NaN,NaN,NaN,NaN,2,11.5042600805093,NaN,0.525,7.88,-0.3,0,NaN
NaN,NaN,NaN,NaN,NaN,6,17.6131768855025,NaN,-0.525,7.84,10.5,0,NaN
NaN,NaN,NaN,NaN,NaN,1,19.0744646058546,NaN,0.525,0,15.1,0,NaN
NaN,NaN,NaN,NaN,NaN,0,0,NaN,0.505,22.7,-4,NaN,NaN
NaN,NaN,NaN,NaN,NaN,0,0,NaN,0.505,24.6,16.3,NaN,NaN
NaN,NaN,NaN,NaN,NaN,NaN,NaN,NaN,-0.505,NaN,NaN,NaN,NaN
NaN,NaN,NaN,NaN,NaN,NaN,NaN,NaN,-0.505,NaN,NaN,NaN,NaN
6,4,6,1,2,6,16.5420887435656,1693384954.36918,-0.525,-0.01,-0.3,0,0
NaN,NaN,NaN,NaN,NaN,5,6.13184311606225,NaN,0.525,7.88,-0.3,0,NaN
NaN,NaN,NaN,NaN,NaN,0,0,NaN,-0.525,7.84,10.5,0,NaN
NaN,NaN,NaN,NaN,NaN,0,0,NaN,0.525,0,15.1,0,NaN
NaN,NaN,NaN,NaN,NaN,0,0,NaN,0.505,22.7,-4,NaN,NaN
NaN,NaN,NaN,NaN,NaN,0,0,NaN,0.505,24.6,16.3,NaN,NaN
NaN,NaN,NaN,NaN,NaN,NaN,NaN,NaN,-0.505,NaN,NaN,NaN,NaN
NaN,NaN,NaN,NaN,NaN,NaN,NaN,NaN,-0.505,NaN,NaN,NaN,NaN
6,4,6,2,2,5,5.21344415909483,1693384954.37679,-0.525,-0.01,-0.3,0,0
NaN,NaN,NaN,NaN,NaN,6,16.592142718769,NaN,0.525,7.88,-0.3,0,NaN
NaN,NaN,NaN,NaN,NaN,0,0,NaN,-0.525,7.84,10.5,0,NaN
NaN,NaN,NaN,NaN,NaN,0,0,NaN,0.525,0,15.1,0,NaN
NaN,NaN,NaN,NaN,NaN,0,0,NaN,0.505,22.7,-4,NaN,NaN
NaN,NaN,NaN,NaN,NaN,0,0,NaN,0.505,24.6,16.3,NaN,NaN
NaN,NaN,NaN,NaN,NaN,NaN,NaN,NaN,-0.505,NaN,NaN,NaN,NaN
NaN,NaN,NaN,NaN,NaN,NaN,NaN,NaN,-0.505,NaN,NaN,NaN,NaN
6,4,6,3,4,5,5.86971038467828,1693384954.44472,-0.525,-0.01,-0.3,0,0
NaN,NaN,NaN,NaN,NaN,2,11.7848716581896,NaN,0.525,7.88,-0.3,0,NaN
NaN,NaN,NaN,NaN,NaN,6,17.2928655809267,NaN,-0.525,7.84,10.5,0,NaN
NaN,NaN,NaN,NaN,NaN,1,19.124505222358,NaN,0.525,0,15.1,0,NaN
NaN,NaN,NaN,NaN,NaN,0,0,NaN,0.505,22.7,-4,NaN,NaN
NaN,NaN,NaN,NaN,NaN,0,0,NaN,0.505,24.6,16.3,NaN,NaN
NaN,NaN,NaN,NaN,NaN,NaN,NaN,NaN,-0.505,NaN,NaN,NaN,NaN
NaN,NaN,NaN,NaN,NaN,NaN,NaN,NaN,-0.505,NaN,NaN,NaN,NaN
6,4,6,4,4,5,4.8289957548128,1693384954.4465,-0.525,-0.01,-0.3,0,0
NaN,NaN,NaN,NaN,NaN,2,12.4862804709809,NaN,0.525,7.88,-0.3,0,NaN
NaN,NaN,NaN,NaN,NaN,6,17.5230904808484,NaN,-0.525,7.84,10.5,0,NaN
NaN,NaN,NaN,NaN,NaN,1,19.7549993672488,NaN,0.525,0,15.1,0,NaN
NaN,NaN,NaN,NaN,NaN,0,0,NaN,0.505,22.7,-4,NaN,NaN
NaN,NaN,NaN,NaN,NaN,0,0,NaN,0.505,24.6,16.3,NaN,NaN
NaN,NaN,NaN,NaN,NaN,NaN,NaN,NaN,-0.505,NaN,NaN,NaN,NaN
NaN,NaN,NaN,NaN,NaN,NaN,NaN,NaN,-0.505,NaN,NaN,NaN,NaN
6,4,6,2,4,6,16.2918138953279,1693384954.45977,-0.525,-0.01,-0.3,0,0
NaN,NaN,NaN,NaN,NaN,5,5.43573362114076,NaN,0.525,7.88,-0.3,0,NaN
NaN,NaN,NaN,NaN,NaN,4,24.0376704362132,NaN,-0.525,7.84,10.5,0,NaN
NaN,NaN,NaN,NaN,NaN,2,12.967158516807,NaN,0.525,0,15.1,0,NaN
NaN,NaN,NaN,NaN,NaN,0,0,NaN,0.505,22.7,-4,NaN,NaN
NaN,NaN,NaN,NaN,NaN,0,0,NaN,0.505,24.6,16.3,NaN,NaN
NaN,NaN,NaN,NaN,NaN,NaN,NaN,NaN,-0.505,NaN,NaN,NaN,NaN
NaN,NaN,NaN,NaN,NaN,NaN,NaN,NaN,-0.505,NaN,NaN,NaN,NaN
6,4,6,1,4,6,16.3318584368099,1693384954.46978,-0.525,-0.01,-0.3,0,0
NaN,NaN,NaN,NaN,NaN,5,6.2628428049888,NaN,0.525,7.88,-0.3,0,NaN
NaN,NaN,NaN,NaN,NaN,4,23.08716309987,NaN,-0.525,7.84,10.5,0,NaN
NaN,NaN,NaN,NaN,NaN,2,10.9329181831751,NaN,0.525,0,15.1,0,NaN
NaN,NaN,NaN,NaN,NaN,0,0,NaN,0.505,22.7,-4,NaN,NaN
NaN,NaN,NaN,NaN,NaN,0,0,NaN,0.505,24.6,16.3,NaN,NaN
NaN,NaN,NaN,NaN,NaN,NaN,NaN,NaN,-0.505,NaN,NaN,NaN,NaN
NaN,NaN,NaN,NaN,NaN,NaN,NaN,NaN,-0.505,NaN,NaN,NaN,NaN
6,4,6,4,4,5,5.03142127037679,1693384954.54068,-0.525,-0.01,-0.3,0,0
NaN,NaN,NaN,NaN,NaN,2,12.7066911507284,NaN,0.525,7.88,-0.3,0,NaN
NaN,NaN,NaN,NaN,NaN,6,17.142715654178,NaN,-0.525,7.84,10.5,0,NaN
NaN,NaN,NaN,NaN,NaN,1,20.2253479574518,NaN,0.525,0,15.1,0,NaN
NaN,NaN,NaN,NaN,NaN,0,0,NaN,0.505,22.7,-4,NaN,NaN
NaN,NaN,NaN,NaN,NaN,0,0,NaN,0.505,24.6,16.3,NaN,NaN
NaN,NaN,NaN,NaN,NaN,NaN,NaN,NaN,-0.505,NaN,NaN,NaN,NaN
NaN,NaN,NaN,NaN,NaN,NaN,NaN,NaN,-0.505,NaN,NaN,NaN,NaN
6,4,6,3,4,5,6.03104468562454,1693384954.54385,-0.525,-0.01,-0.3,0,0
NaN,NaN,NaN,NaN,NaN,2,11.6946782768916,NaN,0.525,7.88,-0.3,0,NaN
NaN,NaN,NaN,NaN,NaN,6,17.0426142360848,NaN,-0.525,7.84,10.5,0,NaN
NaN,NaN,NaN,NaN,NaN,1,18.6140806917774,NaN,0.525,0,15.1,0,NaN
NaN,NaN,NaN,NaN,NaN,0,0,NaN,0.505,22.7,-4,NaN,NaN
NaN,NaN,NaN,NaN,NaN,0,0,NaN,0.505,24.6,16.3,NaN,NaN
NaN,NaN,NaN,NaN,NaN,NaN,NaN,NaN,-0.505,NaN,NaN,NaN,NaN
NaN,NaN,NaN,NaN,NaN,NaN,NaN,NaN,-0.505,NaN,NaN,NaN,NaN
6,4,6,1,4,5,6.42401743459652,1693384954.54535,-0.525,-0.01,-0.3,0,0
NaN,NaN,NaN,NaN,NaN,2,11.1634761611247,NaN,0.525,7.88,-0.3,0,NaN
NaN,NaN,NaN,NaN,NaN,6,16.0014843061511,NaN,-0.525,7.84,10.5,0,NaN
NaN,NaN,NaN,NaN,NaN,4,23.0071184636408,NaN,0.525,0,15.1,0,NaN
NaN,NaN,NaN,NaN,NaN,0,0,NaN,0.505,22.7,-4,NaN,NaN
NaN,NaN,NaN,NaN,NaN,0,0,NaN,0.505,24.6,16.3,NaN,NaN
NaN,NaN,NaN,NaN,NaN,NaN,NaN,NaN,-0.505,NaN,NaN,NaN,NaN
NaN,NaN,NaN,NaN,NaN,NaN,NaN,NaN,-0.505,NaN,NaN,NaN,NaN
6,4,6,2,3,5,5.67802782663136,1693384954.57406,-0.525,-0.01,-0.3,0,0
NaN,NaN,NaN,NaN,NaN,6,15.9614379051513,NaN,0.525,7.88,-0.3,0,NaN
NaN,NaN,NaN,NaN,NaN,1,19.5648536922718,NaN,-0.525,7.84,10.5,0,NaN
NaN,NaN,NaN,NaN,NaN,0,0,NaN,0.525,0,15.1,0,NaN
NaN,NaN,NaN,NaN,NaN,0,0,NaN,0.505,22.7,-4,NaN,NaN
NaN,NaN,NaN,NaN,NaN,0,0,NaN,0.505,24.6,16.3,NaN,NaN
NaN,NaN,NaN,NaN,NaN,NaN,NaN,NaN,-0.505,NaN,NaN,NaN,NaN
NaN,NaN,NaN,NaN,NaN,NaN,NaN,NaN,-0.505,NaN,NaN,NaN,NaN
6,4,6,4,4,5,5.22355243105686,1693384954.64172,-0.525,-0.01,-0.3,0,0
NaN,NaN,NaN,NaN,NaN,2,12.9170701012265,NaN,0.525,7.88,-0.3,0,NaN
NaN,NaN,NaN,NaN,NaN,6,16.7823448897942,NaN,-0.525,7.84,10.5,0,NaN
NaN,NaN,NaN,NaN,NaN,1,21.6563154760915,NaN,0.525,0,15.1,0,NaN
NaN,NaN,NaN,NaN,NaN,0,0,NaN,0.505,22.7,-4,NaN,NaN
NaN,NaN,NaN,NaN,NaN,0,0,NaN,0.505,24.6,16.3,NaN,NaN
NaN,NaN,NaN,NaN,NaN,NaN,NaN,NaN,-0.505,NaN,NaN,NaN,NaN
NaN,NaN,NaN,NaN,NaN,NaN,NaN,NaN,-0.505,NaN,NaN,NaN,NaN
6,4,6,1,4,5,6.6556066590507,1693384954.64352,-0.525,-0.01,-0.3,0,0
NaN,NaN,NaN,NaN,NaN,2,11.223617955009,NaN,0.525,7.88,-0.3,0,NaN
NaN,NaN,NaN,NaN,NaN,6,15.6610823380761,NaN,-0.525,7.84,10.5,0,NaN
NaN,NaN,NaN,NaN,NaN,4,22.8570339283119,NaN,0.525,0,15.1,0,NaN
NaN,NaN,NaN,NaN,NaN,0,0,NaN,0.505,22.7,-4,NaN,NaN
NaN,NaN,NaN,NaN,NaN,0,0,NaN,0.505,24.6,16.3,NaN,NaN
NaN,NaN,NaN,NaN,NaN,NaN,NaN,NaN,-0.505,NaN,NaN,NaN,NaN
NaN,NaN,NaN,NaN,NaN,NaN,NaN,NaN,-0.505,NaN,NaN,NaN,NaN
6,4,6,3,4,5,6.1116855285592,1693384954.64546,-0.525,-0.01,-0.3,0,0
NaN,NaN,NaN,NaN,NaN,2,13.2676750035566,NaN,0.525,7.88,-0.3,0,NaN
NaN,NaN,NaN,NaN,NaN,6,16.8023659048361,NaN,-0.525,7.84,10.5,0,NaN
NaN,NaN,NaN,NaN,NaN,1,18.4139077873221,NaN,0.525,0,15.1,0,NaN
NaN,NaN,NaN,NaN,NaN,0,0,NaN,0.505,22.7,-4,NaN,NaN
NaN,NaN,NaN,NaN,NaN,0,0,NaN,0.505,24.6,16.3,NaN,NaN
NaN,NaN,NaN,NaN,NaN,NaN,NaN,NaN,-0.505,NaN,NaN,NaN,NaN
NaN,NaN,NaN,NaN,NaN,NaN,NaN,NaN,-0.505,NaN,NaN,NaN,NaN
6,4,6,2,4,5,5.91005076120332,1693384954.66704,-0.525,-0.01,-0.3,0,0
NaN,NaN,NaN,NaN,NaN,2,12.0353936371022,NaN,0.525,7.88,-0.3,0,NaN
NaN,NaN,NaN,NaN,NaN,6,15.5609607672534,NaN,-0.525,7.84,10.5,0,NaN
NaN,NaN,NaN,NaN,NaN,4,23.847572203476,NaN,0.525,0,15.1,0,NaN
NaN,NaN,NaN,NaN,NaN,0,0,NaN,0.505,22.7,-4,NaN,NaN
NaN,NaN,NaN,NaN,NaN,0,0,NaN,0.505,24.6,16.3,NaN,NaN
NaN,NaN,NaN,NaN,NaN,NaN,NaN,NaN,-0.505,NaN,NaN,NaN,NaN
NaN,NaN,NaN,NaN,NaN,NaN,NaN,NaN,-0.505,NaN,NaN,NaN,NaN
6,4,6,1,4,5,6.86696439483998,1693384954.73974,-0.525,-0.01,-0.3,0,0
NaN,NaN,NaN,NaN,NaN,2,11.484215253991,NaN,0.525,7.88,-0.3,0,NaN
NaN,NaN,NaN,NaN,NaN,6,15.430800368095,NaN,-0.525,7.84,10.5,0,NaN
NaN,NaN,NaN,NaN,NaN,4,22.6769310092878,NaN,0.525,0,15.1,0,NaN
NaN,NaN,NaN,NaN,NaN,0,0,NaN,0.505,22.7,-4,NaN,NaN
NaN,NaN,NaN,NaN,NaN,0,0,NaN,0.505,24.6,16.3,NaN,NaN
NaN,NaN,NaN,NaN,NaN,NaN,NaN,NaN,-0.505,NaN,NaN,NaN,NaN
NaN,NaN,NaN,NaN,NaN,NaN,NaN,NaN,-0.505,NaN,NaN,NaN,NaN
6,4,6,3,4,5,6.28299291739216,1693384954.74634,-0.525,-0.01,-0.3,0,0
NaN,NaN,NaN,NaN,NaN,2,11.2637116440363,NaN,0.525,7.88,-0.3,0,NaN
NaN,NaN,NaN,NaN,NaN,6,16.4419798077969,NaN,-0.525,7.84,10.5,0,NaN
NaN,NaN,NaN,NaN,NaN,4,23.1071742106213,NaN,0.525,0,15.1,0,NaN
NaN,NaN,NaN,NaN,NaN,0,0,NaN,0.505,22.7,-4,NaN,NaN
NaN,NaN,NaN,NaN,NaN,0,0,NaN,0.505,24.6,16.3,NaN,NaN
NaN,NaN,NaN,NaN,NaN,NaN,NaN,NaN,-0.505,NaN,NaN,NaN,NaN
NaN,NaN,NaN,NaN,NaN,NaN,NaN,NaN,-0.505,NaN,NaN,NaN,NaN
6,4,6,4,4,5,5.48622821253363,1693384954.74873,-0.525,-0.01,-0.3,0,0
NaN,NaN,NaN,NaN,NaN,2,13.147471239748,NaN,0.525,7.88,-0.3,0,NaN
NaN,NaN,NaN,NaN,NaN,6,16.4620017008868,NaN,-0.525,7.84,10.5,0,NaN
NaN,NaN,NaN,NaN,NaN,1,20.0352090081436,NaN,0.525,0,15.1,0,NaN
NaN,NaN,NaN,NaN,NaN,0,0,NaN,0.505,22.7,-4,NaN,NaN
NaN,NaN,NaN,NaN,NaN,0,0,NaN,0.505,24.6,16.3,NaN,NaN
NaN,NaN,NaN,NaN,NaN,NaN,NaN,NaN,-0.505,NaN,NaN,NaN,NaN
NaN,NaN,NaN,NaN,NaN,NaN,NaN,NaN,-0.505,NaN,NaN,NaN,NaN
6,4,6,2,3,5,6.18223260642949,1693384954.77305,-0.525,-0.01,-0.3,0,0
NaN,NaN,NaN,NaN,NaN,2,12.3159530690889,NaN,0.525,7.88,-0.3,0,NaN
NaN,NaN,NaN,NaN,NaN,6,15.2806118987428,NaN,-0.525,7.84,10.5,0,NaN
NaN,NaN,NaN,NaN,NaN,0,0,NaN,0.525,0,15.1,0,NaN
NaN,NaN,NaN,NaN,NaN,0,0,NaN,0.505,22.7,-4,NaN,NaN
NaN,NaN,NaN,NaN,NaN,0,0,NaN,0.505,24.6,16.3,NaN,NaN
NaN,NaN,NaN,NaN,NaN,NaN,NaN,NaN,-0.505,NaN,NaN,NaN,NaN
NaN,NaN,NaN,NaN,NaN,NaN,NaN,NaN,-0.505,NaN,NaN,NaN,NaN
6,4,6,4,4,5,5.69821024533142,1693384954.84234,-0.525,-0.01,-0.3,0,0
NaN,NaN,NaN,NaN,NaN,2,11.8850830876355,NaN,0.525,7.88,-0.3,0,NaN
NaN,NaN,NaN,NaN,NaN,6,16.0915878644713,NaN,-0.525,7.84,10.5,0,NaN
NaN,NaN,NaN,NaN,NaN,1,19.3947209312225,NaN,0.525,0,15.1,0,NaN
NaN,NaN,NaN,NaN,NaN,0,0,NaN,0.505,22.7,-4,NaN,NaN
NaN,NaN,NaN,NaN,NaN,0,0,NaN,0.505,24.6,16.3,NaN,NaN
NaN,NaN,NaN,NaN,NaN,NaN,NaN,NaN,-0.505,NaN,NaN,NaN,NaN
NaN,NaN,NaN,NaN,NaN,NaN,NaN,NaN,-0.505,NaN,NaN,NaN,NaN
6,4,6,1,4,5,7.04806356384504,1693384954.84397,-0.525,-0.01,-0.3,0,0
NaN,NaN,NaN,NaN,NaN,2,11.5243047512637,NaN,0.525,7.88,-0.3,0,NaN
NaN,NaN,NaN,NaN,NaN,6,15.1904970293931,NaN,-0.525,7.84,10.5,0,NaN
NaN,NaN,NaN,NaN,NaN,4,22.6168963387994,NaN,0.525,0,15.1,0,NaN
NaN,NaN,NaN,NaN,NaN,0,0,NaN,0.505,22.7,-4,NaN,NaN
NaN,NaN,NaN,NaN,NaN,0,0,NaN,0.505,24.6,16.3,NaN,NaN
NaN,NaN,NaN,NaN,NaN,NaN,NaN,NaN,-0.505,NaN,NaN,NaN,NaN
NaN,NaN,NaN,NaN,NaN,NaN,NaN,NaN,-0.505,NaN,NaN,NaN,NaN
6,4,6,3,4,5,6.48444292133102,1693384954.84557,-0.525,-0.01,-0.3,0,0
NaN,NaN,NaN,NaN,NaN,2,11.7046999107196,NaN,0.525,7.88,-0.3,0,NaN
NaN,NaN,NaN,NaN,NaN,6,16.1616676119762,NaN,-0.525,7.84,10.5,0,NaN
NaN,NaN,NaN,NaN,NaN,4,23.0171240601427,NaN,0.525,0,15.1,0,NaN
NaN,NaN,NaN,NaN,NaN,0,0,NaN,0.505,22.7,-4,NaN,NaN
NaN,NaN,NaN,NaN,NaN,0,0,NaN,0.505,24.6,16.3,NaN,NaN
NaN,NaN,NaN,NaN,NaN,NaN,NaN,NaN,-0.505,NaN,NaN,NaN,NaN
NaN,NaN,NaN,NaN,NaN,NaN,NaN,NaN,-0.505,NaN,NaN,NaN,NaN
6,4,6,2,3,5,6.4441601469858,1693384954.86673,-0.525,-0.01,-0.3,0,0
NaN,NaN,NaN,NaN,NaN,2,12.3460115016956,NaN,0.525,7.88,-0.3,0,NaN
NaN,NaN,NaN,NaN,NaN,6,14.8700773367189,NaN,-0.525,7.84,10.5,0,NaN
NaN,NaN,NaN,NaN,NaN,0,0,NaN,0.525,0,15.1,0,NaN
NaN,NaN,NaN,NaN,NaN,0,0,NaN,0.505,22.7,-4,NaN,NaN
NaN,NaN,NaN,NaN,NaN,0,0,NaN,0.505,24.6,16.3,NaN,NaN
NaN,NaN,NaN,NaN,NaN,NaN,NaN,NaN,-0.505,NaN,NaN,NaN,NaN
NaN,NaN,NaN,NaN,NaN,NaN,NaN,NaN,-0.505,NaN,NaN,NaN,NaN
6,4,6,4,4,5,5.97055273823119,1693384954.94206,-0.525,-0.01,-0.3,0,0
NaN,NaN,NaN,NaN,NaN,2,12.0454140651121,NaN,0.525,7.88,-0.3,0,NaN
NaN,NaN,NaN,NaN,NaN,6,15.7411784819308,NaN,-0.525,7.84,10.5,0,NaN
NaN,NaN,NaN,NaN,NaN,4,23.8875930139476,NaN,0.525,0,15.1,0,NaN
NaN,NaN,NaN,NaN,NaN,0,0,NaN,0.505,22.7,-4,NaN,NaN
NaN,NaN,NaN,NaN,NaN,0,0,NaN,0.505,24.6,16.3,NaN,NaN
NaN,NaN,NaN,NaN,NaN,NaN,NaN,NaN,-0.505,NaN,NaN,NaN,NaN
NaN,NaN,NaN,NaN,NaN,NaN,NaN,NaN,-0.505,NaN,NaN,NaN,NaN
6,4,6,1,4,5,7.3497755067757,1693384954.94281,-0.525,-0.01,-0.3,0,0
NaN,NaN,NaN,NaN,NaN,2,11.8449989447024,NaN,0.525,7.88,-0.3,0,NaN
NaN,NaN,NaN,NaN,NaN,6,14.7599288616172,NaN,-0.525,7.84,10.5,0,NaN
NaN,NaN,NaN,NaN,NaN,4,22.4768147209519,NaN,0.525,0,15.1,0,NaN
NaN,NaN,NaN,NaN,NaN,0,0,NaN,0.505,22.7,-4,NaN,NaN
NaN,NaN,NaN,NaN,NaN,0,0,NaN,0.505,24.6,16.3,NaN,NaN
NaN,NaN,NaN,NaN,NaN,NaN,NaN,NaN,-0.505,NaN,NaN,NaN,NaN
NaN,NaN,NaN,NaN,NaN,NaN,NaN,NaN,-0.505,NaN,NaN,NaN,NaN
6,4,6,3,4,5,6.68580586017871,1693384954.94575,-0.525,-0.01,-0.3,0,0
NaN,NaN,NaN,NaN,NaN,2,11.2737349622918,NaN,0.525,7.88,-0.3,0,NaN
NaN,NaN,NaN,NaN,NaN,6,15.8412972953606,NaN,-0.525,7.84,10.5,0,NaN
NaN,NaN,NaN,NaN,NaN,4,22.8770452637573,NaN,0.525,0,15.1,0,NaN
NaN,NaN,NaN,NaN,NaN,0,0,NaN,0.505,22.7,-4,NaN,NaN
NaN,NaN,NaN,NaN,NaN,0,0,NaN,0.505,24.6,16.3,NaN,NaN
NaN,NaN,NaN,NaN,NaN,NaN,NaN,NaN,-0.505,NaN,NaN,NaN,NaN
NaN,NaN,NaN,NaN,NaN,NaN,NaN,NaN,-0.505,NaN,NaN,NaN,NaN
6,4,6,2,4,5,6.77639284575503,1693384954.96665,-0.525,-0.01,-0.3,0,0
NaN,NaN,NaN,NaN,NaN,2,12.2057363563203,NaN,0.525,7.88,-0.3,0,NaN
NaN,NaN,NaN,NaN,NaN,6,14.4895548585869,NaN,-0.525,7.84,10.5,0,NaN
NaN,NaN,NaN,NaN,NaN,4,24.0576806862174,NaN,0.525,0,15.1,0,NaN
NaN,NaN,NaN,NaN,NaN,0,0,NaN,0.505,22.7,-4,NaN,NaN
NaN,NaN,NaN,NaN,NaN,0,0,NaN,0.505,24.6,16.3,NaN,NaN
NaN,NaN,NaN,NaN,NaN,NaN,NaN,NaN,-0.505,NaN,NaN,NaN,NaN
NaN,NaN,NaN,NaN,NaN,NaN,NaN,NaN,-0.505,NaN,NaN,NaN,NaN
6,4,6,4,4,5,6.22253967444162,1693384955.0419,-0.525,-0.01,-0.3,0,0
NaN,NaN,NaN,NaN,NaN,2,12.1957164611186,NaN,0.525,7.88,-0.3,0,NaN
NaN,NaN,NaN,NaN,NaN,6,15.4107754509629,NaN,-0.525,7.84,10.5,0,NaN
NaN,NaN,NaN,NaN,NaN,4,23.6374617926714,NaN,0.525,0,15.1,0,NaN
NaN,NaN,NaN,NaN,NaN,0,0,NaN,0.505,22.7,-4,NaN,NaN
NaN,NaN,NaN,NaN,NaN,0,0,NaN,0.505,24.6,16.3,NaN,NaN
NaN,NaN,NaN,NaN,NaN,NaN,NaN,NaN,-0.505,NaN,NaN,NaN,NaN
NaN,NaN,NaN,NaN,NaN,NaN,NaN,NaN,-0.505,NaN,NaN,NaN,NaN
6,4,6,1,4,5,7.55084101276143,1693384955.0437,-0.525,-0.01,-0.3,0,0
NaN,NaN,NaN,NaN,NaN,2,13.0372811582784,NaN,0.525,7.88,-0.3,0,NaN
NaN,NaN,NaN,NaN,NaN,6,14.5296111441428,NaN,-0.525,7.84,10.5,0,NaN
NaN,NaN,NaN,NaN,NaN,4,22.2967082772323,NaN,0.525,0,15.1,0,NaN
NaN,NaN,NaN,NaN,NaN,0,0,NaN,0.505,22.7,-4,NaN,NaN
NaN,NaN,NaN,NaN,NaN,0,0,NaN,0.505,24.6,16.3,NaN,NaN
NaN,NaN,NaN,NaN,NaN,NaN,NaN,NaN,-0.505,NaN,NaN,NaN,NaN
NaN,NaN,NaN,NaN,NaN,NaN,NaN,NaN,-0.505,NaN,NaN,NaN,NaN
6,4,6,3,4,5,6.90721362055641,1693384955.0453,-0.525,-0.01,-0.3,0,0
NaN,NaN,NaN,NaN,NaN,2,11.4741927820653,NaN,0.525,7.88,-0.3,0,NaN
NaN,NaN,NaN,NaN,NaN,6,15.5008870713905,NaN,-0.525,7.84,10.5,0,NaN
NaN,NaN,NaN,NaN,NaN,4,22.7369654967412,NaN,0.525,0,15.1,0,NaN
NaN,NaN,NaN,NaN,NaN,0,0,NaN,0.505,22.7,-4,NaN,NaN
NaN,NaN,NaN,NaN,NaN,0,0,NaN,0.505,24.6,16.3,NaN,NaN
NaN,NaN,NaN,NaN,NaN,NaN,NaN,NaN,-0.505,NaN,NaN,NaN,NaN
NaN,NaN,NaN,NaN,NaN,NaN,NaN,NaN,-0.505,NaN,NaN,NaN,NaN
6,4,6,2,3,5,7.05812297994304,1693384955.077,-0.525,-0.01,-0.3,0,0
NaN,NaN,NaN,NaN,NaN,2,12.9170701012265,NaN,0.525,7.88,-0.3,0,NaN
NaN,NaN,NaN,NaN,NaN,6,14.1390487657409,NaN,-0.525,7.84,10.5,0,NaN
NaN,NaN,NaN,NaN,NaN,0,0,NaN,0.525,0,15.1,0,NaN
NaN,NaN,NaN,NaN,NaN,0,0,NaN,0.505,22.7,-4,NaN,NaN
NaN,NaN,NaN,NaN,NaN,0,0,NaN,0.505,24.6,16.3,NaN,NaN
NaN,NaN,NaN,NaN,NaN,NaN,NaN,NaN,-0.505,NaN,NaN,NaN,NaN
NaN,NaN,NaN,NaN,NaN,NaN,NaN,NaN,-0.505,NaN,NaN,NaN,NaN
6,4,6,1,4,5,7.86238513429608,1693384955.14124,-0.525,-0.01,-0.3,0,0
NaN,NaN,NaN,NaN,NaN,2,12.8669809978876,NaN,0.525,7.88,-0.3,0,NaN
NaN,NaN,NaN,NaN,NaN,3,16.4920344409051,NaN,-0.525,7.84,10.5,0,NaN
NaN,NaN,NaN,NaN,NaN,6,14.1991372977375,NaN,0.525,0,15.1,0,NaN
NaN,NaN,NaN,NaN,NaN,0,0,NaN,0.505,22.7,-4,NaN,NaN
NaN,NaN,NaN,NaN,NaN,0,0,NaN,0.505,24.6,16.3,NaN,NaN
NaN,NaN,NaN,NaN,NaN,NaN,NaN,NaN,-0.505,NaN,NaN,NaN,NaN
NaN,NaN,NaN,NaN,NaN,NaN,NaN,NaN,-0.505,NaN,NaN,NaN,NaN
6,4,6,4,4,5,6.53479150394257,1693384955.14332,-0.525,-0.01,-0.3,0,0
NaN,NaN,NaN,NaN,NaN,2,12.3760696507413,NaN,0.525,7.88,-0.3,0,NaN
NaN,NaN,NaN,NaN,NaN,6,15.0102631555879,NaN,-0.525,7.84,10.5,0,NaN
NaN,NaN,NaN,NaN,NaN,4,23.7175040845364,NaN,0.525,0,15.1,0,NaN
NaN,NaN,NaN,NaN,NaN,0,0,NaN,0.505,22.7,-4,NaN,NaN
NaN,NaN,NaN,NaN,NaN,0,0,NaN,0.505,24.6,16.3,NaN,NaN
NaN,NaN,NaN,NaN,NaN,NaN,NaN,NaN,-0.505,NaN,NaN,NaN,NaN
NaN,NaN,NaN,NaN,NaN,NaN,NaN,NaN,-0.505,NaN,NaN,NaN,NaN
6,4,6,3,4,5,7.20899438202028,1693384955.14529,-0.525,-0.01,-0.3,0,0
NaN,NaN,NaN,NaN,NaN,2,12.3159530690889,NaN,0.525,7.88,-0.3,0,NaN
NaN,NaN,NaN,NaN,NaN,6,15.1704713176618,NaN,-0.525,7.84,10.5,0,NaN
NaN,NaN,NaN,NaN,NaN,4,22.586878934461,NaN,0.525,0,15.1,0,NaN
NaN,NaN,NaN,NaN,NaN,0,0,NaN,0.505,22.7,-4,NaN,NaN
NaN,NaN,NaN,NaN,NaN,0,0,NaN,0.505,24.6,16.3,NaN,NaN
NaN,NaN,NaN,NaN,NaN,NaN,NaN,NaN,-0.505,NaN,NaN,NaN,NaN
NaN,NaN,NaN,NaN,NaN,NaN,NaN,NaN,-0.505,NaN,NaN,NaN,NaN
6,4,6,2,3,5,7.38999323409704,1693384955.16592,-0.525,-0.01,-0.3,0,0
NaN,NaN,NaN,NaN,NaN,2,12.947123232595,NaN,0.525,7.88,-0.3,0,NaN
NaN,NaN,NaN,NaN,NaN,6,13.7584701184398,NaN,-0.525,7.84,10.5,0,NaN
NaN,NaN,NaN,NaN,NaN,0,0,NaN,0.525,0,15.1,0,NaN
NaN,NaN,NaN,NaN,NaN,0,0,NaN,0.505,22.7,-4,NaN,NaN
NaN,NaN,NaN,NaN,NaN,0,0,NaN,0.505,24.6,16.3,NaN,NaN
NaN,NaN,NaN,NaN,NaN,NaN,NaN,NaN,-0.505,NaN,NaN,NaN,NaN
NaN,NaN,NaN,NaN,NaN,NaN,NaN,NaN,-0.505,NaN,NaN,NaN,NaN
6,4,6,4,4,5,6.83677555577189,1693384955.24172,-0.525,-0.01,-0.3,0,0
NaN,NaN,NaN,NaN,NaN,2,12.3660502991052,NaN,0.525,7.88,-0.3,0,NaN
NaN,NaN,NaN,NaN,NaN,6,14.6597919494105,NaN,-0.525,7.84,10.5,0,NaN
NaN,NaN,NaN,NaN,NaN,4,23.4873817187016,NaN,0.525,0,15.1,0,NaN
NaN,NaN,NaN,NaN,NaN,0,0,NaN,0.505,22.7,-4,NaN,NaN
NaN,NaN,NaN,NaN,NaN,0,0,NaN,0.505,24.6,16.3,NaN,NaN
NaN,NaN,NaN,NaN,NaN,NaN,NaN,NaN,-0.505,NaN,NaN,NaN,NaN
NaN,NaN,NaN,NaN,NaN,NaN,NaN,NaN,-0.505,NaN,NaN,NaN,NaN
6,4,6,1,3,5,8.15372307599418,1693384955.24363,-0.525,-0.01,-0.3,0,0
NaN,NaN,NaN,NaN,NaN,2,12.3660502991052,NaN,0.525,7.88,-0.3,0,NaN
NaN,NaN,NaN,NaN,NaN,6,13.8686408851048,NaN,-0.525,7.84,10.5,0,NaN
NaN,NaN,NaN,NaN,NaN,0,0,NaN,0.525,0,15.1,0,NaN
NaN,NaN,NaN,NaN,NaN,0,0,NaN,0.505,22.7,-4,NaN,NaN
NaN,NaN,NaN,NaN,NaN,0,0,NaN,0.505,24.6,16.3,NaN,NaN
NaN,NaN,NaN,NaN,NaN,NaN,NaN,NaN,-0.505,NaN,NaN,NaN,NaN
NaN,NaN,NaN,NaN,NaN,NaN,NaN,NaN,-0.505,NaN,NaN,NaN,NaN
6,4,6,3,3,2,11.8449989447024,1693384955.2468,-0.525,-0.01,-0.3,0,0
NaN,NaN,NaN,NaN,NaN,6,14.8800907255299,NaN,0.525,7.88,-0.3,0,NaN
NaN,NaN,NaN,NaN,NaN,4,22.9470847821679,NaN,-0.525,7.84,10.5,0,NaN
NaN,NaN,NaN,NaN,NaN,0,0,NaN,0.525,0,15.1,0,NaN
NaN,NaN,NaN,NaN,NaN,0,0,NaN,0.505,22.7,-4,NaN,NaN
NaN,NaN,NaN,NaN,NaN,0,0,NaN,0.505,24.6,16.3,NaN,NaN
NaN,NaN,NaN,NaN,NaN,NaN,NaN,NaN,-0.505,NaN,NaN,NaN,NaN
NaN,NaN,NaN,NaN,NaN,NaN,NaN,NaN,-0.505,NaN,NaN,NaN,NaN
6,4,6,2,2,5,7.79204722778295,1693384955.26636,-0.525,-0.01,-0.3,0,0
NaN,NaN,NaN,NaN,NaN,6,13.4880391458507,NaN,0.525,7.88,-0.3,0,NaN
NaN,NaN,NaN,NaN,NaN,0,0,NaN,-0.525,7.84,10.5,0,NaN
NaN,NaN,NaN,NaN,NaN,0,0,NaN,0.525,0,15.1,0,NaN
NaN,NaN,NaN,NaN,NaN,0,0,NaN,0.505,22.7,-4,NaN,NaN
NaN,NaN,NaN,NaN,NaN,0,0,NaN,0.505,24.6,16.3,NaN,NaN
NaN,NaN,NaN,NaN,NaN,NaN,NaN,NaN,-0.505,NaN,NaN,NaN,NaN
NaN,NaN,NaN,NaN,NaN,NaN,NaN,NaN,-0.505,NaN,NaN,NaN,NaN
6,4,6,1,4,5,8.44496891646145,1693384955.34001,-0.525,-0.01,-0.3,0,0
NaN,NaN,NaN,NaN,NaN,2,14.7999831080985,NaN,0.525,7.88,-0.3,0,NaN
NaN,NaN,NaN,NaN,NaN,3,15.9514262685191,NaN,-0.525,7.84,10.5,0,NaN
NaN,NaN,NaN,NaN,NaN,6,13.4680065340049,NaN,0.525,0,15.1,0,NaN
NaN,NaN,NaN,NaN,NaN,0,0,NaN,0.505,22.7,-4,NaN,NaN
NaN,NaN,NaN,NaN,NaN,0,0,NaN,0.505,24.6,16.3,NaN,NaN
NaN,NaN,NaN,NaN,NaN,NaN,NaN,NaN,-0.505,NaN,NaN,NaN,NaN
NaN,NaN,NaN,NaN,NaN,NaN,NaN,NaN,-0.505,NaN,NaN,NaN,NaN
6,4,6,3,4,5,7.7116535191877,1693384955.34169,-0.525,-0.01,-0.3,0,0
NaN,NaN,NaN,NaN,NaN,2,12.1055359237004,NaN,0.525,7.88,-0.3,0,NaN
NaN,NaN,NaN,NaN,NaN,6,14.5296111441428,NaN,-0.525,7.84,10.5,0,NaN
NaN,NaN,NaN,NaN,NaN,4,22.7069482758032,NaN,0.525,0,15.1,0,NaN
NaN,NaN,NaN,NaN,NaN,0,0,NaN,0.505,22.7,-4,NaN,NaN
NaN,NaN,NaN,NaN,NaN,0,0,NaN,0.505,24.6,16.3,NaN,NaN
NaN,NaN,NaN,NaN,NaN,NaN,NaN,NaN,-0.505,NaN,NaN,NaN,NaN
NaN,NaN,NaN,NaN,NaN,NaN,NaN,NaN,-0.505,NaN,NaN,NaN,NaN
6,4,6,4,4,5,7.1184759604848,1693384955.34384,-0.525,-0.01,-0.3,0,0
NaN,NaN,NaN,NaN,NaN,2,12.6065062566914,NaN,0.525,7.88,-0.3,0,NaN
NaN,NaN,NaN,NaN,NaN,6,14.2792541822043,NaN,-0.525,7.84,10.5,0,NaN
NaN,NaN,NaN,NaN,NaN,4,23.3573114891248,NaN,0.525,0,15.1,0,NaN
NaN,NaN,NaN,NaN,NaN,0,0,NaN,0.505,22.7,-4,NaN,NaN
NaN,NaN,NaN,NaN,NaN,0,0,NaN,0.505,24.6,16.3,NaN,NaN
NaN,NaN,NaN,NaN,NaN,NaN,NaN,NaN,-0.505,NaN,NaN,NaN,NaN
NaN,NaN,NaN,NaN,NaN,NaN,NaN,NaN,-0.505,NaN,NaN,NaN,NaN
6,4,6,2,3,6,13.1174197157825,1693384955.36005,-0.525,-0.01,-0.3,0,0
NaN,NaN,NaN,NaN,NaN,5,8.06331817554039,NaN,0.525,7.88,-0.3,0,NaN
NaN,NaN,NaN,NaN,NaN,3,16.8323973337133,NaN,-0.525,7.84,10.5,0,NaN
NaN,NaN,NaN,NaN,NaN,0,0,NaN,0.525,0,15.1,0,NaN
NaN,NaN,NaN,NaN,NaN,0,0,NaN,0.505,22.7,-4,NaN,NaN
NaN,NaN,NaN,NaN,NaN,0,0,NaN,0.505,24.6,16.3,NaN,NaN
NaN,NaN,NaN,NaN,NaN,NaN,NaN,NaN,-0.505,NaN,NaN,NaN,NaN
NaN,NaN,NaN,NaN,NaN,NaN,NaN,NaN,-0.505,NaN,NaN,NaN,NaN
6,4,6,1,3,5,8.73613186713662,1693384955.43801,-0.525,-0.01,-0.3,0,0
NaN,NaN,NaN,NaN,NaN,3,15.4708500089685,NaN,0.525,7.88,-0.3,0,NaN
NaN,NaN,NaN,NaN,NaN,6,13.1074024886703,NaN,-0.525,7.84,10.5,0,NaN
NaN,NaN,NaN,NaN,NaN,0,0,NaN,0.525,0,15.1,0,NaN
NaN,NaN,NaN,NaN,NaN,0,0,NaN,0.505,22.7,-4,NaN,NaN
NaN,NaN,NaN,NaN,NaN,0,0,NaN,0.505,24.6,16.3,NaN,NaN
NaN,NaN,NaN,NaN,NaN,NaN,NaN,NaN,-0.505,NaN,NaN,NaN,NaN
NaN,NaN,NaN,NaN,NaN,NaN,NaN,NaN,-0.505,NaN,NaN,NaN,NaN
6,4,6,4,4,5,7.42015498490429,1693384955.44269,-0.525,-0.01,-0.3,0,0
NaN,NaN,NaN,NaN,NaN,2,12.8168911987268,NaN,0.525,7.88,-0.3,0,NaN
NaN,NaN,NaN,NaN,NaN,6,13.9187176133436,NaN,-0.525,7.84,10.5,0,NaN
NaN,NaN,NaN,NaN,NaN,4,23.2672624088009,NaN,0.525,0,15.1,0,NaN
NaN,NaN,NaN,NaN,NaN,0,0,NaN,0.505,22.7,-4,NaN,NaN
NaN,NaN,NaN,NaN,NaN,0,0,NaN,0.505,24.6,16.3,NaN,NaN
NaN,NaN,NaN,NaN,NaN,NaN,NaN,NaN,-0.505,NaN,NaN,NaN,NaN
NaN,NaN,NaN,NaN,NaN,NaN,NaN,NaN,-0.505,NaN,NaN,NaN,NaN
6,4,6,3,4,5,7.97290411330777,1693384955.44513,-0.525,-0.01,-0.3,0,0
NaN,NaN,NaN,NaN,NaN,2,12.1255762749652,NaN,0.525,7.88,-0.3,0,NaN
NaN,NaN,NaN,NaN,NaN,6,14.09898932548,NaN,-0.525,7.84,10.5,0,NaN
NaN,NaN,NaN,NaN,NaN,4,22.2466784037528,NaN,0.525,0,15.1,0,NaN
NaN,NaN,NaN,NaN,NaN,0,0,NaN,0.505,22.7,-4,NaN,NaN
NaN,NaN,NaN,NaN,NaN,0,0,NaN,0.505,24.6,16.3,NaN,NaN
NaN,NaN,NaN,NaN,NaN,NaN,NaN,NaN,-0.505,NaN,NaN,NaN,NaN
NaN,NaN,NaN,NaN,NaN,NaN,NaN,NaN,-0.505,NaN,NaN,NaN,NaN
6,4,6,2,3,5,8.44496891646145,1693384955.46616,-0.525,-0.01,-0.3,0,0
NaN,NaN,NaN,NaN,NaN,2,14.0789594785978,NaN,0.525,7.88,-0.3,0,NaN
NaN,NaN,NaN,NaN,NaN,6,12.6565990692603,NaN,-0.525,7.84,10.5,0,NaN
NaN,NaN,NaN,NaN,NaN,0,0,NaN,0.525,0,15.1,0,NaN
NaN,NaN,NaN,NaN,NaN,0,0,NaN,0.505,22.7,-4,NaN,NaN
NaN,NaN,NaN,NaN,NaN,0,0,NaN,0.505,24.6,16.3,NaN,NaN
NaN,NaN,NaN,NaN,NaN,NaN,NaN,NaN,-0.505,NaN,NaN,NaN,NaN
NaN,NaN,NaN,NaN,NaN,NaN,NaN,NaN,-0.505,NaN,NaN,NaN,NaN
6,4,6,1,4,5,9.05732852446018,1693384955.54346,-0.525,-0.01,-0.3,0,0
NaN,NaN,NaN,NaN,NaN,2,13.6382806834293,NaN,0.525,7.88,-0.3,0,NaN
NaN,NaN,NaN,NaN,NaN,6,12.776818852907,NaN,-0.525,7.84,10.5,0,NaN
NaN,NaN,NaN,NaN,NaN,3,15.8012499505577,NaN,0.525,0,15.1,0,NaN
NaN,NaN,NaN,NaN,NaN,0,0,NaN,0.505,22.7,-4,NaN,NaN
NaN,NaN,NaN,NaN,NaN,0,0,NaN,0.505,24.6,16.3,NaN,NaN
NaN,NaN,NaN,NaN,NaN,NaN,NaN,NaN,-0.505,NaN,NaN,NaN,NaN
NaN,NaN,NaN,NaN,NaN,NaN,NaN,NaN,-0.505,NaN,NaN,NaN,NaN
6,4,6,4,4,5,7.76190054046044,1693384955.54613,-0.525,-0.01,-0.3,0,0
NaN,NaN,NaN,NaN,NaN,2,13.0873679553988,NaN,0.525,7.88,-0.3,0,NaN
NaN,NaN,NaN,NaN,NaN,6,13.5080716610477,NaN,-0.525,7.84,10.5,0,NaN
NaN,NaN,NaN,NaN,NaN,4,22.9370791514526,NaN,0.525,0,15.1,0,NaN
NaN,NaN,NaN,NaN,NaN,0,0,NaN,0.505,22.7,-4,NaN,NaN
NaN,NaN,NaN,NaN,NaN,0,0,NaN,0.505,24.6,16.3,NaN,NaN
NaN,NaN,NaN,NaN,NaN,NaN,NaN,NaN,-0.505,NaN,NaN,NaN,NaN
NaN,NaN,NaN,NaN,NaN,NaN,NaN,NaN,-0.505,NaN,NaN,NaN,NaN
6,4,6,3,4,5,8.28429236567614,1693384955.54777,-0.525,-0.01,-0.3,0,0
NaN,NaN,NaN,NaN,NaN,2,13.5381202535655,NaN,0.525,7.88,-0.3,0,NaN
NaN,NaN,NaN,NaN,NaN,6,13.7384387759308,NaN,-0.525,7.84,10.5,0,NaN
NaN,NaN,NaN,NaN,NaN,4,22.8070055026959,NaN,0.525,0,15.1,0,NaN
NaN,NaN,NaN,NaN,NaN,0,0,NaN,0.505,22.7,-4,NaN,NaN
NaN,NaN,NaN,NaN,NaN,0,0,NaN,0.505,24.6,16.3,NaN,NaN
NaN,NaN,NaN,NaN,NaN,NaN,NaN,NaN,-0.505,NaN,NaN,NaN,NaN
NaN,NaN,NaN,NaN,NaN,NaN,NaN,NaN,-0.505,NaN,NaN,NaN,NaN
6,4,6,2,3,5,8.84655300102814,1693384955.5658,-0.525,-0.01,-0.3,0,0
NaN,NaN,NaN,NaN,NaN,6,12.3359920557692,NaN,0.525,7.88,-0.3,0,NaN
NaN,NaN,NaN,NaN,NaN,3,16.1816902701788,NaN,-0.525,7.84,10.5,0,NaN
NaN,NaN,NaN,NaN,NaN,0,0,NaN,0.525,0,15.1,0,NaN
NaN,NaN,NaN,NaN,NaN,0,0,NaN,0.505,22.7,-4,NaN,NaN
NaN,NaN,NaN,NaN,NaN,0,0,NaN,0.505,24.6,16.3,NaN,NaN
NaN,NaN,NaN,NaN,NaN,NaN,NaN,NaN,-0.505,NaN,NaN,NaN,NaN
NaN,NaN,NaN,NaN,NaN,NaN,NaN,NaN,-0.505,NaN,NaN,NaN,NaN
6,4,6,1,3,5,9.41857738727033,1693384955.64197,-0.525,-0.01,-0.3,0,0
NaN,NaN,NaN,NaN,NaN,6,12.4361851063741,NaN,0.525,7.88,-0.3,0,NaN
NaN,NaN,NaN,NaN,NaN,3,14.7699424508019,NaN,-0.525,7.84,10.5,0,NaN
NaN,NaN,NaN,NaN,NaN,0,0,NaN,0.525,0,15.1,0,NaN
NaN,NaN,NaN,NaN,NaN,0,0,NaN,0.505,22.7,-4,NaN,NaN
NaN,NaN,NaN,NaN,NaN,0,0,NaN,0.505,24.6,16.3,NaN,NaN
NaN,NaN,NaN,NaN,NaN,NaN,NaN,NaN,-0.505,NaN,NaN,NaN,NaN
NaN,NaN,NaN,NaN,NaN,NaN,NaN,NaN,-0.505,NaN,NaN,NaN,NaN
6,4,6,4,4,5,8.12358910826982,1693384955.64266,-0.525,-0.01,-0.3,0,0
NaN,NaN,NaN,NaN,NaN,2,13.0873679553988,NaN,0.525,7.88,-0.3,0,NaN
NaN,NaN,NaN,NaN,NaN,6,13.1274369166262,NaN,-0.525,7.84,10.5,0,NaN
NaN,NaN,NaN,NaN,NaN,4,22.8270168878897,NaN,0.525,0,15.1,0,NaN
NaN,NaN,NaN,NaN,NaN,0,0,NaN,0.505,22.7,-4,NaN,NaN
NaN,NaN,NaN,NaN,NaN,0,0,NaN,0.505,24.6,16.3,NaN,NaN
NaN,NaN,NaN,NaN,NaN,NaN,NaN,NaN,-0.505,NaN,NaN,NaN,NaN
NaN,NaN,NaN,NaN,NaN,NaN,NaN,NaN,-0.505,NaN,NaN,NaN,NaN
6,4,6,3,4,5,8.62569997159651,1693384955.64545,-0.525,-0.01,-0.3,0,0
NaN,NaN,NaN,NaN,NaN,2,14.6097227899779,NaN,0.525,7.88,-0.3,0,NaN
NaN,NaN,NaN,NaN,NaN,6,13.4379574340746,NaN,-0.525,7.84,10.5,0,NaN
NaN,NaN,NaN,NaN,NaN,4,29.2598701295819,NaN,0.525,0,15.1,0,NaN
NaN,NaN,NaN,NaN,NaN,0,0,NaN,0.505,22.7,-4,NaN,NaN
NaN,NaN,NaN,NaN,NaN,0,0,NaN,0.505,24.6,16.3,NaN,NaN
NaN,NaN,NaN,NaN,NaN,NaN,NaN,NaN,-0.505,NaN,NaN,NaN,NaN
NaN,NaN,NaN,NaN,NaN,NaN,NaN,NaN,-0.505,NaN,NaN,NaN,NaN
6,4,6,2,3,5,9.12757908757848,1693384955.66622,-0.525,-0.01,-0.3,0,0
NaN,NaN,NaN,NaN,NaN,6,11.9351874723441,NaN,0.525,7.88,-0.3,0,NaN
NaN,NaN,NaN,NaN,NaN,2,15.1804841820016,NaN,-0.525,7.84,10.5,0,NaN
NaN,NaN,NaN,NaN,NaN,0,0,NaN,0.525,0,15.1,0,NaN
NaN,NaN,NaN,NaN,NaN,0,0,NaN,0.505,22.7,-4,NaN,NaN
NaN,NaN,NaN,NaN,NaN,0,0,NaN,0.505,24.6,16.3,NaN,NaN
NaN,NaN,NaN,NaN,NaN,NaN,NaN,NaN,-0.505,NaN,NaN,NaN,NaN
NaN,NaN,NaN,NaN,NaN,NaN,NaN,NaN,-0.505,NaN,NaN,NaN,NaN
6,4,6,1,4,5,9.80982670591076,1693384955.73294,-0.525,-0.01,-0.3,0,0
NaN,NaN,NaN,NaN,NaN,6,12.0654548194422,NaN,0.525,7.88,-0.3,0,NaN
NaN,NaN,NaN,NaN,NaN,2,14.9201441011808,NaN,-0.525,7.84,10.5,0,NaN
NaN,NaN,NaN,NaN,NaN,3,15.0102631555879,NaN,0.525,0,15.1,0,NaN
NaN,NaN,NaN,NaN,NaN,0,0,NaN,0.505,22.7,-4,NaN,NaN
NaN,NaN,NaN,NaN,NaN,0,0,NaN,0.505,24.6,16.3,NaN,NaN
NaN,NaN,NaN,NaN,NaN,NaN,NaN,NaN,-0.505,NaN,NaN,NaN,NaN
NaN,NaN,NaN,NaN,NaN,NaN,NaN,NaN,-0.505,NaN,NaN,NaN,NaN
6,4,6,4,3,5,8.55541933513489,1693384955.74317,-0.525,-0.01,-0.3,0,0
NaN,NaN,NaN,NaN,NaN,2,14.0889744126391,NaN,0.525,7.88,-0.3,0,NaN
NaN,NaN,NaN,NaN,NaN,6,12.7968550824021,NaN,-0.525,7.84,10.5,0,NaN
NaN,NaN,NaN,NaN,NaN,0,0,NaN,0.525,0,15.1,0,NaN
NaN,NaN,NaN,NaN,NaN,0,0,NaN,0.505,22.7,-4,NaN,NaN
NaN,NaN,NaN,NaN,NaN,0,0,NaN,0.505,24.6,16.3,NaN,NaN
NaN,NaN,NaN,NaN,NaN,NaN,NaN,NaN,-0.505,NaN,NaN,NaN,NaN
NaN,NaN,NaN,NaN,NaN,NaN,NaN,NaN,-0.505,NaN,NaN,NaN,NaN
6,4,6,3,4,5,8.93688983931211,1693384955.7456,-0.525,-0.01,-0.3,0,0
NaN,NaN,NaN,NaN,NaN,2,14.7499152539938,NaN,0.525,7.88,-0.3,0,NaN
NaN,NaN,NaN,NaN,NaN,6,13.0072287594245,NaN,-0.525,7.84,10.5,0,NaN
NaN,NaN,NaN,NaN,NaN,4,31.6006202470774,NaN,0.525,0,15.1,0,NaN
NaN,NaN,NaN,NaN,NaN,0,0,NaN,0.505,22.7,-4,NaN,NaN
NaN,NaN,NaN,NaN,NaN,0,0,NaN,0.505,24.6,16.3,NaN,NaN
NaN,NaN,NaN,NaN,NaN,NaN,NaN,NaN,-0.505,NaN,NaN,NaN,NaN
NaN,NaN,NaN,NaN,NaN,NaN,NaN,NaN,-0.505,NaN,NaN,NaN,NaN
6,4,6,2,3,5,9.55903760846248,1693384955.76637,-0.525,-0.01,-0.3,0,0
NaN,NaN,NaN,NaN,NaN,6,11.5744157519937,NaN,0.525,7.88,-0.3,0,NaN
NaN,NaN,NaN,NaN,NaN,2,15.1304196901474,NaN,-0.525,7.84,10.5,0,NaN
NaN,NaN,NaN,NaN,NaN,0,0,NaN,0.525,0,15.1,0,NaN
NaN,NaN,NaN,NaN,NaN,0,0,NaN,0.505,22.7,-4,NaN,NaN
NaN,NaN,NaN,NaN,NaN,0,0,NaN,0.505,24.6,16.3,NaN,NaN
NaN,NaN,NaN,NaN,NaN,NaN,NaN,NaN,-0.505,NaN,NaN,NaN,NaN
NaN,NaN,NaN,NaN,NaN,NaN,NaN,NaN,-0.505,NaN,NaN,NaN,NaN
6,4,6,1,3,5,10.1508374038795,1693384955.84085,-0.525,-0.01,-0.3,0,0
NaN,NaN,NaN,NaN,NaN,6,11.6946782768916,NaN,0.525,7.88,-0.3,0,NaN
NaN,NaN,NaN,NaN,NaN,2,14.3693841204138,NaN,-0.525,7.84,10.5,0,NaN
NaN,NaN,NaN,NaN,NaN,0,0,NaN,0.525,0,15.1,0,NaN
NaN,NaN,NaN,NaN,NaN,0,0,NaN,0.505,22.7,-4,NaN,NaN
NaN,NaN,NaN,NaN,NaN,0,0,NaN,0.505,24.6,16.3,NaN,NaN
NaN,NaN,NaN,NaN,NaN,NaN,NaN,NaN,-0.505,NaN,NaN,NaN,NaN
NaN,NaN,NaN,NaN,NaN,NaN,NaN,NaN,-0.505,NaN,NaN,NaN,NaN
6,4,6,4,3,5,8.90677831766346,1693384955.84262,-0.525,-0.01,-0.3,0,0
NaN,NaN,NaN,NaN,NaN,2,15.1103937738234,NaN,0.525,7.88,-0.3,0,NaN
NaN,NaN,NaN,NaN,NaN,6,12.3560309161154,NaN,-0.525,7.84,10.5,0,NaN
NaN,NaN,NaN,NaN,NaN,0,0,NaN,0.525,0,15.1,0,NaN
NaN,NaN,NaN,NaN,NaN,0,0,NaN,0.505,22.7,-4,NaN,NaN
NaN,NaN,NaN,NaN,NaN,0,0,NaN,0.505,24.6,16.3,NaN,NaN
NaN,NaN,NaN,NaN,NaN,NaN,NaN,NaN,-0.505,NaN,NaN,NaN,NaN
NaN,NaN,NaN,NaN,NaN,NaN,NaN,NaN,-0.505,NaN,NaN,NaN,NaN
6,4,6,3,4,2,13.457990191704,1693384955.84627,-0.525,-0.01,-0.3,0,0
NaN,NaN,NaN,NaN,NaN,5,9.31824017720084,NaN,0.525,7.88,-0.3,0,NaN
NaN,NaN,NaN,NaN,NaN,6,12.6565990692603,NaN,-0.525,7.84,10.5,0,NaN
NaN,NaN,NaN,NaN,NaN,4,21.3961491862438,NaN,0.525,0,15.1,0,NaN
NaN,NaN,NaN,NaN,NaN,0,0,NaN,0.505,22.7,-4,NaN,NaN
NaN,NaN,NaN,NaN,NaN,0,0,NaN,0.505,24.6,16.3,NaN,NaN
NaN,NaN,NaN,NaN,NaN,NaN,NaN,NaN,-0.505,NaN,NaN,NaN,NaN
NaN,NaN,NaN,NaN,NaN,NaN,NaN,NaN,-0.505,NaN,NaN,NaN,NaN
6,4,6,2,3,5,9.92016128901138,1693384955.86559,-0.525,-0.01,-0.3,0,0
NaN,NaN,NaN,NaN,NaN,6,11.213594428193,NaN,0.525,7.88,-0.3,0,NaN
NaN,NaN,NaN,NaN,NaN,3,14.9702104193629,NaN,-0.525,7.84,10.5,0,NaN
NaN,NaN,NaN,NaN,NaN,0,0,NaN,0.525,0,15.1,0,NaN
NaN,NaN,NaN,NaN,NaN,0,0,NaN,0.505,22.7,-4,NaN,NaN
NaN,NaN,NaN,NaN,NaN,0,0,NaN,0.505,24.6,16.3,NaN,NaN
NaN,NaN,NaN,NaN,NaN,NaN,NaN,NaN,-0.505,NaN,NaN,NaN,NaN
NaN,NaN,NaN,NaN,NaN,NaN,NaN,NaN,-0.505,NaN,NaN,NaN,NaN
6,4,6,1,4,5,10.4617015824387,1693384955.93584,-0.525,-0.01,-0.3,0,0
NaN,NaN,NaN,NaN,NaN,6,11.3639429776816,NaN,0.525,7.88,-0.3,0,NaN
NaN,NaN,NaN,NaN,NaN,2,14.5896949933849,NaN,-0.525,7.84,10.5,0,NaN
NaN,NaN,NaN,NaN,NaN,3,13.7985325306715,NaN,0.525,0,15.1,0,NaN
NaN,NaN,NaN,NaN,NaN,0,0,NaN,0.505,22.7,-4,NaN,NaN
NaN,NaN,NaN,NaN,NaN,0,0,NaN,0.505,24.6,16.3,NaN,NaN
NaN,NaN,NaN,NaN,NaN,NaN,NaN,NaN,-0.505,NaN,NaN,NaN,NaN
NaN,NaN,NaN,NaN,NaN,NaN,NaN,NaN,-0.505,NaN,NaN,NaN,NaN
6,4,6,4,4,5,9.21789563837647,1693384955.93732,-0.525,-0.01,-0.3,0,0
NaN,NaN,NaN,NaN,NaN,2,15.3106498882314,NaN,0.525,7.88,-0.3,0,NaN
NaN,NaN,NaN,NaN,NaN,6,12.0153526789687,NaN,-0.525,7.84,10.5,0,NaN
NaN,NaN,NaN,NaN,NaN,4,22.4968264428563,NaN,0.525,0,15.1,0,NaN
NaN,NaN,NaN,NaN,NaN,0,0,NaN,0.505,22.7,-4,NaN,NaN
NaN,NaN,NaN,NaN,NaN,0,0,NaN,0.505,24.6,16.3,NaN,NaN
NaN,NaN,NaN,NaN,NaN,NaN,NaN,NaN,-0.505,NaN,NaN,NaN,NaN
NaN,NaN,NaN,NaN,NaN,NaN,NaN,NaN,-0.505,NaN,NaN,NaN,NaN
6,4,6,3,4,5,9.60919871789527,1693384955.94722,-0.525,-0.01,-0.3,0,0
NaN,NaN,NaN,NaN,NaN,2,12.9070523358356,NaN,0.525,7.88,-0.3,0,NaN
NaN,NaN,NaN,NaN,NaN,6,12.3059335281806,NaN,-0.525,7.84,10.5,0,NaN
NaN,NaN,NaN,NaN,NaN,4,21.4461814782959,NaN,0.525,0,15.1,0,NaN
NaN,NaN,NaN,NaN,NaN,0,0,NaN,0.505,22.7,-4,NaN,NaN
NaN,NaN,NaN,NaN,NaN,0,0,NaN,0.505,24.6,16.3,NaN,NaN
NaN,NaN,NaN,NaN,NaN,NaN,NaN,NaN,-0.505,NaN,NaN,NaN,NaN
NaN,NaN,NaN,NaN,NaN,NaN,NaN,NaN,-0.505,NaN,NaN,NaN,NaN
6,4,6,2,4,5,10.2410936915937,1693384955.96616,-0.525,-0.01,-0.3,0,0
NaN,NaN,NaN,NaN,NaN,6,10.9028436657599,NaN,0.525,7.88,-0.3,0,NaN
NaN,NaN,NaN,NaN,NaN,2,14.6597919494105,NaN,-0.525,7.84,10.5,0,NaN
NaN,NaN,NaN,NaN,NaN,3,14.4895548585869,NaN,0.525,0,15.1,0,NaN
NaN,NaN,NaN,NaN,NaN,0,0,NaN,0.505,22.7,-4,NaN,NaN
NaN,NaN,NaN,NaN,NaN,0,0,NaN,0.505,24.6,16.3,NaN,NaN
NaN,NaN,NaN,NaN,NaN,NaN,NaN,NaN,-0.505,NaN,NaN,NaN,NaN
NaN,NaN,NaN,NaN,NaN,NaN,NaN,NaN,-0.505,NaN,NaN,NaN,NaN
6,4,6,1,4,5,10.7925668865196,1693384956.04197,-0.525,-0.01,-0.3,0,0
NaN,NaN,NaN,NaN,NaN,6,11.0030904749529,NaN,0.525,7.88,-0.3,0,NaN
NaN,NaN,NaN,NaN,NaN,2,15.2505737596984,NaN,-0.525,7.84,10.5,0,NaN
NaN,NaN,NaN,NaN,NaN,3,13.1875395734003,NaN,0.525,0,15.1,0,NaN
NaN,NaN,NaN,NaN,NaN,0,0,NaN,0.505,22.7,-4,NaN,NaN
NaN,NaN,NaN,NaN,NaN,0,0,NaN,0.505,24.6,16.3,NaN,NaN
NaN,NaN,NaN,NaN,NaN,NaN,NaN,NaN,-0.505,NaN,NaN,NaN,NaN
NaN,NaN,NaN,NaN,NaN,NaN,NaN,NaN,-0.505,NaN,NaN,NaN,NaN
6,4,6,4,3,5,9.6593581567307,1693384956.04325,-0.525,-0.01,-0.3,0,0
NaN,NaN,NaN,NaN,NaN,6,11.6445695497944,NaN,0.525,7.88,-0.3,0,NaN
NaN,NaN,NaN,NaN,NaN,2,15.3807379536874,NaN,-0.525,7.84,10.5,0,NaN
NaN,NaN,NaN,NaN,NaN,0,0,NaN,0.525,0,15.1,0,NaN
NaN,NaN,NaN,NaN,NaN,0,0,NaN,0.505,22.7,-4,NaN,NaN
NaN,NaN,NaN,NaN,NaN,0,0,NaN,0.505,24.6,16.3,NaN,NaN
NaN,NaN,NaN,NaN,NaN,NaN,NaN,NaN,-0.505,NaN,NaN,NaN,NaN
NaN,NaN,NaN,NaN,NaN,NaN,NaN,NaN,-0.505,NaN,NaN,NaN,NaN
6,4,6,3,4,5,9.97031092795004,1693384956.04591,-0.525,-0.01,-0.3,0,0
NaN,NaN,NaN,NaN,NaN,2,13.0973852352292,NaN,0.525,7.88,-0.3,0,NaN
NaN,NaN,NaN,NaN,NaN,6,11.9752703518543,NaN,-0.525,7.84,10.5,0,NaN
NaN,NaN,NaN,NaN,NaN,4,21.3261037229026,NaN,0.525,0,15.1,0,NaN
NaN,NaN,NaN,NaN,NaN,0,0,NaN,0.505,22.7,-4,NaN,NaN
NaN,NaN,NaN,NaN,NaN,0,0,NaN,0.505,24.6,16.3,NaN,NaN
NaN,NaN,NaN,NaN,NaN,NaN,NaN,NaN,-0.505,NaN,NaN,NaN,NaN
NaN,NaN,NaN,NaN,NaN,NaN,NaN,NaN,-0.505,NaN,NaN,NaN,NaN
6,4,6,2,2,5,10.6421802277541,1693384956.07327,-0.525,-0.01,-0.3,0,0
NaN,NaN,NaN,NaN,NaN,6,10.5519429490497,NaN,0.525,7.88,-0.3,0,NaN
NaN,NaN,NaN,NaN,NaN,0,0,NaN,-0.525,7.84,10.5,0,NaN
NaN,NaN,NaN,NaN,NaN,0,0,NaN,0.525,0,15.1,0,NaN
NaN,NaN,NaN,NaN,NaN,0,0,NaN,0.505,22.7,-4,NaN,NaN
NaN,NaN,NaN,NaN,NaN,0,0,NaN,0.505,24.6,16.3,NaN,NaN
NaN,NaN,NaN,NaN,NaN,NaN,NaN,NaN,-0.505,NaN,NaN,NaN,NaN
NaN,NaN,NaN,NaN,NaN,NaN,NaN,NaN,-0.505,NaN,NaN,NaN,NaN
6,4,6,4,4,5,10.1006930455291,1693384956.1412,-0.525,-0.01,-0.3,0,0
NaN,NaN,NaN,NaN,NaN,6,11.2937814747763,NaN,0.525,7.88,-0.3,0,NaN
NaN,NaN,NaN,NaN,NaN,2,16.1216221268209,NaN,-0.525,7.84,10.5,0,NaN
NaN,NaN,NaN,NaN,NaN,3,16.0114958701553,NaN,0.525,0,15.1,0,NaN
NaN,NaN,NaN,NaN,NaN,0,0,NaN,0.505,22.7,-4,NaN,NaN
NaN,NaN,NaN,NaN,NaN,0,0,NaN,0.505,24.6,16.3,NaN,NaN
NaN,NaN,NaN,NaN,NaN,NaN,NaN,NaN,-0.505,NaN,NaN,NaN,NaN
NaN,NaN,NaN,NaN,NaN,NaN,NaN,NaN,-0.505,NaN,NaN,NaN,NaN
6,4,6,1,4,5,11.1935472483034,1693384956.14222,-0.525,-0.01,-0.3,0,0
NaN,NaN,NaN,NaN,NaN,6,10.7123620177811,NaN,0.525,7.88,-0.3,0,NaN
NaN,NaN,NaN,NaN,NaN,3,13.2175905519879,NaN,-0.525,7.84,10.5,0,NaN
NaN,NaN,NaN,NaN,NaN,2,14.2692396433727,NaN,0.525,0,15.1,0,NaN
NaN,NaN,NaN,NaN,NaN,0,0,NaN,0.505,22.7,-4,NaN,NaN
NaN,NaN,NaN,NaN,NaN,0,0,NaN,0.505,24.6,16.3,NaN,NaN
NaN,NaN,NaN,NaN,NaN,NaN,NaN,NaN,-0.505,NaN,NaN,NaN,NaN
NaN,NaN,NaN,NaN,NaN,NaN,NaN,NaN,-0.505,NaN,NaN,NaN,NaN
6,4,6,3,3,5,10.4015383477638,1693384956.1461,-0.525,-0.01,-0.3,0,0
NaN,NaN,NaN,NaN,NaN,6,11.6746348979315,NaN,0.525,7.88,-0.3,0,NaN
NaN,NaN,NaN,NaN,NaN,4,21.286077609555,NaN,-0.525,7.84,10.5,0,NaN
NaN,NaN,NaN,NaN,NaN,0,0,NaN,0.525,0,15.1,0,NaN
NaN,NaN,NaN,NaN,NaN,0,0,NaN,0.505,22.7,-4,NaN,NaN
NaN,NaN,NaN,NaN,NaN,0,0,NaN,0.505,24.6,16.3,NaN,NaN
NaN,NaN,NaN,NaN,NaN,NaN,NaN,NaN,-0.505,NaN,NaN,NaN,NaN
NaN,NaN,NaN,NaN,NaN,NaN,NaN,NaN,-0.505,NaN,NaN,NaN,NaN
6,4,6,2,3,6,10.180923337301,1693384956.15935,-0.525,-0.01,-0.3,0,0
NaN,NaN,NaN,NaN,NaN,5,11.0632364161668,NaN,0.525,7.88,-0.3,0,NaN
NaN,NaN,NaN,NaN,NaN,2,15.8012499505577,NaN,-0.525,7.84,10.5,0,NaN
NaN,NaN,NaN,NaN,NaN,0,0,NaN,0.525,0,15.1,0,NaN
NaN,NaN,NaN,NaN,NaN,0,0,NaN,0.505,22.7,-4,NaN,NaN
NaN,NaN,NaN,NaN,NaN,0,0,NaN,0.505,24.6,16.3,NaN,NaN
NaN,NaN,NaN,NaN,NaN,NaN,NaN,NaN,-0.505,NaN,NaN,NaN,NaN
NaN,NaN,NaN,NaN,NaN,NaN,NaN,NaN,-0.505,NaN,NaN,NaN,NaN
6,4,6,1,2,5,11.5643936287209,1693384956.23822,-0.525,-0.01,-0.3,0,0
NaN,NaN,NaN,NaN,NaN,6,10.3313455077255,NaN,0.525,7.88,-0.3,0,NaN
NaN,NaN,NaN,NaN,NaN,0,0,NaN,-0.525,7.84,10.5,0,NaN
NaN,NaN,NaN,NaN,NaN,0,0,NaN,0.525,0,15.1,0,NaN
NaN,NaN,NaN,NaN,NaN,0,0,NaN,0.505,22.7,-4,NaN,NaN
NaN,NaN,NaN,NaN,NaN,0,0,NaN,0.505,24.6,16.3,NaN,NaN
NaN,NaN,NaN,NaN,NaN,NaN,NaN,NaN,-0.505,NaN,NaN,NaN,NaN
NaN,NaN,NaN,NaN,NaN,NaN,NaN,NaN,-0.505,NaN,NaN,NaN,NaN
6,4,6,3,4,5,10.7123620177811,1693384956.23982,-0.525,-0.01,-0.3,0,0
NaN,NaN,NaN,NaN,NaN,2,14.3293265717549,NaN,0.525,7.88,-0.3,0,NaN
NaN,NaN,NaN,NaN,NaN,6,11.2737349622918,NaN,-0.525,7.84,10.5,0,NaN
NaN,NaN,NaN,NaN,NaN,4,21.085945556223,NaN,0.525,0,15.1,0,NaN
NaN,NaN,NaN,NaN,NaN,0,0,NaN,0.505,22.7,-4,NaN,NaN
NaN,NaN,NaN,NaN,NaN,0,0,NaN,0.505,24.6,16.3,NaN,NaN
NaN,NaN,NaN,NaN,NaN,NaN,NaN,NaN,-0.505,NaN,NaN,NaN,NaN
NaN,NaN,NaN,NaN,NaN,NaN,NaN,NaN,-0.505,NaN,NaN,NaN,NaN
6,4,6,4,4,5,10.3714560212152,1693384956.24137,-0.525,-0.01,-0.3,0,0
NaN,NaN,NaN,NaN,NaN,6,10.9529676343902,NaN,0.525,7.88,-0.3,0,NaN
NaN,NaN,NaN,NaN,NaN,2,16.6321856651494,NaN,-0.525,7.84,10.5,0,NaN
NaN,NaN,NaN,NaN,NaN,3,14.5896949933849,NaN,0.525,0,15.1,0,NaN
NaN,NaN,NaN,NaN,NaN,0,0,NaN,0.505,22.7,-4,NaN,NaN
NaN,NaN,NaN,NaN,NaN,0,0,NaN,0.505,24.6,16.3,NaN,NaN
NaN,NaN,NaN,NaN,NaN,NaN,NaN,NaN,-0.505,NaN,NaN,NaN,NaN
NaN,NaN,NaN,NaN,NaN,NaN,NaN,NaN,-0.505,NaN,NaN,NaN,NaN
6,4,6,2,2,5,11.4040343738521,1693384956.2658,-0.525,-0.01,-0.3,0,0
NaN,NaN,NaN,NaN,NaN,6,9.78976506357533,NaN,0.525,7.88,-0.3,0,NaN
NaN,NaN,NaN,NaN,NaN,0,0,NaN,-0.525,7.84,10.5,0,NaN
NaN,NaN,NaN,NaN,NaN,0,0,NaN,0.525,0,15.1,0,NaN
NaN,NaN,NaN,NaN,NaN,0,0,NaN,0.505,22.7,-4,NaN,NaN
NaN,NaN,NaN,NaN,NaN,0,0,NaN,0.505,24.6,16.3,NaN,NaN
NaN,NaN,NaN,NaN,NaN,NaN,NaN,NaN,-0.505,NaN,NaN,NaN,NaN
NaN,NaN,NaN,NaN,NaN,NaN,NaN,NaN,-0.505,NaN,NaN,NaN,NaN
6,4,6,1,4,6,10.0104295612126,1693384956.32885,-0.525,-0.01,-0.3,0,0
NaN,NaN,NaN,NaN,NaN,5,11.8850830876355,NaN,0.525,7.88,-0.3,0,NaN
NaN,NaN,NaN,NaN,NaN,3,12.4161467452668,NaN,-0.525,7.84,10.5,0,NaN
NaN,NaN,NaN,NaN,NaN,2,14.7098606383609,NaN,0.525,0,15.1,0,NaN
NaN,NaN,NaN,NaN,NaN,0,0,NaN,0.505,22.7,-4,NaN,NaN
NaN,NaN,NaN,NaN,NaN,0,0,NaN,0.505,24.6,16.3,NaN,NaN
NaN,NaN,NaN,NaN,NaN,NaN,NaN,NaN,-0.505,NaN,NaN,NaN,NaN
NaN,NaN,NaN,NaN,NaN,NaN,NaN,NaN,-0.505,NaN,NaN,NaN,NaN
6,4,6,4,3,5,10.802592281485,1693384956.34398,-0.525,-0.01,-0.3,0,0
NaN,NaN,NaN,NaN,NaN,6,10.5419163343294,NaN,0.525,7.88,-0.3,0,NaN
NaN,NaN,NaN,NaN,NaN,2,17.1226954653758,NaN,-0.525,7.84,10.5,0,NaN
NaN,NaN,NaN,NaN,NaN,0,0,NaN,0.525,0,15.1,0,NaN
NaN,NaN,NaN,NaN,NaN,0,0,NaN,0.505,22.7,-4,NaN,NaN
NaN,NaN,NaN,NaN,NaN,0,0,NaN,0.505,24.6,16.3,NaN,NaN
NaN,NaN,NaN,NaN,NaN,NaN,NaN,NaN,-0.505,NaN,NaN,NaN,NaN
NaN,NaN,NaN,NaN,NaN,NaN,NaN,NaN,-0.505,NaN,NaN,NaN,NaN
6,4,6,3,4,5,10.9830414731075,1693384956.3466,-0.525,-0.01,-0.3,0,0
NaN,NaN,NaN,NaN,NaN,6,10.922893389574,NaN,0.525,7.88,-0.3,0,NaN
NaN,NaN,NaN,NaN,NaN,2,15.6710944097724,NaN,-0.525,7.84,10.5,0,NaN
NaN,NaN,NaN,NaN,NaN,4,20.9958853111747,NaN,0.525,0,15.1,0,NaN
NaN,NaN,NaN,NaN,NaN,0,0,NaN,0.505,22.7,-4,NaN,NaN
NaN,NaN,NaN,NaN,NaN,0,0,NaN,0.505,24.6,16.3,NaN,NaN
NaN,NaN,NaN,NaN,NaN,NaN,NaN,NaN,-0.505,NaN,NaN,NaN,NaN
NaN,NaN,NaN,NaN,NaN,NaN,NaN,NaN,-0.505,NaN,NaN,NaN,NaN
6,4,6,2,3,6,9.47877629232803,1693384956.35996,-0.525,-0.01,-0.3,0,0
NaN,NaN,NaN,NaN,NaN,5,11.7447860772344,NaN,0.525,7.88,-0.3,0,NaN
NaN,NaN,NaN,NaN,NaN,4,21.616290153493,NaN,-0.525,7.84,10.5,0,NaN
NaN,NaN,NaN,NaN,NaN,0,0,NaN,0.525,0,15.1,0,NaN
NaN,NaN,NaN,NaN,NaN,0,0,NaN,0.505,22.7,-4,NaN,NaN
NaN,NaN,NaN,NaN,NaN,0,0,NaN,0.505,24.6,16.3,NaN,NaN
NaN,NaN,NaN,NaN,NaN,NaN,NaN,NaN,-0.505,NaN,NaN,NaN,NaN
NaN,NaN,NaN,NaN,NaN,NaN,NaN,NaN,-0.505,NaN,NaN,NaN,NaN
6,4,6,4,3,5,11.213594428193,1693384956.4359,-0.525,-0.01,-0.3,0,0
NaN,NaN,NaN,NaN,NaN,6,10.1708947492342,NaN,0.525,7.88,-0.3,0,NaN
NaN,NaN,NaN,NaN,NaN,2,16.8924598563975,NaN,-0.525,7.84,10.5,0,NaN
NaN,NaN,NaN,NaN,NaN,0,0,NaN,0.525,0,15.1,0,NaN
NaN,NaN,NaN,NaN,NaN,0,0,NaN,0.505,22.7,-4,NaN,NaN
NaN,NaN,NaN,NaN,NaN,0,0,NaN,0.505,24.6,16.3,NaN,NaN
NaN,NaN,NaN,NaN,NaN,NaN,NaN,NaN,-0.505,NaN,NaN,NaN,NaN
NaN,NaN,NaN,NaN,NaN,NaN,NaN,NaN,-0.505,NaN,NaN,NaN,NaN
6,4,6,1,2,5,12.2458156118733,1693384956.44068,-0.525,-0.01,-0.3,0,0
NaN,NaN,NaN,NaN,NaN,2,15.1304196901474,NaN,0.525,7.88,-0.3,0,NaN
NaN,NaN,NaN,NaN,NaN,0,0,NaN,-0.525,7.84,10.5,0,NaN
NaN,NaN,NaN,NaN,NaN,0,0,NaN,0.525,0,15.1,0,NaN
NaN,NaN,NaN,NaN,NaN,0,0,NaN,0.505,22.7,-4,NaN,NaN
NaN,NaN,NaN,NaN,NaN,0,0,NaN,0.505,24.6,16.3,NaN,NaN
NaN,NaN,NaN,NaN,NaN,NaN,NaN,NaN,-0.505,NaN,NaN,NaN,NaN
NaN,NaN,NaN,NaN,NaN,NaN,NaN,NaN,-0.505,NaN,NaN,NaN,NaN
6,4,6,3,4,5,11.3639429776816,1693384956.44637,-0.525,-0.01,-0.3,0,0
NaN,NaN,NaN,NaN,NaN,6,10.6421802277541,NaN,0.525,7.88,-0.3,0,NaN
NaN,NaN,NaN,NaN,NaN,2,15.0803547703627,NaN,-0.525,7.84,10.5,0,NaN
NaN,NaN,NaN,NaN,NaN,4,20.8557905628149,NaN,0.525,0,15.1,0,NaN
NaN,NaN,NaN,NaN,NaN,0,0,NaN,0.505,22.7,-4,NaN,NaN
NaN,NaN,NaN,NaN,NaN,0,0,NaN,0.505,24.6,16.3,NaN,NaN
NaN,NaN,NaN,NaN,NaN,NaN,NaN,NaN,-0.505,NaN,NaN,NaN,NaN
NaN,NaN,NaN,NaN,NaN,NaN,NaN,NaN,-0.505,NaN,NaN,NaN,NaN
6,4,6,2,3,5,12.155636552645,1693384956.46716,-0.525,-0.01,-0.3,0,0
NaN,NaN,NaN,NaN,NaN,6,9.09747217637955,NaN,0.525,7.88,-0.3,0,NaN
NaN,NaN,NaN,NaN,NaN,4,21.3361102359357,NaN,-0.525,7.84,10.5,0,NaN
NaN,NaN,NaN,NaN,NaN,0,0,NaN,0.525,0,15.1,0,NaN
NaN,NaN,NaN,NaN,NaN,0,0,NaN,0.505,22.7,-4,NaN,NaN
NaN,NaN,NaN,NaN,NaN,0,0,NaN,0.505,24.6,16.3,NaN,NaN
NaN,NaN,NaN,NaN,NaN,NaN,NaN,NaN,-0.505,NaN,NaN,NaN,NaN
NaN,NaN,NaN,NaN,NaN,NaN,NaN,NaN,-0.505,NaN,NaN,NaN,NaN
6,4,6,1,3,5,12.5864689250004,1693384956.53079,-0.525,-0.01,-0.3,0,0
NaN,NaN,NaN,NaN,NaN,6,9.41857738727033,NaN,0.525,7.88,-0.3,0,NaN
NaN,NaN,NaN,NaN,NaN,3,13.2075735848792,NaN,-0.525,7.84,10.5,0,NaN
NaN,NaN,NaN,NaN,NaN,0,0,NaN,0.525,0,15.1,0,NaN
NaN,NaN,NaN,NaN,NaN,0,0,NaN,0.505,22.7,-4,NaN,NaN
NaN,NaN,NaN,NaN,NaN,0,0,NaN,0.505,24.6,16.3,NaN,NaN
NaN,NaN,NaN,NaN,NaN,NaN,NaN,NaN,-0.505,NaN,NaN,NaN,NaN
NaN,NaN,NaN,NaN,NaN,NaN,NaN,NaN,-0.505,NaN,NaN,NaN,NaN
6,4,6,4,4,5,11.684656605994,1693384956.53647,-0.525,-0.01,-0.3,0,0
NaN,NaN,NaN,NaN,NaN,6,9.84994923844788,NaN,0.525,7.88,-0.3,0,NaN
NaN,NaN,NaN,NaN,NaN,2,17.823375101254,NaN,-0.525,7.84,10.5,0,NaN
NaN,NaN,NaN,NaN,NaN,4,21.6363028264997,NaN,0.525,0,15.1,0,NaN
NaN,NaN,NaN,NaN,NaN,0,0,NaN,0.505,22.7,-4,NaN,NaN
NaN,NaN,NaN,NaN,NaN,0,0,NaN,0.505,24.6,16.3,NaN,NaN
NaN,NaN,NaN,NaN,NaN,NaN,NaN,NaN,-0.505,NaN,NaN,NaN,NaN
NaN,NaN,NaN,NaN,NaN,NaN,NaN,NaN,-0.505,NaN,NaN,NaN,NaN
6,4,6,3,4,5,11.6746348979315,1693384956.54667,-0.525,-0.01,-0.3,0,0
NaN,NaN,NaN,NaN,NaN,6,10.2912341339608,NaN,0.525,7.88,-0.3,0,NaN
NaN,NaN,NaN,NaN,NaN,2,17.3629346597861,NaN,-0.525,7.84,10.5,0,NaN
NaN,NaN,NaN,NaN,NaN,4,20.7357083312821,NaN,0.525,0,15.1,0,NaN
NaN,NaN,NaN,NaN,NaN,0,0,NaN,0.505,22.7,-4,NaN,NaN
NaN,NaN,NaN,NaN,NaN,0,0,NaN,0.505,24.6,16.3,NaN,NaN
NaN,NaN,NaN,NaN,NaN,NaN,NaN,NaN,-0.505,NaN,NaN,NaN,NaN
NaN,NaN,NaN,NaN,NaN,NaN,NaN,NaN,-0.505,NaN,NaN,NaN,NaN
6,4,6,2,3,6,8.85659076620344,1693384956.56652,-0.525,-0.01,-0.3,0,0
NaN,NaN,NaN,NaN,NaN,5,12.5864689250004,NaN,0.525,7.88,-0.3,0,NaN
NaN,NaN,NaN,NaN,NaN,4,21.2360448294874,NaN,-0.525,7.84,10.5,0,NaN
NaN,NaN,NaN,NaN,NaN,0,0,NaN,0.525,0,15.1,0,NaN
NaN,NaN,NaN,NaN,NaN,0,0,NaN,0.505,22.7,-4,NaN,NaN
NaN,NaN,NaN,NaN,NaN,0,0,NaN,0.505,24.6,16.3,NaN,NaN
NaN,NaN,NaN,NaN,NaN,NaN,NaN,NaN,-0.505,NaN,NaN,NaN,NaN
NaN,NaN,NaN,NaN,NaN,NaN,NaN,NaN,-0.505,NaN,NaN,NaN,NaN
6,4,6,1,3,6,9.2781032544373,1693384956.63352,-0.525,-0.01,-0.3,0,0
NaN,NaN,NaN,NaN,NaN,5,12.8970345428707,NaN,0.525,7.88,-0.3,0,NaN
NaN,NaN,NaN,NaN,NaN,2,14.7599288616172,NaN,-0.525,7.84,10.5,0,NaN
NaN,NaN,NaN,NaN,NaN,0,0,NaN,0.525,0,15.1,0,NaN
NaN,NaN,NaN,NaN,NaN,0,0,NaN,0.505,22.7,-4,NaN,NaN
NaN,NaN,NaN,NaN,NaN,0,0,NaN,0.505,24.6,16.3,NaN,NaN
NaN,NaN,NaN,NaN,NaN,NaN,NaN,NaN,-0.505,NaN,NaN,NaN,NaN
NaN,NaN,NaN,NaN,NaN,NaN,NaN,NaN,-0.505,NaN,NaN,NaN,NaN
6,4,6,4,4,5,11.925166665502,1693384956.64355,-0.525,-0.01,-0.3,0,0
NaN,NaN,NaN,NaN,NaN,6,9.528940129941,NaN,0.525,7.88,-0.3,0,NaN
NaN,NaN,NaN,NaN,NaN,2,17.1627357959039,NaN,-0.525,7.84,10.5,0,NaN
NaN,NaN,NaN,NaN,NaN,4,21.516226434949,NaN,0.525,0,15.1,0,NaN
NaN,NaN,NaN,NaN,NaN,0,0,NaN,0.505,22.7,-4,NaN,NaN
NaN,NaN,NaN,NaN,NaN,0,0,NaN,0.505,24.6,16.3,NaN,NaN
NaN,NaN,NaN,NaN,NaN,NaN,NaN,NaN,-0.505,NaN,NaN,NaN,NaN
NaN,NaN,NaN,NaN,NaN,NaN,NaN,NaN,-0.505,NaN,NaN,NaN,NaN
6,4,6,3,4,5,12.0153526789687,1693384956.64615,-0.525,-0.01,-0.3,0,0
NaN,NaN,NaN,NaN,NaN,6,10.0605765242356,NaN,0.525,7.88,-0.3,0,NaN
NaN,NaN,NaN,NaN,NaN,2,15.2505737596984,NaN,-0.525,7.84,10.5,0,NaN
NaN,NaN,NaN,NaN,NaN,4,20.6656599217155,NaN,0.525,0,15.1,0,NaN
NaN,NaN,NaN,NaN,NaN,0,0,NaN,0.505,22.7,-4,NaN,NaN
NaN,NaN,NaN,NaN,NaN,0,0,NaN,0.505,24.6,16.3,NaN,NaN
NaN,NaN,NaN,NaN,NaN,NaN,NaN,NaN,-0.505,NaN,NaN,NaN,NaN
NaN,NaN,NaN,NaN,NaN,NaN,NaN,NaN,-0.505,NaN,NaN,NaN,NaN
6,4,6,2,3,6,8.55541933513489,1693384956.66632,-0.525,-0.01,-0.3,0,0
NaN,NaN,NaN,NaN,NaN,5,12.947123232595,NaN,0.525,7.88,-0.3,0,NaN
NaN,NaN,NaN,NaN,NaN,3,12.5664314743685,NaN,-0.525,7.84,10.5,0,NaN
NaN,NaN,NaN,NaN,NaN,0,0,NaN,0.525,0,15.1,0,NaN
NaN,NaN,NaN,NaN,NaN,0,0,NaN,0.505,22.7,-4,NaN,NaN
NaN,NaN,NaN,NaN,NaN,0,0,NaN,0.505,24.6,16.3,NaN,NaN
NaN,NaN,NaN,NaN,NaN,NaN,NaN,NaN,-0.505,NaN,NaN,NaN,NaN
NaN,NaN,NaN,NaN,NaN,NaN,NaN,NaN,-0.505,NaN,NaN,NaN,NaN
6,4,6,1,4,6,9.04729241265032,1693384956.73337,-0.525,-0.01,-0.3,0,0
NaN,NaN,NaN,NaN,NaN,5,13.2476412994918,NaN,0.525,7.88,-0.3,0,NaN
NaN,NaN,NaN,NaN,NaN,3,11.684656605994,NaN,-0.525,7.84,10.5,0,NaN
NaN,NaN,NaN,NaN,NaN,2,15.7211545377558,NaN,0.525,0,15.1,0,NaN
NaN,NaN,NaN,NaN,NaN,0,0,NaN,0.505,22.7,-4,NaN,NaN
NaN,NaN,NaN,NaN,NaN,0,0,NaN,0.505,24.6,16.3,NaN,NaN
NaN,NaN,NaN,NaN,NaN,NaN,NaN,NaN,-0.505,NaN,NaN,NaN,NaN
NaN,NaN,NaN,NaN,NaN,NaN,NaN,NaN,-0.505,NaN,NaN,NaN,NaN
6,4,6,4,4,6,9.2580343486077,1693384956.74392,-0.525,-0.01,-0.3,0,0
NaN,NaN,NaN,NaN,NaN,5,12.2057363563203,NaN,0.525,7.88,-0.3,0,NaN
NaN,NaN,NaN,NaN,NaN,2,17.3429149798989,NaN,-0.525,7.84,10.5,0,NaN
NaN,NaN,NaN,NaN,NaN,4,21.4061556567264,NaN,0.525,0,15.1,0,NaN
NaN,NaN,NaN,NaN,NaN,0,0,NaN,0.505,22.7,-4,NaN,NaN
NaN,NaN,NaN,NaN,NaN,0,0,NaN,0.505,24.6,16.3,NaN,NaN
NaN,NaN,NaN,NaN,NaN,NaN,NaN,NaN,-0.505,NaN,NaN,NaN,NaN
NaN,NaN,NaN,NaN,NaN,NaN,NaN,NaN,-0.505,NaN,NaN,NaN,NaN
6,4,6,3,3,5,12.3259725782593,1693384956.74657,-0.525,-0.01,-0.3,0,0
NaN,NaN,NaN,NaN,NaN,6,9.83991869885112,NaN,0.525,7.88,-0.3,0,NaN
NaN,NaN,NaN,NaN,NaN,4,20.4354985258496,NaN,-0.525,7.84,10.5,0,NaN
NaN,NaN,NaN,NaN,NaN,0,0,NaN,0.525,0,15.1,0,NaN
NaN,NaN,NaN,NaN,NaN,0,0,NaN,0.505,22.7,-4,NaN,NaN
NaN,NaN,NaN,NaN,NaN,0,0,NaN,0.505,24.6,16.3,NaN,NaN
NaN,NaN,NaN,NaN,NaN,NaN,NaN,NaN,-0.505,NaN,NaN,NaN,NaN
NaN,NaN,NaN,NaN,NaN,NaN,NaN,NaN,-0.505,NaN,NaN,NaN,NaN
6,4,6,2,4,6,8.2642059509671,1693384956.76604,-0.525,-0.01,-0.3,0,0
NaN,NaN,NaN,NaN,NaN,5,13.3277755083135,NaN,0.525,7.88,-0.3,0,NaN
NaN,NaN,NaN,NaN,NaN,3,12.5564127042719,NaN,-0.525,7.84,10.5,0,NaN
NaN,NaN,NaN,NaN,NaN,2,16.3618916999227,NaN,0.525,0,15.1,0,NaN
NaN,NaN,NaN,NaN,NaN,0,0,NaN,0.505,22.7,-4,NaN,NaN
NaN,NaN,NaN,NaN,NaN,0,0,NaN,0.505,24.6,16.3,NaN,NaN
NaN,NaN,NaN,NaN,NaN,NaN,NaN,NaN,-0.505,NaN,NaN,NaN,NaN
NaN,NaN,NaN,NaN,NaN,NaN,NaN,NaN,-0.505,NaN,NaN,NaN,NaN
6,4,6,3,3,6,9.60919871789527,1693384956.84221,-0.525,-0.01,-0.3,0,0
NaN,NaN,NaN,NaN,NaN,5,12.596487605678,NaN,0.525,7.88,-0.3,0,NaN
NaN,NaN,NaN,NaN,NaN,4,20.2953984932546,NaN,-0.525,7.84,10.5,0,NaN
NaN,NaN,NaN,NaN,NaN,0,0,NaN,0.525,0,15.1,0,NaN
NaN,NaN,NaN,NaN,NaN,0,0,NaN,0.505,22.7,-4,NaN,NaN
NaN,NaN,NaN,NaN,NaN,0,0,NaN,0.505,24.6,16.3,NaN,NaN
NaN,NaN,NaN,NaN,NaN,NaN,NaN,NaN,-0.505,NaN,NaN,NaN,NaN
NaN,NaN,NaN,NaN,NaN,NaN,NaN,NaN,-0.505,NaN,NaN,NaN,NaN
6,4,6,1,4,6,8.81643919051223,1693384956.84748,-0.525,-0.01,-0.3,0,0
NaN,NaN,NaN,NaN,NaN,5,13.5681686310276,NaN,0.525,7.88,-0.3,0,NaN
NaN,NaN,NaN,NaN,NaN,3,11.4341025008524,NaN,-0.525,7.84,10.5,0,NaN
NaN,NaN,NaN,NaN,NaN,2,15.6010095827161,NaN,0.525,0,15.1,0,NaN
NaN,NaN,NaN,NaN,NaN,0,0,NaN,0.505,22.7,-4,NaN,NaN
NaN,NaN,NaN,NaN,NaN,0,0,NaN,0.505,24.6,16.3,NaN,NaN
NaN,NaN,NaN,NaN,NaN,NaN,NaN,NaN,-0.505,NaN,NaN,NaN,NaN
NaN,NaN,NaN,NaN,NaN,NaN,NaN,NaN,-0.505,NaN,NaN,NaN,NaN
6,4,6,4,4,6,8.95696377127875,1693384956.84878,-0.525,-0.01,-0.3,0,0
NaN,NaN,NaN,NaN,NaN,5,12.6265434700079,NaN,0.525,7.88,-0.3,0,NaN
NaN,NaN,NaN,NaN,NaN,2,17.5831481822795,NaN,-0.525,7.84,10.5,0,NaN
NaN,NaN,NaN,NaN,NaN,4,21.2960841470915,NaN,0.525,0,15.1,0,NaN
NaN,NaN,NaN,NaN,NaN,0,0,NaN,0.505,22.7,-4,NaN,NaN
NaN,NaN,NaN,NaN,NaN,0,0,NaN,0.505,24.6,16.3,NaN,NaN
NaN,NaN,NaN,NaN,NaN,NaN,NaN,NaN,-0.505,NaN,NaN,NaN,NaN
NaN,NaN,NaN,NaN,NaN,NaN,NaN,NaN,-0.505,NaN,NaN,NaN,NaN
6,4,6,2,3,6,8.06331817554039,1693384956.87435,-0.525,-0.01,-0.3,0,0
NaN,NaN,NaN,NaN,NaN,5,13.6983758161324,NaN,0.525,7.88,-0.3,0,NaN
NaN,NaN,NaN,NaN,NaN,3,13.4479738250786,NaN,-0.525,7.84,10.5,0,NaN
NaN,NaN,NaN,NaN,NaN,0,0,NaN,0.525,0,15.1,0,NaN
NaN,NaN,NaN,NaN,NaN,0,0,NaN,0.505,22.7,-4,NaN,NaN
NaN,NaN,NaN,NaN,NaN,0,0,NaN,0.505,24.6,16.3,NaN,NaN
NaN,NaN,NaN,NaN,NaN,NaN,NaN,NaN,-0.505,NaN,NaN,NaN,NaN
NaN,NaN,NaN,NaN,NaN,NaN,NaN,NaN,-0.505,NaN,NaN,NaN,NaN
6,4,6,3,4,6,9.36840968361226,1693384956.94024,-0.525,-0.01,-0.3,0,0
NaN,NaN,NaN,NaN,NaN,5,12.8970345428707,NaN,0.525,7.88,-0.3,0,NaN
NaN,NaN,NaN,NaN,NaN,2,15.6911185069771,NaN,-0.525,7.84,10.5,0,NaN
NaN,NaN,NaN,NaN,NaN,4,20.1052605056488,NaN,0.525,0,15.1,0,NaN
NaN,NaN,NaN,NaN,NaN,0,0,NaN,0.505,22.7,-4,NaN,NaN
NaN,NaN,NaN,NaN,NaN,0,0,NaN,0.505,24.6,16.3,NaN,NaN
NaN,NaN,NaN,NaN,NaN,NaN,NaN,NaN,-0.505,NaN,NaN,NaN,NaN
NaN,NaN,NaN,NaN,NaN,NaN,NaN,NaN,-0.505,NaN,NaN,NaN,NaN
6,4,6,1,4,6,8.6758976480823,1693384956.94216,-0.525,-0.01,-0.3,0,0
NaN,NaN,NaN,NaN,NaN,3,12.2157562189166,NaN,0.525,7.88,-0.3,0,NaN
NaN,NaN,NaN,NaN,NaN,5,13.8686408851048,NaN,-0.525,7.84,10.5,0,NaN
NaN,NaN,NaN,NaN,NaN,2,15.7812261881008,NaN,0.525,0,15.1,0,NaN
NaN,NaN,NaN,NaN,NaN,0,0,NaN,0.505,22.7,-4,NaN,NaN
NaN,NaN,NaN,NaN,NaN,0,0,NaN,0.505,24.6,16.3,NaN,NaN
NaN,NaN,NaN,NaN,NaN,NaN,NaN,NaN,-0.505,NaN,NaN,NaN,NaN
NaN,NaN,NaN,NaN,NaN,NaN,NaN,NaN,-0.505,NaN,NaN,NaN,NaN
6,4,6,4,3,6,8.69597608092387,1693384956.94378,-0.525,-0.01,-0.3,0,0
NaN,NaN,NaN,NaN,NaN,5,13.0873679553988,NaN,0.525,7.88,-0.3,0,NaN
NaN,NaN,NaN,NaN,NaN,4,21.0659322129357,NaN,-0.525,7.84,10.5,0,NaN
NaN,NaN,NaN,NaN,NaN,0,0,NaN,0.525,0,15.1,0,NaN
NaN,NaN,NaN,NaN,NaN,0,0,NaN,0.505,22.7,-4,NaN,NaN
NaN,NaN,NaN,NaN,NaN,0,0,NaN,0.505,24.6,16.3,NaN,NaN
NaN,NaN,NaN,NaN,NaN,NaN,NaN,NaN,-0.505,NaN,NaN,NaN,NaN
NaN,NaN,NaN,NaN,NaN,NaN,NaN,NaN,-0.505,NaN,NaN,NaN,NaN
6,4,6,2,3,6,7.81214439190674,1693384956.96552,-0.525,-0.01,-0.3,0,0
NaN,NaN,NaN,NaN,NaN,5,13.9587785998632,NaN,0.525,7.88,-0.3,0,NaN
NaN,NaN,NaN,NaN,NaN,3,12.9371055495424,NaN,-0.525,7.84,10.5,0,NaN
NaN,NaN,NaN,NaN,NaN,0,0,NaN,0.525,0,15.1,0,NaN
NaN,NaN,NaN,NaN,NaN,0,0,NaN,0.505,22.7,-4,NaN,NaN
NaN,NaN,NaN,NaN,NaN,0,0,NaN,0.505,24.6,16.3,NaN,NaN
NaN,NaN,NaN,NaN,NaN,NaN,NaN,NaN,-0.505,NaN,NaN,NaN,NaN
NaN,NaN,NaN,NaN,NaN,NaN,NaN,NaN,-0.505,NaN,NaN,NaN,NaN
6,4,6,4,4,6,8.4750929198446,1693384957.03589,-0.525,-0.01,-0.3,0,0
NaN,NaN,NaN,NaN,NaN,5,13.5681686310276,NaN,0.525,7.88,-0.3,0,NaN
NaN,NaN,NaN,NaN,NaN,3,12.4862804709809,NaN,-0.525,7.84,10.5,0,NaN
NaN,NaN,NaN,NaN,NaN,2,17.9234678564166,NaN,0.525,0,15.1,0,NaN
NaN,NaN,NaN,NaN,NaN,0,0,NaN,0.505,22.7,-4,NaN,NaN
NaN,NaN,NaN,NaN,NaN,0,0,NaN,0.505,24.6,16.3,NaN,NaN
NaN,NaN,NaN,NaN,NaN,NaN,NaN,NaN,-0.505,NaN,NaN,NaN,NaN
NaN,NaN,NaN,NaN,NaN,NaN,NaN,NaN,-0.505,NaN,NaN,NaN,NaN
6,4,6,1,4,6,8.43492738557956,1693384957.04032,-0.525,-0.01,-0.3,0,0
NaN,NaN,NaN,NaN,NaN,3,12.9871936922493,NaN,0.525,7.88,-0.3,0,NaN
NaN,NaN,NaN,NaN,NaN,5,14.1390487657409,NaN,-0.525,7.84,10.5,0,NaN
NaN,NaN,NaN,NaN,NaN,2,15.9814611347023,NaN,0.525,0,15.1,0,NaN
NaN,NaN,NaN,NaN,NaN,0,0,NaN,0.505,22.7,-4,NaN,NaN
NaN,NaN,NaN,NaN,NaN,0,0,NaN,0.505,24.6,16.3,NaN,NaN
NaN,NaN,NaN,NaN,NaN,NaN,NaN,NaN,-0.505,NaN,NaN,NaN,NaN
NaN,NaN,NaN,NaN,NaN,NaN,NaN,NaN,-0.505,NaN,NaN,NaN,NaN
6,4,6,3,4,6,9.2580343486077,1693384957.04665,-0.525,-0.01,-0.3,0,0
NaN,NaN,NaN,NaN,NaN,5,13.2576581642461,NaN,0.525,7.88,-0.3,0,NaN
NaN,NaN,NaN,NaN,NaN,2,18.2337489288407,NaN,-0.525,7.84,10.5,0,NaN
NaN,NaN,NaN,NaN,NaN,4,20.0852458287172,NaN,0.525,0,15.1,0,NaN
NaN,NaN,NaN,NaN,NaN,0,0,NaN,0.505,22.7,-4,NaN,NaN
NaN,NaN,NaN,NaN,NaN,0,0,NaN,0.505,24.6,16.3,NaN,NaN
NaN,NaN,NaN,NaN,NaN,NaN,NaN,NaN,-0.505,NaN,NaN,NaN,NaN
NaN,NaN,NaN,NaN,NaN,NaN,NaN,NaN,-0.505,NaN,NaN,NaN,NaN
6,4,6,2,3,6,7.69155380921176,1693384957.06624,-0.525,-0.01,-0.3,0,0
NaN,NaN,NaN,NaN,NaN,5,14.3092976766856,NaN,0.525,7.88,-0.3,0,NaN
NaN,NaN,NaN,NaN,NaN,3,12.6565990692603,NaN,-0.525,7.84,10.5,0,NaN
NaN,NaN,NaN,NaN,NaN,0,0,NaN,0.525,0,15.1,0,NaN
NaN,NaN,NaN,NaN,NaN,0,0,NaN,0.505,22.7,-4,NaN,NaN
NaN,NaN,NaN,NaN,NaN,0,0,NaN,0.505,24.6,16.3,NaN,NaN
NaN,NaN,NaN,NaN,NaN,NaN,NaN,NaN,-0.505,NaN,NaN,NaN,NaN
NaN,NaN,NaN,NaN,NaN,NaN,NaN,NaN,-0.505,NaN,NaN,NaN,NaN
6,4,6,1,4,6,8.56545970745295,1693384957.14269,-0.525,-0.01,-0.3,0,0
NaN,NaN,NaN,NaN,NaN,3,11.5643936287209,NaN,0.525,7.88,-0.3,0,NaN
NaN,NaN,NaN,NaN,NaN,5,14.5696671204252,NaN,-0.525,7.84,10.5,0,NaN
NaN,NaN,NaN,NaN,NaN,2,16.0315189548589,NaN,0.525,0,15.1,0,NaN
NaN,NaN,NaN,NaN,NaN,0,0,NaN,0.505,22.7,-4,NaN,NaN
NaN,NaN,NaN,NaN,NaN,0,0,NaN,0.505,24.6,16.3,NaN,NaN
NaN,NaN,NaN,NaN,NaN,NaN,NaN,NaN,-0.505,NaN,NaN,NaN,NaN
NaN,NaN,NaN,NaN,NaN,NaN,NaN,NaN,-0.505,NaN,NaN,NaN,NaN
6,4,6,4,3,6,8.24411911607298,1693384957.14628,-0.525,-0.01,-0.3,0,0
NaN,NaN,NaN,NaN,NaN,5,14.1390487657409,NaN,0.525,7.88,-0.3,0,NaN
NaN,NaN,NaN,NaN,NaN,3,13.5180878825372,NaN,-0.525,7.84,10.5,0,NaN
NaN,NaN,NaN,NaN,NaN,0,0,NaN,0.525,0,15.1,0,NaN
NaN,NaN,NaN,NaN,NaN,0,0,NaN,0.505,22.7,-4,NaN,NaN
NaN,NaN,NaN,NaN,NaN,0,0,NaN,0.505,24.6,16.3,NaN,NaN
NaN,NaN,NaN,NaN,NaN,NaN,NaN,NaN,-0.505,NaN,NaN,NaN,NaN
NaN,NaN,NaN,NaN,NaN,NaN,NaN,NaN,-0.505,NaN,NaN,NaN,NaN
6,4,6,3,3,6,9.02721994857775,1693384957.14764,-0.525,-0.01,-0.3,0,0
NaN,NaN,NaN,NaN,NaN,5,13.6482965970117,NaN,0.525,7.88,-0.3,0,NaN
NaN,NaN,NaN,NaN,NaN,4,19.865082431241,NaN,-0.525,7.84,10.5,0,NaN
NaN,NaN,NaN,NaN,NaN,0,0,NaN,0.525,0,15.1,0,NaN
NaN,NaN,NaN,NaN,NaN,0,0,NaN,0.505,22.7,-4,NaN,NaN
NaN,NaN,NaN,NaN,NaN,0,0,NaN,0.505,24.6,16.3,NaN,NaN
NaN,NaN,NaN,NaN,NaN,NaN,NaN,NaN,-0.505,NaN,NaN,NaN,NaN
NaN,NaN,NaN,NaN,NaN,NaN,NaN,NaN,-0.505,NaN,NaN,NaN,NaN
6,4,6,2,3,6,7.580995976783,1693384957.16569,-0.525,-0.01,-0.3,0,0
NaN,NaN,NaN,NaN,NaN,3,12.0153526789687,NaN,0.525,7.88,-0.3,0,NaN
NaN,NaN,NaN,NaN,NaN,5,14.6497781553169,NaN,-0.525,7.84,10.5,0,NaN
NaN,NaN,NaN,NaN,NaN,0,0,NaN,0.525,0,15.1,0,NaN
NaN,NaN,NaN,NaN,NaN,0,0,NaN,0.505,22.7,-4,NaN,NaN
NaN,NaN,NaN,NaN,NaN,0,0,NaN,0.505,24.6,16.3,NaN,NaN
NaN,NaN,NaN,NaN,NaN,NaN,NaN,NaN,-0.505,NaN,NaN,NaN,NaN
NaN,NaN,NaN,NaN,NaN,NaN,NaN,NaN,-0.505,NaN,NaN,NaN,NaN
6,4,6,4,4,6,8.02313529737596,1693384957.23834,-0.525,-0.01,-0.3,0,0
NaN,NaN,NaN,NaN,NaN,5,14.1791078703845,NaN,0.525,7.88,-0.3,0,NaN
NaN,NaN,NaN,NaN,NaN,3,13.4479738250786,NaN,-0.525,7.84,10.5,0,NaN
NaN,NaN,NaN,NaN,NaN,2,19.1645375629051,NaN,0.525,0,15.1,0,NaN
NaN,NaN,NaN,NaN,NaN,0,0,NaN,0.505,22.7,-4,NaN,NaN
NaN,NaN,NaN,NaN,NaN,0,0,NaN,0.505,24.6,16.3,NaN,NaN
NaN,NaN,NaN,NaN,NaN,NaN,NaN,NaN,-0.505,NaN,NaN,NaN,NaN
NaN,NaN,NaN,NaN,NaN,NaN,NaN,NaN,-0.505,NaN,NaN,NaN,NaN
6,4,6,3,4,6,8.86662844603291,1693384957.24005,-0.525,-0.01,-0.3,0,0
NaN,NaN,NaN,NaN,NaN,5,14.0188694265979,NaN,0.525,7.88,-0.3,0,NaN
NaN,NaN,NaN,NaN,NaN,2,15.580985206334,NaN,-0.525,7.84,10.5,0,NaN
NaN,NaN,NaN,NaN,NaN,4,19.7549993672488,NaN,0.525,0,15.1,0,NaN
NaN,NaN,NaN,NaN,NaN,0,0,NaN,0.505,22.7,-4,NaN,NaN
NaN,NaN,NaN,NaN,NaN,0,0,NaN,0.505,24.6,16.3,NaN,NaN
NaN,NaN,NaN,NaN,NaN,NaN,NaN,NaN,-0.505,NaN,NaN,NaN,NaN
NaN,NaN,NaN,NaN,NaN,NaN,NaN,NaN,-0.505,NaN,NaN,NaN,NaN
6,4,6,1,3,6,8.41484402707501,1693384957.24174,-0.525,-0.01,-0.3,0,0
NaN,NaN,NaN,NaN,NaN,3,10.9730169051178,NaN,0.525,7.88,-0.3,0,NaN
NaN,NaN,NaN,NaN,NaN,5,15.0002499979167,NaN,-0.525,7.84,10.5,0,NaN
NaN,NaN,NaN,NaN,NaN,0,0,NaN,0.525,0,15.1,0,NaN
NaN,NaN,NaN,NaN,NaN,0,0,NaN,0.505,22.7,-4,NaN,NaN
NaN,NaN,NaN,NaN,NaN,0,0,NaN,0.505,24.6,16.3,NaN,NaN
NaN,NaN,NaN,NaN,NaN,NaN,NaN,NaN,-0.505,NaN,NaN,NaN,NaN
NaN,NaN,NaN,NaN,NaN,NaN,NaN,NaN,-0.505,NaN,NaN,NaN,NaN
6,4,6,2,3,6,7.44026209215778,1693384957.2655,-0.525,-0.01,-0.3,0,0
NaN,NaN,NaN,NaN,NaN,3,11.654591369928,NaN,0.525,7.88,-0.3,0,NaN
NaN,NaN,NaN,NaN,NaN,5,14.9702104193629,NaN,-0.525,7.84,10.5,0,NaN
NaN,NaN,NaN,NaN,NaN,0,0,NaN,0.525,0,15.1,0,NaN
NaN,NaN,NaN,NaN,NaN,0,0,NaN,0.505,22.7,-4,NaN,NaN
NaN,NaN,NaN,NaN,NaN,0,0,NaN,0.505,24.6,16.3,NaN,NaN
NaN,NaN,NaN,NaN,NaN,NaN,NaN,NaN,-0.505,NaN,NaN,NaN,NaN
NaN,NaN,NaN,NaN,NaN,NaN,NaN,NaN,-0.505,NaN,NaN,NaN,NaN
6,4,6,1,3,6,8.55541933513489,1693384957.33363,-0.525,-0.01,-0.3,0,0
NaN,NaN,NaN,NaN,NaN,3,10.6822843998838,NaN,0.525,7.88,-0.3,0,NaN
NaN,NaN,NaN,NaN,NaN,5,15.2005098598698,NaN,-0.525,7.84,10.5,0,NaN
NaN,NaN,NaN,NaN,NaN,0,0,NaN,0.525,0,15.1,0,NaN
NaN,NaN,NaN,NaN,NaN,0,0,NaN,0.505,22.7,-4,NaN,NaN
NaN,NaN,NaN,NaN,NaN,0,0,NaN,0.505,24.6,16.3,NaN,NaN
NaN,NaN,NaN,NaN,NaN,NaN,NaN,NaN,-0.505,NaN,NaN,NaN,NaN
NaN,NaN,NaN,NaN,NaN,NaN,NaN,NaN,-0.505,NaN,NaN,NaN,NaN
6,4,6,4,3,6,7.90257552953466,1693384957.34479,-0.525,-0.01,-0.3,0,0
NaN,NaN,NaN,NaN,NaN,5,14.4995689591105,NaN,0.525,7.88,-0.3,0,NaN
NaN,NaN,NaN,NaN,NaN,3,13.1975565920363,NaN,-0.525,7.84,10.5,0,NaN
NaN,NaN,NaN,NaN,NaN,0,0,NaN,0.525,0,15.1,0,NaN
NaN,NaN,NaN,NaN,NaN,0,0,NaN,0.505,22.7,-4,NaN,NaN
NaN,NaN,NaN,NaN,NaN,0,0,NaN,0.505,24.6,16.3,NaN,NaN
NaN,NaN,NaN,NaN,NaN,NaN,NaN,NaN,-0.505,NaN,NaN,NaN,NaN
NaN,NaN,NaN,NaN,NaN,NaN,NaN,NaN,-0.505,NaN,NaN,NaN,NaN
6,4,6,3,3,6,8.83651515021617,1693384957.34625,-0.525,-0.01,-0.3,0,0
NaN,NaN,NaN,NaN,NaN,3,12.4261659412709,NaN,0.525,7.88,-0.3,0,NaN
NaN,NaN,NaN,NaN,NaN,5,14.2792541822043,NaN,-0.525,7.84,10.5,0,NaN
NaN,NaN,NaN,NaN,NaN,0,0,NaN,0.525,0,15.1,0,NaN
NaN,NaN,NaN,NaN,NaN,0,0,NaN,0.505,22.7,-4,NaN,NaN
NaN,NaN,NaN,NaN,NaN,0,0,NaN,0.505,24.6,16.3,NaN,NaN
NaN,NaN,NaN,NaN,NaN,NaN,NaN,NaN,-0.505,NaN,NaN,NaN,NaN
NaN,NaN,NaN,NaN,NaN,NaN,NaN,NaN,-0.505,NaN,NaN,NaN,NaN
6,4,6,2,3,6,7.38999323409704,1693384957.36722,-0.525,-0.01,-0.3,0,0
NaN,NaN,NaN,NaN,NaN,3,11.7247430675474,NaN,0.525,7.88,-0.3,0,NaN
NaN,NaN,NaN,NaN,NaN,5,15.2906245784795,NaN,-0.525,7.84,10.5,0,NaN
NaN,NaN,NaN,NaN,NaN,0,0,NaN,0.525,0,15.1,0,NaN
NaN,NaN,NaN,NaN,NaN,0,0,NaN,0.505,22.7,-4,NaN,NaN
NaN,NaN,NaN,NaN,NaN,0,0,NaN,0.505,24.6,16.3,NaN,NaN
NaN,NaN,NaN,NaN,NaN,NaN,NaN,NaN,-0.505,NaN,NaN,NaN,NaN
NaN,NaN,NaN,NaN,NaN,NaN,NaN,NaN,-0.505,NaN,NaN,NaN,NaN
6,4,6,4,2,6,7.75185139176442,1693384957.43849,-0.525,-0.01,-0.3,0,0
NaN,NaN,NaN,NaN,NaN,5,14.7198743201156,NaN,0.525,7.88,-0.3,0,NaN
NaN,NaN,NaN,NaN,NaN,0,0,NaN,-0.525,7.84,10.5,0,NaN
NaN,NaN,NaN,NaN,NaN,0,0,NaN,0.525,0,15.1,0,NaN
NaN,NaN,NaN,NaN,NaN,0,0,NaN,0.505,22.7,-4,NaN,NaN
NaN,NaN,NaN,NaN,NaN,0,0,NaN,0.505,24.6,16.3,NaN,NaN
NaN,NaN,NaN,NaN,NaN,NaN,NaN,NaN,-0.505,NaN,NaN,NaN,NaN
NaN,NaN,NaN,NaN,NaN,NaN,NaN,NaN,-0.505,NaN,NaN,NaN,NaN
6,4,6,3,3,6,8.72609305474105,1693384957.43981,-0.525,-0.01,-0.3,0,0
NaN,NaN,NaN,NaN,NaN,3,12.2458156118733,NaN,0.525,7.88,-0.3,0,NaN
NaN,NaN,NaN,NaN,NaN,5,14.3293265717549,NaN,-0.525,7.84,10.5,0,NaN
NaN,NaN,NaN,NaN,NaN,0,0,NaN,0.525,0,15.1,0,NaN
NaN,NaN,NaN,NaN,NaN,0,0,NaN,0.505,22.7,-4,NaN,NaN
NaN,NaN,NaN,NaN,NaN,0,0,NaN,0.505,24.6,16.3,NaN,NaN
NaN,NaN,NaN,NaN,NaN,NaN,NaN,NaN,-0.505,NaN,NaN,NaN,NaN
NaN,NaN,NaN,NaN,NaN,NaN,NaN,NaN,-0.505,NaN,NaN,NaN,NaN
6,4,6,1,3,6,8.31442120655431,1693384957.44198,-0.525,-0.01,-0.3,0,0
NaN,NaN,NaN,NaN,NaN,3,10.4917824986987,NaN,0.525,7.88,-0.3,0,NaN
NaN,NaN,NaN,NaN,NaN,5,15.4708500089685,NaN,-0.525,7.84,10.5,0,NaN
NaN,NaN,NaN,NaN,NaN,0,0,NaN,0.525,0,15.1,0,NaN
NaN,NaN,NaN,NaN,NaN,0,0,NaN,0.505,22.7,-4,NaN,NaN
NaN,NaN,NaN,NaN,NaN,0,0,NaN,0.505,24.6,16.3,NaN,NaN
NaN,NaN,NaN,NaN,NaN,NaN,NaN,NaN,-0.505,NaN,NaN,NaN,NaN
NaN,NaN,NaN,NaN,NaN,NaN,NaN,NaN,-0.505,NaN,NaN,NaN,NaN
6,4,6,2,3,6,7.3497755067757,1693384957.46571,-0.525,-0.01,-0.3,0,0
NaN,NaN,NaN,NaN,NaN,3,11.2436648829463,NaN,0.525,7.88,-0.3,0,NaN
NaN,NaN,NaN,NaN,NaN,5,15.6710944097724,NaN,-0.525,7.84,10.5,0,NaN
NaN,NaN,NaN,NaN,NaN,0,0,NaN,0.525,0,15.1,0,NaN
NaN,NaN,NaN,NaN,NaN,0,0,NaN,0.505,22.7,-4,NaN,NaN
NaN,NaN,NaN,NaN,NaN,0,0,NaN,0.505,24.6,16.3,NaN,NaN
NaN,NaN,NaN,NaN,NaN,NaN,NaN,NaN,-0.505,NaN,NaN,NaN,NaN
NaN,NaN,NaN,NaN,NaN,NaN,NaN,NaN,-0.505,NaN,NaN,NaN,NaN
6,4,6,1,3,6,8.36463388320134,1693384957.53306,-0.525,-0.01,-0.3,0,0
NaN,NaN,NaN,NaN,NaN,3,10.1909518691828,NaN,0.525,7.88,-0.3,0,NaN
NaN,NaN,NaN,NaN,NaN,5,15.7812261881008,NaN,-0.525,7.84,10.5,0,NaN
NaN,NaN,NaN,NaN,NaN,0,0,NaN,0.525,0,15.1,0,NaN
NaN,NaN,NaN,NaN,NaN,0,0,NaN,0.505,22.7,-4,NaN,NaN
NaN,NaN,NaN,NaN,NaN,0,0,NaN,0.505,24.6,16.3,NaN,NaN
NaN,NaN,NaN,NaN,NaN,NaN,NaN,NaN,-0.505,NaN,NaN,NaN,NaN
NaN,NaN,NaN,NaN,NaN,NaN,NaN,NaN,-0.505,NaN,NaN,NaN,NaN
6,4,6,4,4,6,7.70160372909435,1693384957.53529,-0.525,-0.01,-0.3,0,0
NaN,NaN,NaN,NaN,NaN,5,14.9001174492015,NaN,0.525,7.88,-0.3,0,NaN
NaN,NaN,NaN,NaN,NaN,3,11.7347645907364,NaN,-0.525,7.84,10.5,0,NaN
NaN,NaN,NaN,NaN,NaN,1,22.0665697379543,NaN,0.525,0,15.1,0,NaN
NaN,NaN,NaN,NaN,NaN,0,0,NaN,0.505,22.7,-4,NaN,NaN
NaN,NaN,NaN,NaN,NaN,0,0,NaN,0.505,24.6,16.3,NaN,NaN
NaN,NaN,NaN,NaN,NaN,NaN,NaN,NaN,-0.505,NaN,NaN,NaN,NaN
NaN,NaN,NaN,NaN,NaN,NaN,NaN,NaN,-0.505,NaN,NaN,NaN,NaN
6,4,6,3,3,6,8.6156601604288,1693384957.53816,-0.525,-0.01,-0.3,0,0
NaN,NaN,NaN,NaN,NaN,3,11.6345476921108,NaN,0.525,7.88,-0.3,0,NaN
NaN,NaN,NaN,NaN,NaN,5,14.6397643423656,NaN,-0.525,7.84,10.5,0,NaN
NaN,NaN,NaN,NaN,NaN,0,0,NaN,0.525,0,15.1,0,NaN
NaN,NaN,NaN,NaN,NaN,0,0,NaN,0.505,22.7,-4,NaN,NaN
NaN,NaN,NaN,NaN,NaN,0,0,NaN,0.505,24.6,16.3,NaN,NaN
NaN,NaN,NaN,NaN,NaN,NaN,NaN,NaN,-0.505,NaN,NaN,NaN,NaN
NaN,NaN,NaN,NaN,NaN,NaN,NaN,NaN,-0.505,NaN,NaN,NaN,NaN
6,4,6,2,3,6,7.37993902413834,1693384957.5663,-0.525,-0.01,-0.3,0,0
NaN,NaN,NaN,NaN,NaN,3,11.0933087940434,NaN,0.525,7.88,-0.3,0,NaN
NaN,NaN,NaN,NaN,NaN,5,15.9414146172791,NaN,-0.525,7.84,10.5,0,NaN
NaN,NaN,NaN,NaN,NaN,0,0,NaN,0.525,0,15.1,0,NaN
NaN,NaN,NaN,NaN,NaN,0,0,NaN,0.505,22.7,-4,NaN,NaN
NaN,NaN,NaN,NaN,NaN,0,0,NaN,0.505,24.6,16.3,NaN,NaN
NaN,NaN,NaN,NaN,NaN,NaN,NaN,NaN,-0.505,NaN,NaN,NaN,NaN
NaN,NaN,NaN,NaN,NaN,NaN,NaN,NaN,-0.505,NaN,NaN,NaN,NaN
6,4,6,1,3,6,8.52529764876277,1693384957.63535,-0.525,-0.01,-0.3,0,0
NaN,NaN,NaN,NaN,NaN,3,10.0806349006399,NaN,0.525,7.88,-0.3,0,NaN
NaN,NaN,NaN,NaN,NaN,5,16.0615534740572,NaN,-0.525,7.84,10.5,0,NaN
NaN,NaN,NaN,NaN,NaN,0,0,NaN,0.525,0,15.1,0,NaN
NaN,NaN,NaN,NaN,NaN,0,0,NaN,0.505,22.7,-4,NaN,NaN
NaN,NaN,NaN,NaN,NaN,0,0,NaN,0.505,24.6,16.3,NaN,NaN
NaN,NaN,NaN,NaN,NaN,NaN,NaN,NaN,-0.505,NaN,NaN,NaN,NaN
NaN,NaN,NaN,NaN,NaN,NaN,NaN,NaN,-0.505,NaN,NaN,NaN,NaN
6,4,6,3,4,6,8.60562025655327,1693384957.63926,-0.525,-0.01,-0.3,0,0
NaN,NaN,NaN,NaN,NaN,3,11.5343270284833,NaN,0.525,7.88,-0.3,0,NaN
NaN,NaN,NaN,NaN,NaN,5,14.9601971912138,NaN,-0.525,7.84,10.5,0,NaN
NaN,NaN,NaN,NaN,NaN,1,21.0659322129357,NaN,0.525,0,15.1,0,NaN
NaN,NaN,NaN,NaN,NaN,0,0,NaN,0.505,22.7,-4,NaN,NaN
NaN,NaN,NaN,NaN,NaN,0,0,NaN,0.505,24.6,16.3,NaN,NaN
NaN,NaN,NaN,NaN,NaN,NaN,NaN,NaN,-0.505,NaN,NaN,NaN,NaN
NaN,NaN,NaN,NaN,NaN,NaN,NaN,NaN,-0.505,NaN,NaN,NaN,NaN
6,4,6,4,4,6,7.54078908337848,1693384957.64189,-0.525,-0.01,-0.3,0,0
NaN,NaN,NaN,NaN,NaN,3,11.4942376867716,NaN,0.525,7.88,-0.3,0,NaN
NaN,NaN,NaN,NaN,NaN,5,15.7211545377558,NaN,-0.525,7.84,10.5,0,NaN
NaN,NaN,NaN,NaN,NaN,1,22.3167201891317,NaN,0.525,0,15.1,0,NaN
NaN,NaN,NaN,NaN,NaN,0,0,NaN,0.505,22.7,-4,NaN,NaN
NaN,NaN,NaN,NaN,NaN,0,0,NaN,0.505,24.6,16.3,NaN,NaN
NaN,NaN,NaN,NaN,NaN,NaN,NaN,NaN,-0.505,NaN,NaN,NaN,NaN
NaN,NaN,NaN,NaN,NaN,NaN,NaN,NaN,-0.505,NaN,NaN,NaN,NaN
6,4,6,2,4,6,7.41010121388365,1693384957.66689,-0.525,-0.01,-0.3,0,0
NaN,NaN,NaN,NaN,NaN,3,10.922893389574,NaN,0.525,7.88,-0.3,0,NaN
NaN,NaN,NaN,NaN,NaN,5,16.2117241526002,NaN,-0.525,7.84,10.5,0,NaN
NaN,NaN,NaN,NaN,NaN,4,18.7241742141009,NaN,0.525,0,15.1,0,NaN
NaN,NaN,NaN,NaN,NaN,0,0,NaN,0.505,22.7,-4,NaN,NaN
NaN,NaN,NaN,NaN,NaN,0,0,NaN,0.505,24.6,16.3,NaN,NaN
NaN,NaN,NaN,NaN,NaN,NaN,NaN,NaN,-0.505,NaN,NaN,NaN,NaN
NaN,NaN,NaN,NaN,NaN,NaN,NaN,NaN,-0.505,NaN,NaN,NaN,NaN
6,4,6,1,3,6,8.42488575590198,1693384957.73826,-0.525,-0.01,-0.3,0,0
NaN,NaN,NaN,NaN,NaN,3,10.02045907132,NaN,0.525,7.88,-0.3,0,NaN
NaN,NaN,NaN,NaN,NaN,5,16.1616676119762,NaN,-0.525,7.84,10.5,0,NaN
NaN,NaN,NaN,NaN,NaN,0,0,NaN,0.525,0,15.1,0,NaN
NaN,NaN,NaN,NaN,NaN,0,0,NaN,0.505,22.7,-4,NaN,NaN
NaN,NaN,NaN,NaN,NaN,0,0,NaN,0.505,24.6,16.3,NaN,NaN
NaN,NaN,NaN,NaN,NaN,NaN,NaN,NaN,-0.505,NaN,NaN,NaN,NaN
NaN,NaN,NaN,NaN,NaN,NaN,NaN,NaN,-0.505,NaN,NaN,NaN,NaN
6,4,6,4,2,6,7.4704216748454,1693384957.74298,-0.525,-0.01,-0.3,0,0
NaN,NaN,NaN,NaN,NaN,5,15.5909974023473,NaN,0.525,7.88,-0.3,0,NaN
NaN,NaN,NaN,NaN,NaN,0,0,NaN,-0.525,7.84,10.5,0,NaN
NaN,NaN,NaN,NaN,NaN,0,0,NaN,0.525,0,15.1,0,NaN
NaN,NaN,NaN,NaN,NaN,0,0,NaN,0.505,22.7,-4,NaN,NaN
NaN,NaN,NaN,NaN,NaN,0,0,NaN,0.505,24.6,16.3,NaN,NaN
NaN,NaN,NaN,NaN,NaN,NaN,NaN,NaN,-0.505,NaN,NaN,NaN,NaN
NaN,NaN,NaN,NaN,NaN,NaN,NaN,NaN,-0.505,NaN,NaN,NaN,NaN
6,4,6,3,4,6,8.59558025964507,1693384957.745,-0.525,-0.01,-0.3,0,0
NaN,NaN,NaN,NaN,NaN,3,10.3514008713797,NaN,0.525,7.88,-0.3,0,NaN
NaN,NaN,NaN,NaN,NaN,5,15.2405610132961,NaN,-0.525,7.84,10.5,0,NaN
NaN,NaN,NaN,NaN,NaN,1,20.8958177633707,NaN,0.525,0,15.1,0,NaN
NaN,NaN,NaN,NaN,NaN,0,0,NaN,0.505,22.7,-4,NaN,NaN
NaN,NaN,NaN,NaN,NaN,0,0,NaN,0.505,24.6,16.3,NaN,NaN
NaN,NaN,NaN,NaN,NaN,NaN,NaN,NaN,-0.505,NaN,NaN,NaN,NaN
NaN,NaN,NaN,NaN,NaN,NaN,NaN,NaN,-0.505,NaN,NaN,NaN,NaN
6,4,6,2,4,6,7.41010121388365,1693384957.77169,-0.525,-0.01,-0.3,0,0
NaN,NaN,NaN,NaN,NaN,3,10.6923103209737,NaN,0.525,7.88,-0.3,0,NaN
NaN,NaN,NaN,NaN,NaN,5,16.4519907609991,NaN,-0.525,7.84,10.5,0,NaN
NaN,NaN,NaN,NaN,NaN,4,18.3438463796446,NaN,0.525,0,15.1,0,NaN
NaN,NaN,NaN,NaN,NaN,0,0,NaN,0.505,22.7,-4,NaN,NaN
NaN,NaN,NaN,NaN,NaN,0,0,NaN,0.505,24.6,16.3,NaN,NaN
NaN,NaN,NaN,NaN,NaN,NaN,NaN,NaN,-0.505,NaN,NaN,NaN,NaN
NaN,NaN,NaN,NaN,NaN,NaN,NaN,NaN,-0.505,NaN,NaN,NaN,NaN
6,4,6,4,3,6,7.49052735126173,1693384957.83141,-0.525,-0.01,-0.3,0,0
NaN,NaN,NaN,NaN,NaN,5,15.7812261881008,NaN,0.525,7.88,-0.3,0,NaN
NaN,NaN,NaN,NaN,NaN,3,11.213594428193,NaN,-0.525,7.84,10.5,0,NaN
NaN,NaN,NaN,NaN,NaN,0,0,NaN,0.525,0,15.1,0,NaN
NaN,NaN,NaN,NaN,NaN,0,0,NaN,0.505,22.7,-4,NaN,NaN
NaN,NaN,NaN,NaN,NaN,0,0,NaN,0.505,24.6,16.3,NaN,NaN
NaN,NaN,NaN,NaN,NaN,NaN,NaN,NaN,-0.505,NaN,NaN,NaN,NaN
NaN,NaN,NaN,NaN,NaN,NaN,NaN,NaN,-0.505,NaN,NaN,NaN,NaN
6,4,6,1,4,6,8.51525689571372,1693384957.83325,-0.525,-0.01,-0.3,0,0
NaN,NaN,NaN,NaN,NaN,3,9.73960984844875,NaN,0.525,7.88,-0.3,0,NaN
NaN,NaN,NaN,NaN,NaN,5,16.4119468680593,NaN,-0.525,7.84,10.5,0,NaN
NaN,NaN,NaN,NaN,NaN,4,17.57313859275,NaN,0.525,0,15.1,0,NaN
NaN,NaN,NaN,NaN,NaN,0,0,NaN,0.505,22.7,-4,NaN,NaN
NaN,NaN,NaN,NaN,NaN,0,0,NaN,0.505,24.6,16.3,NaN,NaN
NaN,NaN,NaN,NaN,NaN,NaN,NaN,NaN,-0.505,NaN,NaN,NaN,NaN
NaN,NaN,NaN,NaN,NaN,NaN,NaN,NaN,-0.505,NaN,NaN,NaN,NaN
6,4,6,3,3,6,8.64577931710034,1693384957.84522,-0.525,-0.01,-0.3,0,0
NaN,NaN,NaN,NaN,NaN,3,10.140808646257,NaN,0.525,7.88,-0.3,0,NaN
NaN,NaN,NaN,NaN,NaN,5,15.1504455380032,NaN,-0.525,7.84,10.5,0,NaN
NaN,NaN,NaN,NaN,NaN,0,0,NaN,0.525,0,15.1,0,NaN
NaN,NaN,NaN,NaN,NaN,0,0,NaN,0.505,22.7,-4,NaN,NaN
NaN,NaN,NaN,NaN,NaN,0,0,NaN,0.505,24.6,16.3,NaN,NaN
NaN,NaN,NaN,NaN,NaN,NaN,NaN,NaN,-0.505,NaN,NaN,NaN,NaN
NaN,NaN,NaN,NaN,NaN,NaN,NaN,NaN,-0.505,NaN,NaN,NaN,NaN
6,4,6,2,4,6,7.41010121388365,1693384957.87321,-0.525,-0.01,-0.3,0,0
NaN,NaN,NaN,NaN,NaN,3,10.4617015824387,NaN,0.525,7.88,-0.3,0,NaN
NaN,NaN,NaN,NaN,NaN,5,16.7623238245775,NaN,-0.525,7.84,10.5,0,NaN
NaN,NaN,NaN,NaN,NaN,4,18.1136412683922,NaN,0.525,0,15.1,0,NaN
NaN,NaN,NaN,NaN,NaN,0,0,NaN,0.505,22.7,-4,NaN,NaN
NaN,NaN,NaN,NaN,NaN,0,0,NaN,0.505,24.6,16.3,NaN,NaN
NaN,NaN,NaN,NaN,NaN,NaN,NaN,NaN,-0.505,NaN,NaN,NaN,NaN
NaN,NaN,NaN,NaN,NaN,NaN,NaN,NaN,-0.505,NaN,NaN,NaN,NaN
6,4,6,1,4,6,8.6156601604288,1693384957.93773,-0.525,-0.01,-0.3,0,0
NaN,NaN,NaN,NaN,NaN,3,9.48880919820817,NaN,0.525,7.88,-0.3,0,NaN
NaN,NaN,NaN,NaN,NaN,5,16.6722284053452,NaN,-0.525,7.84,10.5,0,NaN
NaN,NaN,NaN,NaN,NaN,4,17.2628358041198,NaN,0.525,0,15.1,0,NaN
NaN,NaN,NaN,NaN,NaN,0,0,NaN,0.505,22.7,-4,NaN,NaN
NaN,NaN,NaN,NaN,NaN,0,0,NaN,0.505,24.6,16.3,NaN,NaN
NaN,NaN,NaN,NaN,NaN,NaN,NaN,NaN,-0.505,NaN,NaN,NaN,NaN
NaN,NaN,NaN,NaN,NaN,NaN,NaN,NaN,-0.505,NaN,NaN,NaN,NaN
6,4,6,4,4,6,7.52068480924443,1693384957.93934,-0.525,-0.01,-0.3,0,0
NaN,NaN,NaN,NaN,NaN,3,10.8928187352953,NaN,0.525,7.88,-0.3,0,NaN
NaN,NaN,NaN,NaN,NaN,5,16.5120562014547,NaN,-0.525,7.84,10.5,0,NaN
NaN,NaN,NaN,NaN,NaN,4,18.6641233386409,NaN,0.525,0,15.1,0,NaN
NaN,NaN,NaN,NaN,NaN,0,0,NaN,0.505,22.7,-4,NaN,NaN
NaN,NaN,NaN,NaN,NaN,0,0,NaN,0.505,24.6,16.3,NaN,NaN
NaN,NaN,NaN,NaN,NaN,NaN,NaN,NaN,-0.505,NaN,NaN,NaN,NaN
NaN,NaN,NaN,NaN,NaN,NaN,NaN,NaN,-0.505,NaN,NaN,NaN,NaN
6,4,6,3,3,6,8.6758976480823,1693384957.94035,-0.525,-0.01,-0.3,0,0
NaN,NaN,NaN,NaN,NaN,3,10.1006930455291,NaN,0.525,7.88,-0.3,0,NaN
NaN,NaN,NaN,NaN,NaN,5,16.0114958701553,NaN,-0.525,7.84,10.5,0,NaN
NaN,NaN,NaN,NaN,NaN,0,0,NaN,0.525,0,15.1,0,NaN
NaN,NaN,NaN,NaN,NaN,0,0,NaN,0.505,22.7,-4,NaN,NaN
NaN,NaN,NaN,NaN,NaN,0,0,NaN,0.505,24.6,16.3,NaN,NaN
NaN,NaN,NaN,NaN,NaN,NaN,NaN,NaN,-0.505,NaN,NaN,NaN,NaN
NaN,NaN,NaN,NaN,NaN,NaN,NaN,NaN,-0.505,NaN,NaN,NaN,NaN
6,4,6,2,4,6,7.55084101276143,1693384957.97243,-0.525,-0.01,-0.3,0,0
NaN,NaN,NaN,NaN,NaN,3,10.3915109584699,NaN,0.525,7.88,-0.3,0,NaN
NaN,NaN,NaN,NaN,NaN,5,17.0225938094052,NaN,-0.525,7.84,10.5,0,NaN
NaN,NaN,NaN,NaN,NaN,4,17.8133657684335,NaN,0.525,0,15.1,0,NaN
NaN,NaN,NaN,NaN,NaN,0,0,NaN,0.505,22.7,-4,NaN,NaN
NaN,NaN,NaN,NaN,NaN,0,0,NaN,0.505,24.6,16.3,NaN,NaN
NaN,NaN,NaN,NaN,NaN,NaN,NaN,NaN,-0.505,NaN,NaN,NaN,NaN
NaN,NaN,NaN,NaN,NaN,NaN,NaN,NaN,-0.505,NaN,NaN,NaN,NaN
6,4,6,1,4,6,8.71605415311309,1693384958.03836,-0.525,-0.01,-0.3,0,0
NaN,NaN,NaN,NaN,NaN,3,9.26806883876032,NaN,0.525,7.88,-0.3,0,NaN
NaN,NaN,NaN,NaN,NaN,5,17.0526244314475,NaN,-0.525,7.84,10.5,0,NaN
NaN,NaN,NaN,NaN,NaN,4,16.9625322402052,NaN,0.525,0,15.1,0,NaN
NaN,NaN,NaN,NaN,NaN,0,0,NaN,0.505,22.7,-4,NaN,NaN
NaN,NaN,NaN,NaN,NaN,0,0,NaN,0.505,24.6,16.3,NaN,NaN
NaN,NaN,NaN,NaN,NaN,NaN,NaN,NaN,-0.505,NaN,NaN,NaN,NaN
NaN,NaN,NaN,NaN,NaN,NaN,NaN,NaN,-0.505,NaN,NaN,NaN,NaN
6,4,6,3,4,6,8.65581885207864,1693384958.0402,-0.525,-0.01,-0.3,0,0
NaN,NaN,NaN,NaN,NaN,3,10.140808646257,NaN,0.525,7.88,-0.3,0,NaN
NaN,NaN,NaN,NaN,NaN,5,16.2017128724095,NaN,-0.525,7.84,10.5,0,NaN
NaN,NaN,NaN,NaN,NaN,4,17.883430878889,NaN,0.525,0,15.1,0,NaN
NaN,NaN,NaN,NaN,NaN,0,0,NaN,0.505,22.7,-4,NaN,NaN
NaN,NaN,NaN,NaN,NaN,0,0,NaN,0.505,24.6,16.3,NaN,NaN
NaN,NaN,NaN,NaN,NaN,NaN,NaN,NaN,-0.505,NaN,NaN,NaN,NaN
NaN,NaN,NaN,NaN,NaN,NaN,NaN,NaN,-0.505,NaN,NaN,NaN,NaN
6,4,6,4,3,6,7.5709444589166,1693384958.04126,-0.525,-0.01,-0.3,0,0
NaN,NaN,NaN,NaN,NaN,5,16.9425116201819,NaN,0.525,7.88,-0.3,0,NaN
NaN,NaN,NaN,NaN,NaN,4,18.463951364754,NaN,-0.525,7.84,10.5,0,NaN
NaN,NaN,NaN,NaN,NaN,0,0,NaN,0.525,0,15.1,0,NaN
NaN,NaN,NaN,NaN,NaN,0,0,NaN,0.505,22.7,-4,NaN,NaN
NaN,NaN,NaN,NaN,NaN,0,0,NaN,0.505,24.6,16.3,NaN,NaN
NaN,NaN,NaN,NaN,NaN,NaN,NaN,NaN,-0.505,NaN,NaN,NaN,NaN
NaN,NaN,NaN,NaN,NaN,NaN,NaN,NaN,-0.505,NaN,NaN,NaN,NaN
6,4,6,2,4,6,7.72170317999857,1693384958.07164,-0.525,-0.01,-0.3,0,0
NaN,NaN,NaN,NaN,NaN,3,10.0104295612126,NaN,0.525,7.88,-0.3,0,NaN
NaN,NaN,NaN,NaN,NaN,5,17.3529248255157,NaN,-0.525,7.84,10.5,0,NaN
NaN,NaN,NaN,NaN,NaN,4,17.6031673286372,NaN,0.525,0,15.1,0,NaN
NaN,NaN,NaN,NaN,NaN,0,0,NaN,0.505,22.7,-4,NaN,NaN
NaN,NaN,NaN,NaN,NaN,0,0,NaN,0.505,24.6,16.3,NaN,NaN
NaN,NaN,NaN,NaN,NaN,NaN,NaN,NaN,-0.505,NaN,NaN,NaN,NaN
NaN,NaN,NaN,NaN,NaN,NaN,NaN,NaN,-0.505,NaN,NaN,NaN,NaN
6,4,6,4,4,6,7.62120069280425,1693384958.14008,-0.525,-0.01,-0.3,0,0
NaN,NaN,NaN,NaN,NaN,3,10.5920489047209,NaN,0.525,7.88,-0.3,0,NaN
NaN,NaN,NaN,NaN,NaN,5,17.0726447863241,NaN,-0.525,7.84,10.5,0,NaN
NaN,NaN,NaN,NaN,NaN,4,18.1636862998677,NaN,0.525,0,15.1,0,NaN
NaN,NaN,NaN,NaN,NaN,0,0,NaN,0.505,22.7,-4,NaN,NaN
NaN,NaN,NaN,NaN,NaN,0,0,NaN,0.505,24.6,16.3,NaN,NaN
NaN,NaN,NaN,NaN,NaN,NaN,NaN,NaN,-0.505,NaN,NaN,NaN,NaN
NaN,NaN,NaN,NaN,NaN,NaN,NaN,NaN,-0.505,NaN,NaN,NaN,NaN
6,4,6,1,4,6,8.7863246013336,1693384958.14267,-0.525,-0.01,-0.3,0,0
NaN,NaN,NaN,NaN,NaN,3,9.10750789184396,NaN,0.525,7.88,-0.3,0,NaN
NaN,NaN,NaN,NaN,NaN,5,16.9124805986585,NaN,-0.525,7.84,10.5,0,NaN
NaN,NaN,NaN,NaN,NaN,4,16.7322921322812,NaN,0.525,0,15.1,0,NaN
NaN,NaN,NaN,NaN,NaN,0,0,NaN,0.505,22.7,-4,NaN,NaN
NaN,NaN,NaN,NaN,NaN,0,0,NaN,0.505,24.6,16.3,NaN,NaN
NaN,NaN,NaN,NaN,NaN,NaN,NaN,NaN,-0.505,NaN,NaN,NaN,NaN
NaN,NaN,NaN,NaN,NaN,NaN,NaN,NaN,-0.505,NaN,NaN,NaN,NaN
6,4,6,3,4,6,8.71605415311309,1693384958.1458,-0.525,-0.01,-0.3,0,0
NaN,NaN,NaN,NaN,NaN,3,9.75967212564029,NaN,0.525,7.88,-0.3,0,NaN
NaN,NaN,NaN,NaN,NaN,5,16.4419798077969,NaN,-0.525,7.84,10.5,0,NaN
NaN,NaN,NaN,NaN,NaN,4,17.7733283320823,NaN,0.525,0,15.1,0,NaN
NaN,NaN,NaN,NaN,NaN,0,0,NaN,0.505,22.7,-4,NaN,NaN
NaN,NaN,NaN,NaN,NaN,0,0,NaN,0.505,24.6,16.3,NaN,NaN
NaN,NaN,NaN,NaN,NaN,NaN,NaN,NaN,-0.505,NaN,NaN,NaN,NaN
NaN,NaN,NaN,NaN,NaN,NaN,NaN,NaN,-0.505,NaN,NaN,NaN,NaN
6,4,6,2,4,6,7.8925281120817,1693384958.17154,-0.525,-0.01,-0.3,0,0
NaN,NaN,NaN,NaN,NaN,3,9.78976506357533,NaN,0.525,7.88,-0.3,0,NaN
NaN,NaN,NaN,NaN,NaN,5,17.57313859275,NaN,-0.525,7.84,10.5,0,NaN
NaN,NaN,NaN,NaN,NaN,4,17.3028754835721,NaN,0.525,0,15.1,0,NaN
NaN,NaN,NaN,NaN,NaN,0,0,NaN,0.505,22.7,-4,NaN,NaN
NaN,NaN,NaN,NaN,NaN,0,0,NaN,0.505,24.6,16.3,NaN,NaN
NaN,NaN,NaN,NaN,NaN,NaN,NaN,NaN,-0.505,NaN,NaN,NaN,NaN
NaN,NaN,NaN,NaN,NaN,NaN,NaN,NaN,-0.505,NaN,NaN,NaN,NaN
6,4,6,1,3,6,8.97703737320949,1693384958.24261,-0.525,-0.01,-0.3,0,0
NaN,NaN,NaN,NaN,NaN,5,17.2127859453373,NaN,0.525,7.88,-0.3,0,NaN
NaN,NaN,NaN,NaN,NaN,4,16.5220670619629,NaN,-0.525,7.84,10.5,0,NaN
NaN,NaN,NaN,NaN,NaN,0,0,NaN,0.525,0,15.1,0,NaN
NaN,NaN,NaN,NaN,NaN,0,0,NaN,0.505,22.7,-4,NaN,NaN
NaN,NaN,NaN,NaN,NaN,0,0,NaN,0.505,24.6,16.3,NaN,NaN
NaN,NaN,NaN,NaN,NaN,NaN,NaN,NaN,-0.505,NaN,NaN,NaN,NaN
NaN,NaN,NaN,NaN,NaN,NaN,NaN,NaN,-0.505,NaN,NaN,NaN,NaN
6,4,6,4,4,6,7.70160372909435,1693384958.24279,-0.525,-0.01,-0.3,0,0
NaN,NaN,NaN,NaN,NaN,3,10.3814835163381,NaN,0.525,7.88,-0.3,0,NaN
NaN,NaN,NaN,NaN,NaN,5,16.6021534747755,NaN,-0.525,7.84,10.5,0,NaN
NaN,NaN,NaN,NaN,NaN,4,17.9234678564166,NaN,0.525,0,15.1,0,NaN
NaN,NaN,NaN,NaN,NaN,0,0,NaN,0.505,22.7,-4,NaN,NaN
NaN,NaN,NaN,NaN,NaN,0,0,NaN,0.505,24.6,16.3,NaN,NaN
NaN,NaN,NaN,NaN,NaN,NaN,NaN,NaN,-0.505,NaN,NaN,NaN,NaN
NaN,NaN,NaN,NaN,NaN,NaN,NaN,NaN,-0.505,NaN,NaN,NaN,NaN
6,4,6,3,4,6,8.74617059060707,1693384958.24519,-0.525,-0.01,-0.3,0,0
NaN,NaN,NaN,NaN,NaN,3,9.51890750033847,NaN,0.525,7.88,-0.3,0,NaN
NaN,NaN,NaN,NaN,NaN,5,16.6522070609274,NaN,-0.525,7.84,10.5,0,NaN
NaN,NaN,NaN,NaN,NaN,4,17.5030711590852,NaN,0.525,0,15.1,0,NaN
NaN,NaN,NaN,NaN,NaN,0,0,NaN,0.505,22.7,-4,NaN,NaN
NaN,NaN,NaN,NaN,NaN,0,0,NaN,0.505,24.6,16.3,NaN,NaN
NaN,NaN,NaN,NaN,NaN,NaN,NaN,NaN,-0.505,NaN,NaN,NaN,NaN
NaN,NaN,NaN,NaN,NaN,NaN,NaN,NaN,-0.505,NaN,NaN,NaN,NaN
6,4,6,2,4,6,8.06331817554039,1693384958.27174,-0.525,-0.01,-0.3,0,0
NaN,NaN,NaN,NaN,NaN,3,9.55903760846248,NaN,0.525,7.88,-0.3,0,NaN
NaN,NaN,NaN,NaN,NaN,5,17.7332907267659,NaN,-0.525,7.84,10.5,0,NaN
NaN,NaN,NaN,NaN,NaN,4,17.1727458491646,NaN,0.525,0,15.1,0,NaN
NaN,NaN,NaN,NaN,NaN,0,0,NaN,0.505,22.7,-4,NaN,NaN
NaN,NaN,NaN,NaN,NaN,0,0,NaN,0.505,24.6,16.3,NaN,NaN
NaN,NaN,NaN,NaN,NaN,NaN,NaN,NaN,-0.505,NaN,NaN,NaN,NaN
NaN,NaN,NaN,NaN,NaN,NaN,NaN,NaN,-0.505,NaN,NaN,NaN,NaN
6,4,6,1,4,6,9.06736455647395,1693384958.3334,-0.525,-0.01,-0.3,0,0
NaN,NaN,NaN,NaN,NaN,3,8.68593690974094,NaN,0.525,7.88,-0.3,0,NaN
NaN,NaN,NaN,NaN,NaN,5,17.6632245074335,NaN,-0.525,7.84,10.5,0,NaN
NaN,NaN,NaN,NaN,NaN,4,16.2918138953279,NaN,0.525,0,15.1,0,NaN
NaN,NaN,NaN,NaN,NaN,0,0,NaN,0.505,22.7,-4,NaN,NaN
NaN,NaN,NaN,NaN,NaN,0,0,NaN,0.505,24.6,16.3,NaN,NaN
NaN,NaN,NaN,NaN,NaN,NaN,NaN,NaN,-0.505,NaN,NaN,NaN,NaN
NaN,NaN,NaN,NaN,NaN,NaN,NaN,NaN,-0.505,NaN,NaN,NaN,NaN
6,4,6,4,4,6,7.7719495623685,1693384958.3425,-0.525,-0.01,-0.3,0,0
NaN,NaN,NaN,NaN,NaN,3,10.180923337301,NaN,0.525,7.88,-0.3,0,NaN
NaN,NaN,NaN,NaN,NaN,5,17.4430129278173,NaN,-0.525,7.84,10.5,0,NaN
NaN,NaN,NaN,NaN,NaN,4,17.6532150046387,NaN,0.525,0,15.1,0,NaN
NaN,NaN,NaN,NaN,NaN,0,0,NaN,0.505,22.7,-4,NaN,NaN
NaN,NaN,NaN,NaN,NaN,0,0,NaN,0.505,24.6,16.3,NaN,NaN
NaN,NaN,NaN,NaN,NaN,NaN,NaN,NaN,-0.505,NaN,NaN,NaN,NaN
NaN,NaN,NaN,NaN,NaN,NaN,NaN,NaN,-0.505,NaN,NaN,NaN,NaN
6,4,6,3,4,6,8.76624777199458,1693384958.34401,-0.525,-0.01,-0.3,0,0
NaN,NaN,NaN,NaN,NaN,3,9.30820605702302,NaN,0.525,7.88,-0.3,0,NaN
NaN,NaN,NaN,NaN,NaN,5,16.7623238245775,NaN,-0.525,7.84,10.5,0,NaN
NaN,NaN,NaN,NaN,NaN,4,17.2628358041198,NaN,0.525,0,15.1,0,NaN
NaN,NaN,NaN,NaN,NaN,0,0,NaN,0.505,22.7,-4,NaN,NaN
NaN,NaN,NaN,NaN,NaN,0,0,NaN,0.505,24.6,16.3,NaN,NaN
NaN,NaN,NaN,NaN,NaN,NaN,NaN,NaN,-0.505,NaN,NaN,NaN,NaN
NaN,NaN,NaN,NaN,NaN,NaN,NaN,NaN,-0.505,NaN,NaN,NaN,NaN
6,4,6,2,3,3,9.37844336763836,1693384958.37216,-0.525,-0.01,-0.3,0,0
NaN,NaN,NaN,NaN,NaN,5,18.0635959875103,NaN,0.525,7.88,-0.3,0,NaN
NaN,NaN,NaN,NaN,NaN,4,16.6922496985877,NaN,-0.525,7.84,10.5,0,NaN
NaN,NaN,NaN,NaN,NaN,0,0,NaN,0.525,0,15.1,0,NaN
NaN,NaN,NaN,NaN,NaN,0,0,NaN,0.505,22.7,-4,NaN,NaN
NaN,NaN,NaN,NaN,NaN,0,0,NaN,0.505,24.6,16.3,NaN,NaN
NaN,NaN,NaN,NaN,NaN,NaN,NaN,NaN,-0.505,NaN,NaN,NaN,NaN
NaN,NaN,NaN,NaN,NaN,NaN,NaN,NaN,-0.505,NaN,NaN,NaN,NaN
6,4,6,1,4,6,9.26806883876032,1693384958.44091,-0.525,-0.01,-0.3,0,0
NaN,NaN,NaN,NaN,NaN,3,8.4750929198446,NaN,0.525,7.88,-0.3,0,NaN
NaN,NaN,NaN,NaN,NaN,5,17.8133657684335,NaN,-0.525,7.84,10.5,0,NaN
NaN,NaN,NaN,NaN,NaN,4,16.0415304756124,NaN,0.525,0,15.1,0,NaN
NaN,NaN,NaN,NaN,NaN,0,0,NaN,0.505,22.7,-4,NaN,NaN
NaN,NaN,NaN,NaN,NaN,0,0,NaN,0.505,24.6,16.3,NaN,NaN
NaN,NaN,NaN,NaN,NaN,NaN,NaN,NaN,-0.505,NaN,NaN,NaN,NaN
NaN,NaN,NaN,NaN,NaN,NaN,NaN,NaN,-0.505,NaN,NaN,NaN,NaN
6,4,6,4,4,6,7.87243291492535,1693384958.44353,-0.525,-0.01,-0.3,0,0
NaN,NaN,NaN,NaN,NaN,3,9.95025125310914,NaN,0.525,7.88,-0.3,0,NaN
NaN,NaN,NaN,NaN,NaN,5,17.7232812989017,NaN,-0.525,7.84,10.5,0,NaN
NaN,NaN,NaN,NaN,NaN,4,17.3529248255157,NaN,0.525,0,15.1,0,NaN
NaN,NaN,NaN,NaN,NaN,0,0,NaN,0.505,22.7,-4,NaN,NaN
NaN,NaN,NaN,NaN,NaN,0,0,NaN,0.505,24.6,16.3,NaN,NaN
NaN,NaN,NaN,NaN,NaN,NaN,NaN,NaN,-0.505,NaN,NaN,NaN,NaN
NaN,NaN,NaN,NaN,NaN,NaN,NaN,NaN,-0.505,NaN,NaN,NaN,NaN
6,4,6,3,4,6,8.88670355081118,1693384958.44493,-0.525,-0.01,-0.3,0,0
NaN,NaN,NaN,NaN,NaN,3,9.09747217637955,NaN,0.525,7.88,-0.3,0,NaN
NaN,NaN,NaN,NaN,NaN,5,17.2328059235866,NaN,-0.525,7.84,10.5,0,NaN
NaN,NaN,NaN,NaN,NaN,4,17.0526244314475,NaN,0.525,0,15.1,0,NaN
NaN,NaN,NaN,NaN,NaN,0,0,NaN,0.505,22.7,-4,NaN,NaN
NaN,NaN,NaN,NaN,NaN,0,0,NaN,0.505,24.6,16.3,NaN,NaN
NaN,NaN,NaN,NaN,NaN,NaN,NaN,NaN,-0.505,NaN,NaN,NaN,NaN
NaN,NaN,NaN,NaN,NaN,NaN,NaN,NaN,-0.505,NaN,NaN,NaN,NaN
6,4,6,2,4,6,8.42488575590198,1693384958.46537,-0.525,-0.01,-0.3,0,0
NaN,NaN,NaN,NaN,NaN,3,9.11754352882398,NaN,0.525,7.88,-0.3,0,NaN
NaN,NaN,NaN,NaN,NaN,5,18.2337489288407,NaN,-0.525,7.84,10.5,0,NaN
NaN,NaN,NaN,NaN,NaN,4,16.5220670619629,NaN,0.525,0,15.1,0,NaN
NaN,NaN,NaN,NaN,NaN,0,0,NaN,0.505,22.7,-4,NaN,NaN
NaN,NaN,NaN,NaN,NaN,0,0,NaN,0.505,24.6,16.3,NaN,NaN
NaN,NaN,NaN,NaN,NaN,NaN,NaN,NaN,-0.505,NaN,NaN,NaN,NaN
NaN,NaN,NaN,NaN,NaN,NaN,NaN,NaN,-0.505,NaN,NaN,NaN,NaN
6,4,6,1,4,3,8.24411911607298,1693384958.53825,-0.525,-0.01,-0.3,0,0
NaN,NaN,NaN,NaN,NaN,6,9.35837592747802,NaN,0.525,7.88,-0.3,0,NaN
NaN,NaN,NaN,NaN,NaN,4,15.8112618092295,NaN,-0.525,7.84,10.5,0,NaN
NaN,NaN,NaN,NaN,NaN,5,17.883430878889,NaN,0.525,0,15.1,0,NaN
NaN,NaN,NaN,NaN,NaN,0,0,NaN,0.505,22.7,-4,NaN,NaN
NaN,NaN,NaN,NaN,NaN,0,0,NaN,0.505,24.6,16.3,NaN,NaN
NaN,NaN,NaN,NaN,NaN,NaN,NaN,NaN,-0.505,NaN,NaN,NaN,NaN
NaN,NaN,NaN,NaN,NaN,NaN,NaN,NaN,-0.505,NaN,NaN,NaN,NaN
6,4,6,4,4,6,7.96285752729509,1693384958.54178,-0.525,-0.01,-0.3,0,0
NaN,NaN,NaN,NaN,NaN,3,9.78976506357533,NaN,0.525,7.88,-0.3,0,NaN
NaN,NaN,NaN,NaN,NaN,5,17.3429149798989,NaN,-0.525,7.84,10.5,0,NaN
NaN,NaN,NaN,NaN,NaN,4,17.1827558907179,NaN,0.525,0,15.1,0,NaN
NaN,NaN,NaN,NaN,NaN,0,0,NaN,0.505,22.7,-4,NaN,NaN
NaN,NaN,NaN,NaN,NaN,0,0,NaN,0.505,24.6,16.3,NaN,NaN
NaN,NaN,NaN,NaN,NaN,NaN,NaN,NaN,-0.505,NaN,NaN,NaN,NaN
NaN,NaN,NaN,NaN,NaN,NaN,NaN,NaN,-0.505,NaN,NaN,NaN,NaN
6,4,6,3,4,6,8.94692684668876,1693384958.54608,-0.525,-0.01,-0.3,0,0
NaN,NaN,NaN,NaN,NaN,3,8.83651515021617,NaN,0.525,7.88,-0.3,0,NaN
NaN,NaN,NaN,NaN,NaN,5,17.2027759387838,NaN,-0.525,7.84,10.5,0,NaN
NaN,NaN,NaN,NaN,NaN,4,16.8123763935977,NaN,0.525,0,15.1,0,NaN
NaN,NaN,NaN,NaN,NaN,0,0,NaN,0.505,22.7,-4,NaN,NaN
NaN,NaN,NaN,NaN,NaN,0,0,NaN,0.505,24.6,16.3,NaN,NaN
NaN,NaN,NaN,NaN,NaN,NaN,NaN,NaN,-0.505,NaN,NaN,NaN,NaN
NaN,NaN,NaN,NaN,NaN,NaN,NaN,NaN,-0.505,NaN,NaN,NaN,NaN
6,4,6,2,4,6,8.65581885207864,1693384958.57294,-0.525,-0.01,-0.3,0,0
NaN,NaN,NaN,NaN,NaN,3,8.90677831766346,NaN,0.525,7.88,-0.3,0,NaN
NaN,NaN,NaN,NaN,NaN,4,16.2017128724095,NaN,-0.525,7.84,10.5,0,NaN
NaN,NaN,NaN,NaN,NaN,5,18.4139077873221,NaN,0.525,0,15.1,0,NaN
NaN,NaN,NaN,NaN,NaN,0,0,NaN,0.505,22.7,-4,NaN,NaN
NaN,NaN,NaN,NaN,NaN,0,0,NaN,0.505,24.6,16.3,NaN,NaN
NaN,NaN,NaN,NaN,NaN,NaN,NaN,NaN,-0.505,NaN,NaN,NaN,NaN
NaN,NaN,NaN,NaN,NaN,NaN,NaN,NaN,-0.505,NaN,NaN,NaN,NaN
6,4,6,1,4,3,8.01308929190234,1693384958.64069,-0.525,-0.01,-0.3,0,0
NaN,NaN,NaN,NaN,NaN,6,9.58913447606196,NaN,0.525,7.88,-0.3,0,NaN
NaN,NaN,NaN,NaN,NaN,4,15.5409362652319,NaN,-0.525,7.84,10.5,0,NaN
NaN,NaN,NaN,NaN,NaN,5,18.2537667345674,NaN,0.525,0,15.1,0,NaN
NaN,NaN,NaN,NaN,NaN,0,0,NaN,0.505,22.7,-4,NaN,NaN
NaN,NaN,NaN,NaN,NaN,0,0,NaN,0.505,24.6,16.3,NaN,NaN
NaN,NaN,NaN,NaN,NaN,NaN,NaN,NaN,-0.505,NaN,NaN,NaN,NaN
NaN,NaN,NaN,NaN,NaN,NaN,NaN,NaN,-0.505,NaN,NaN,NaN,NaN
6,4,6,4,4,6,8.1939001702486,1693384958.64288,-0.525,-0.01,-0.3,0,0
NaN,NaN,NaN,NaN,NaN,3,9.55903760846248,NaN,0.525,7.88,-0.3,0,NaN
NaN,NaN,NaN,NaN,NaN,5,17.8133657684335,NaN,-0.525,7.84,10.5,0,NaN
NaN,NaN,NaN,NaN,NaN,4,16.902470233667,NaN,0.525,0,15.1,0,NaN
NaN,NaN,NaN,NaN,NaN,0,0,NaN,0.505,22.7,-4,NaN,NaN
NaN,NaN,NaN,NaN,NaN,0,0,NaN,0.505,24.6,16.3,NaN,NaN
NaN,NaN,NaN,NaN,NaN,NaN,NaN,NaN,-0.505,NaN,NaN,NaN,NaN
NaN,NaN,NaN,NaN,NaN,NaN,NaN,NaN,-0.505,NaN,NaN,NaN,NaN
6,4,6,3,4,6,9.10750789184396,1693384958.6444,-0.525,-0.01,-0.3,0,0
NaN,NaN,NaN,NaN,NaN,3,8.74617059060707,NaN,0.525,7.88,-0.3,0,NaN
NaN,NaN,NaN,NaN,NaN,5,17.4430129278173,NaN,-0.525,7.84,10.5,0,NaN
NaN,NaN,NaN,NaN,NaN,4,16.5220670619629,NaN,0.525,0,15.1,0,NaN
NaN,NaN,NaN,NaN,NaN,0,0,NaN,0.505,22.7,-4,NaN,NaN
NaN,NaN,NaN,NaN,NaN,0,0,NaN,0.505,24.6,16.3,NaN,NaN
NaN,NaN,NaN,NaN,NaN,NaN,NaN,NaN,-0.505,NaN,NaN,NaN,NaN
NaN,NaN,NaN,NaN,NaN,NaN,NaN,NaN,-0.505,NaN,NaN,NaN,NaN
6,4,6,2,4,6,8.9168155750806,1693384958.67211,-0.525,-0.01,-0.3,0,0
NaN,NaN,NaN,NaN,NaN,3,8.6658582956335,NaN,0.525,7.88,-0.3,0,NaN
NaN,NaN,NaN,NaN,NaN,4,15.8312854816026,NaN,-0.525,7.84,10.5,0,NaN
NaN,NaN,NaN,NaN,NaN,5,18.5740464089008,NaN,0.525,0,15.1,0,NaN
NaN,NaN,NaN,NaN,NaN,0,0,NaN,0.505,22.7,-4,NaN,NaN
NaN,NaN,NaN,NaN,NaN,0,0,NaN,0.505,24.6,16.3,NaN,NaN
NaN,NaN,NaN,NaN,NaN,NaN,NaN,NaN,-0.505,NaN,NaN,NaN,NaN
NaN,NaN,NaN,NaN,NaN,NaN,NaN,NaN,-0.505,NaN,NaN,NaN,NaN
6,4,6,3,4,6,9.31824017720084,1693384958.74432,-0.525,-0.01,-0.3,0,0
NaN,NaN,NaN,NaN,NaN,3,8.74617059060707,NaN,0.525,7.88,-0.3,0,NaN
NaN,NaN,NaN,NaN,NaN,5,17.5931577609024,NaN,-0.525,7.84,10.5,0,NaN
NaN,NaN,NaN,NaN,NaN,4,16.3118361933904,NaN,0.525,0,15.1,0,NaN
NaN,NaN,NaN,NaN,NaN,0,0,NaN,0.505,22.7,-4,NaN,NaN
NaN,NaN,NaN,NaN,NaN,0,0,NaN,0.505,24.6,16.3,NaN,NaN
NaN,NaN,NaN,NaN,NaN,NaN,NaN,NaN,-0.505,NaN,NaN,NaN,NaN
NaN,NaN,NaN,NaN,NaN,NaN,NaN,NaN,-0.505,NaN,NaN,NaN,NaN
6,4,6,1,4,3,7.7719495623685,1693384958.74664,-0.525,-0.01,-0.3,0,0
NaN,NaN,NaN,NaN,NaN,6,9.74964101903244,NaN,0.525,7.88,-0.3,0,NaN
NaN,NaN,NaN,NaN,NaN,4,15.3807379536874,NaN,-0.525,7.84,10.5,0,NaN
NaN,NaN,NaN,NaN,NaN,5,17.9534954813819,NaN,0.525,0,15.1,0,NaN
NaN,NaN,NaN,NaN,NaN,0,0,NaN,0.505,22.7,-4,NaN,NaN
NaN,NaN,NaN,NaN,NaN,0,0,NaN,0.505,24.6,16.3,NaN,NaN
NaN,NaN,NaN,NaN,NaN,NaN,NaN,NaN,-0.505,NaN,NaN,NaN,NaN
NaN,NaN,NaN,NaN,NaN,NaN,NaN,NaN,-0.505,NaN,NaN,NaN,NaN
6,4,6,4,4,6,8.39476027054972,1693384958.7483,-0.525,-0.01,-0.3,0,0
NaN,NaN,NaN,NaN,NaN,3,9.20786077218808,NaN,0.525,7.88,-0.3,0,NaN
NaN,NaN,NaN,NaN,NaN,5,18.0335686984024,NaN,-0.525,7.84,10.5,0,NaN
NaN,NaN,NaN,NaN,NaN,4,16.6722284053452,NaN,0.525,0,15.1,0,NaN
NaN,NaN,NaN,NaN,NaN,0,0,NaN,0.505,22.7,-4,NaN,NaN
NaN,NaN,NaN,NaN,NaN,0,0,NaN,0.505,24.6,16.3,NaN,NaN
NaN,NaN,NaN,NaN,NaN,NaN,NaN,NaN,-0.505,NaN,NaN,NaN,NaN
NaN,NaN,NaN,NaN,NaN,NaN,NaN,NaN,-0.505,NaN,NaN,NaN,NaN
6,4,6,2,4,6,9.05732852446018,1693384958.77506,-0.525,-0.01,-0.3,0,0
NaN,NaN,NaN,NaN,NaN,3,8.40480219874329,NaN,0.525,7.88,-0.3,0,NaN
NaN,NaN,NaN,NaN,NaN,4,15.5409362652319,NaN,-0.525,7.84,10.5,0,NaN
NaN,NaN,NaN,NaN,NaN,5,18.8242582855208,NaN,0.525,0,15.1,0,NaN
NaN,NaN,NaN,NaN,NaN,0,0,NaN,0.505,22.7,-4,NaN,NaN
NaN,NaN,NaN,NaN,NaN,0,0,NaN,0.505,24.6,16.3,NaN,NaN
NaN,NaN,NaN,NaN,NaN,NaN,NaN,NaN,-0.505,NaN,NaN,NaN,NaN
NaN,NaN,NaN,NaN,NaN,NaN,NaN,NaN,-0.505,NaN,NaN,NaN,NaN
6,4,6,1,4,3,7.53073701572429,1693384958.83857,-0.525,-0.01,-0.3,0,0
NaN,NaN,NaN,NaN,NaN,6,9.9803406755481,NaN,0.525,7.88,-0.3,0,NaN
NaN,NaN,NaN,NaN,NaN,4,15.0703417346787,NaN,-0.525,7.84,10.5,0,NaN
NaN,NaN,NaN,NaN,NaN,5,18.1336593107955,NaN,0.525,0,15.1,0,NaN
NaN,NaN,NaN,NaN,NaN,0,0,NaN,0.505,22.7,-4,NaN,NaN
NaN,NaN,NaN,NaN,NaN,0,0,NaN,0.505,24.6,16.3,NaN,NaN
NaN,NaN,NaN,NaN,NaN,NaN,NaN,NaN,-0.505,NaN,NaN,NaN,NaN
NaN,NaN,NaN,NaN,NaN,NaN,NaN,NaN,-0.505,NaN,NaN,NaN,NaN
6,4,6,4,4,6,8.6156601604288,1693384958.84317,-0.525,-0.01,-0.3,0,0
NaN,NaN,NaN,NaN,NaN,3,8.97703737320949,NaN,0.525,7.88,-0.3,0,NaN
NaN,NaN,NaN,NaN,NaN,5,18.3738727545393,NaN,-0.525,7.84,10.5,0,NaN
NaN,NaN,NaN,NaN,NaN,4,16.3719027605224,NaN,0.525,0,15.1,0,NaN
NaN,NaN,NaN,NaN,NaN,0,0,NaN,0.505,22.7,-4,NaN,NaN
NaN,NaN,NaN,NaN,NaN,0,0,NaN,0.505,24.6,16.3,NaN,NaN
NaN,NaN,NaN,NaN,NaN,NaN,NaN,NaN,-0.505,NaN,NaN,NaN,NaN
NaN,NaN,NaN,NaN,NaN,NaN,NaN,NaN,-0.505,NaN,NaN,NaN,NaN
6,4,6,3,4,6,9.4486771560891,1693384958.84456,-0.525,-0.01,-0.3,0,0
NaN,NaN,NaN,NaN,NaN,3,8.4750929198446,NaN,0.525,7.88,-0.3,0,NaN
NaN,NaN,NaN,NaN,NaN,5,17.8033564251239,NaN,-0.525,7.84,10.5,0,NaN
NaN,NaN,NaN,NaN,NaN,4,16.0315189548589,NaN,0.525,0,15.1,0,NaN
NaN,NaN,NaN,NaN,NaN,0,0,NaN,0.505,22.7,-4,NaN,NaN
NaN,NaN,NaN,NaN,NaN,0,0,NaN,0.505,24.6,16.3,NaN,NaN
NaN,NaN,NaN,NaN,NaN,NaN,NaN,NaN,-0.505,NaN,NaN,NaN,NaN
NaN,NaN,NaN,NaN,NaN,NaN,NaN,NaN,-0.505,NaN,NaN,NaN,NaN
6,4,6,2,4,6,9.31824017720084,1693384958.8733,-0.525,-0.01,-0.3,0,0
NaN,NaN,NaN,NaN,NaN,3,8.22403185791495,NaN,0.525,7.88,-0.3,0,NaN
NaN,NaN,NaN,NaN,NaN,4,15.3406877290427,NaN,-0.525,7.84,10.5,0,NaN
NaN,NaN,NaN,NaN,NaN,5,19.0344319589527,NaN,0.525,0,15.1,0,NaN
NaN,NaN,NaN,NaN,NaN,0,0,NaN,0.505,22.7,-4,NaN,NaN
NaN,NaN,NaN,NaN,NaN,0,0,NaN,0.505,24.6,16.3,NaN,NaN
NaN,NaN,NaN,NaN,NaN,NaN,NaN,NaN,-0.505,NaN,NaN,NaN,NaN
NaN,NaN,NaN,NaN,NaN,NaN,NaN,NaN,-0.505,NaN,NaN,NaN,NaN
6,4,6,1,4,3,7.3095553900357,1693384958.94036,-0.525,-0.01,-0.3,0,0
NaN,NaN,NaN,NaN,NaN,6,10.180923337301,NaN,0.525,7.88,-0.3,0,NaN
NaN,NaN,NaN,NaN,NaN,4,14.8901040963453,NaN,-0.525,7.84,10.5,0,NaN
NaN,NaN,NaN,NaN,NaN,5,18.2137310839926,NaN,0.525,0,15.1,0,NaN
NaN,NaN,NaN,NaN,NaN,0,0,NaN,0.505,22.7,-4,NaN,NaN
NaN,NaN,NaN,NaN,NaN,0,0,NaN,0.505,24.6,16.3,NaN,NaN
NaN,NaN,NaN,NaN,NaN,NaN,NaN,NaN,-0.505,NaN,NaN,NaN,NaN
NaN,NaN,NaN,NaN,NaN,NaN,NaN,NaN,-0.505,NaN,NaN,NaN,NaN
6,4,6,4,4,6,8.83651515021617,1693384958.94271,-0.525,-0.01,-0.3,0,0
NaN,NaN,NaN,NaN,NaN,3,8.77628623051915,NaN,0.525,7.88,-0.3,0,NaN
NaN,NaN,NaN,NaN,NaN,4,16.0815764152648,NaN,-0.525,7.84,10.5,0,NaN
NaN,NaN,NaN,NaN,NaN,5,18.5139947067077,NaN,0.525,0,15.1,0,NaN
NaN,NaN,NaN,NaN,NaN,0,0,NaN,0.505,22.7,-4,NaN,NaN
NaN,NaN,NaN,NaN,NaN,0,0,NaN,0.505,24.6,16.3,NaN,NaN
NaN,NaN,NaN,NaN,NaN,NaN,NaN,NaN,-0.505,NaN,NaN,NaN,NaN
NaN,NaN,NaN,NaN,NaN,NaN,NaN,NaN,-0.505,NaN,NaN,NaN,NaN
6,4,6,3,4,3,8.20394417338392,1693384958.94369,-0.525,-0.01,-0.3,0,0
NaN,NaN,NaN,NaN,NaN,6,9.60919871789527,NaN,0.525,7.88,-0.3,0,NaN
NaN,NaN,NaN,NaN,NaN,4,15.8813444015297,NaN,-0.525,7.84,10.5,0,NaN
NaN,NaN,NaN,NaN,NaN,5,17.9735138467691,NaN,0.525,0,15.1,0,NaN
NaN,NaN,NaN,NaN,NaN,0,0,NaN,0.505,22.7,-4,NaN,NaN
NaN,NaN,NaN,NaN,NaN,0,0,NaN,0.505,24.6,16.3,NaN,NaN
NaN,NaN,NaN,NaN,NaN,NaN,NaN,NaN,-0.505,NaN,NaN,NaN,NaN
NaN,NaN,NaN,NaN,NaN,NaN,NaN,NaN,-0.505,NaN,NaN,NaN,NaN
6,4,6,2,4,3,7.92267000448712,1693384958.97236,-0.525,-0.01,-0.3,0,0
NaN,NaN,NaN,NaN,NaN,6,9.57910225438689,NaN,0.525,7.88,-0.3,0,NaN
NaN,NaN,NaN,NaN,NaN,4,15.0002499979167,NaN,-0.525,7.84,10.5,0,NaN
NaN,NaN,NaN,NaN,NaN,5,19.1845536825854,NaN,0.525,0,15.1,0,NaN
NaN,NaN,NaN,NaN,NaN,0,0,NaN,0.505,22.7,-4,NaN,NaN
NaN,NaN,NaN,NaN,NaN,0,0,NaN,0.505,24.6,16.3,NaN,NaN
NaN,NaN,NaN,NaN,NaN,NaN,NaN,NaN,-0.505,NaN,NaN,NaN,NaN
NaN,NaN,NaN,NaN,NaN,NaN,NaN,NaN,-0.505,NaN,NaN,NaN,NaN
6,4,6,1,4,3,7.05812297994304,1693384959.04004,-0.525,-0.01,-0.3,0,0
NaN,NaN,NaN,NaN,NaN,6,10.3514008713797,NaN,0.525,7.88,-0.3,0,NaN
NaN,NaN,NaN,NaN,NaN,4,14.5796810664706,NaN,-0.525,7.84,10.5,0,NaN
NaN,NaN,NaN,NaN,NaN,5,18.4139077873221,NaN,0.525,0,15.1,0,NaN
NaN,NaN,NaN,NaN,NaN,0,0,NaN,0.505,22.7,-4,NaN,NaN
NaN,NaN,NaN,NaN,NaN,0,0,NaN,0.505,24.6,16.3,NaN,NaN
NaN,NaN,NaN,NaN,NaN,NaN,NaN,NaN,-0.505,NaN,NaN,NaN,NaN
NaN,NaN,NaN,NaN,NaN,NaN,NaN,NaN,-0.505,NaN,NaN,NaN,NaN
6,4,6,4,4,6,8.97703737320949,1693384959.04133,-0.525,-0.01,-0.3,0,0
NaN,NaN,NaN,NaN,NaN,3,8.51525689571372,NaN,0.525,7.88,-0.3,0,NaN
NaN,NaN,NaN,NaN,NaN,4,15.8913561409969,NaN,-0.525,7.84,10.5,0,NaN
NaN,NaN,NaN,NaN,NaN,5,18.7742163618086,NaN,0.525,0,15.1,0,NaN
NaN,NaN,NaN,NaN,NaN,0,0,NaN,0.505,22.7,-4,NaN,NaN
NaN,NaN,NaN,NaN,NaN,0,0,NaN,0.505,24.6,16.3,NaN,NaN
NaN,NaN,NaN,NaN,NaN,NaN,NaN,NaN,-0.505,NaN,NaN,NaN,NaN
NaN,NaN,NaN,NaN,NaN,NaN,NaN,NaN,-0.505,NaN,NaN,NaN,NaN
6,4,6,3,4,3,8.1939001702486,1693384959.04403,-0.525,-0.01,-0.3,0,0
NaN,NaN,NaN,NaN,NaN,6,9.71954731456152,NaN,0.525,7.88,-0.3,0,NaN
NaN,NaN,NaN,NaN,NaN,4,15.6210338966408,NaN,-0.525,7.84,10.5,0,NaN
NaN,NaN,NaN,NaN,NaN,5,18.043577804859,NaN,0.525,0,15.1,0,NaN
NaN,NaN,NaN,NaN,NaN,0,0,NaN,0.505,22.7,-4,NaN,NaN
NaN,NaN,NaN,NaN,NaN,0,0,NaN,0.505,24.6,16.3,NaN,NaN
NaN,NaN,NaN,NaN,NaN,NaN,NaN,NaN,-0.505,NaN,NaN,NaN,NaN
NaN,NaN,NaN,NaN,NaN,NaN,NaN,NaN,-0.505,NaN,NaN,NaN,NaN
6,4,6,2,4,3,7.73175271203108,1693384959.07257,-0.525,-0.01,-0.3,0,0
NaN,NaN,NaN,NaN,NaN,6,9.84994923844788,NaN,0.525,7.88,-0.3,0,NaN
NaN,NaN,NaN,NaN,NaN,4,14.7899695740052,NaN,-0.525,7.84,10.5,0,NaN
NaN,NaN,NaN,NaN,NaN,5,19.5648536922718,NaN,0.525,0,15.1,0,NaN
NaN,NaN,NaN,NaN,NaN,0,0,NaN,0.505,22.7,-4,NaN,NaN
NaN,NaN,NaN,NaN,NaN,0,0,NaN,0.505,24.6,16.3,NaN,NaN
NaN,NaN,NaN,NaN,NaN,NaN,NaN,NaN,-0.505,NaN,NaN,NaN,NaN
NaN,NaN,NaN,NaN,NaN,NaN,NaN,NaN,-0.505,NaN,NaN,NaN,NaN
6,4,6,1,4,3,6.83677555577189,1693384959.14073,-0.525,-0.01,-0.3,0,0
NaN,NaN,NaN,NaN,NaN,6,10.6121015826273,NaN,0.525,7.88,-0.3,0,NaN
NaN,NaN,NaN,NaN,NaN,4,14.3092976766856,NaN,-0.525,7.84,10.5,0,NaN
NaN,NaN,NaN,NaN,NaN,5,18.674131840597,NaN,0.525,0,15.1,0,NaN
NaN,NaN,NaN,NaN,NaN,0,0,NaN,0.505,22.7,-4,NaN,NaN
NaN,NaN,NaN,NaN,NaN,0,0,NaN,0.505,24.6,16.3,NaN,NaN
NaN,NaN,NaN,NaN,NaN,NaN,NaN,NaN,-0.505,NaN,NaN,NaN,NaN
NaN,NaN,NaN,NaN,NaN,NaN,NaN,NaN,-0.505,NaN,NaN,NaN,NaN
6,4,6,4,4,6,9.28813759588003,1693384959.14365,-0.525,-0.01,-0.3,0,0
NaN,NaN,NaN,NaN,NaN,3,8.34454911903573,NaN,0.525,7.88,-0.3,0,NaN
NaN,NaN,NaN,NaN,NaN,4,15.5108993936522,NaN,-0.525,7.84,10.5,0,NaN
NaN,NaN,NaN,NaN,NaN,5,18.7942331580727,NaN,0.525,0,15.1,0,NaN
NaN,NaN,NaN,NaN,NaN,0,0,NaN,0.505,22.7,-4,NaN,NaN
NaN,NaN,NaN,NaN,NaN,0,0,NaN,0.505,24.6,16.3,NaN,NaN
NaN,NaN,NaN,NaN,NaN,NaN,NaN,NaN,-0.505,NaN,NaN,NaN,NaN
NaN,NaN,NaN,NaN,NaN,NaN,NaN,NaN,-0.505,NaN,NaN,NaN,NaN
6,4,6,3,4,3,7.90257552953466,1693384959.14632,-0.525,-0.01,-0.3,0,0
NaN,NaN,NaN,NaN,NaN,6,9.95025125310914,NaN,0.525,7.88,-0.3,0,NaN
NaN,NaN,NaN,NaN,NaN,4,15.4608376228457,NaN,-0.525,7.84,10.5,0,NaN
NaN,NaN,NaN,NaN,NaN,5,18.8843083008089,NaN,0.525,0,15.1,0,NaN
NaN,NaN,NaN,NaN,NaN,0,0,NaN,0.505,22.7,-4,NaN,NaN
NaN,NaN,NaN,NaN,NaN,0,0,NaN,0.505,24.6,16.3,NaN,NaN
NaN,NaN,NaN,NaN,NaN,NaN,NaN,NaN,-0.505,NaN,NaN,NaN,NaN
NaN,NaN,NaN,NaN,NaN,NaN,NaN,NaN,-0.505,NaN,NaN,NaN,NaN
6,4,6,2,4,3,7.5106324633815,1693384959.17327,-0.525,-0.01,-0.3,0,0
NaN,NaN,NaN,NaN,NaN,6,10.1006930455291,NaN,0.525,7.88,-0.3,0,NaN
NaN,NaN,NaN,NaN,NaN,4,14.4995689591105,NaN,-0.525,7.84,10.5,0,NaN
NaN,NaN,NaN,NaN,NaN,5,19.7149689322606,NaN,0.525,0,15.1,0,NaN
NaN,NaN,NaN,NaN,NaN,0,0,NaN,0.505,22.7,-4,NaN,NaN
NaN,NaN,NaN,NaN,NaN,0,0,NaN,0.505,24.6,16.3,NaN,NaN
NaN,NaN,NaN,NaN,NaN,NaN,NaN,NaN,-0.505,NaN,NaN,NaN,NaN
NaN,NaN,NaN,NaN,NaN,NaN,NaN,NaN,-0.505,NaN,NaN,NaN,NaN
6,4,6,1,4,3,6.57506653958726,1693384959.23921,-0.525,-0.01,-0.3,0,0
NaN,NaN,NaN,NaN,NaN,6,10.8627436681531,NaN,0.525,7.88,-0.3,0,NaN
NaN,NaN,NaN,NaN,NaN,4,14.1090042171657,NaN,-0.525,7.84,10.5,0,NaN
NaN,NaN,NaN,NaN,NaN,5,18.7942331580727,NaN,0.525,0,15.1,0,NaN
NaN,NaN,NaN,NaN,NaN,0,0,NaN,0.505,22.7,-4,NaN,NaN
NaN,NaN,NaN,NaN,NaN,0,0,NaN,0.505,24.6,16.3,NaN,NaN
NaN,NaN,NaN,NaN,NaN,NaN,NaN,NaN,-0.505,NaN,NaN,NaN,NaN
NaN,NaN,NaN,NaN,NaN,NaN,NaN,NaN,-0.505,NaN,NaN,NaN,NaN
6,4,6,4,4,6,9.49884203469033,1693384959.24211,-0.525,-0.01,-0.3,0,0
NaN,NaN,NaN,NaN,NaN,3,8.09345414517189,NaN,0.525,7.88,-0.3,0,NaN
NaN,NaN,NaN,NaN,NaN,4,15.2906245784795,NaN,-0.525,7.84,10.5,0,NaN
NaN,NaN,NaN,NaN,NaN,5,19.2446018405162,NaN,0.525,0,15.1,0,NaN
NaN,NaN,NaN,NaN,NaN,0,0,NaN,0.505,22.7,-4,NaN,NaN
NaN,NaN,NaN,NaN,NaN,0,0,NaN,0.505,24.6,16.3,NaN,NaN
NaN,NaN,NaN,NaN,NaN,NaN,NaN,NaN,-0.505,NaN,NaN,NaN,NaN
NaN,NaN,NaN,NaN,NaN,NaN,NaN,NaN,-0.505,NaN,NaN,NaN,NaN
6,4,6,3,4,3,7.74180211578674,1693384959.246,-0.525,-0.01,-0.3,0,0
NaN,NaN,NaN,NaN,NaN,6,10.1207509602796,NaN,0.525,7.88,-0.3,0,NaN
NaN,NaN,NaN,NaN,NaN,4,15.1904970293931,NaN,-0.525,7.84,10.5,0,NaN
NaN,NaN,NaN,NaN,NaN,5,18.283793370086,NaN,0.525,0,15.1,0,NaN
NaN,NaN,NaN,NaN,NaN,0,0,NaN,0.505,22.7,-4,NaN,NaN
NaN,NaN,NaN,NaN,NaN,0,0,NaN,0.505,24.6,16.3,NaN,NaN
NaN,NaN,NaN,NaN,NaN,NaN,NaN,NaN,-0.505,NaN,NaN,NaN,NaN
NaN,NaN,NaN,NaN,NaN,NaN,NaN,NaN,-0.505,NaN,NaN,NaN,NaN
6,4,6,2,4,3,7.19893742159216,1693384959.27306,-0.525,-0.01,-0.3,0,0
NaN,NaN,NaN,NaN,NaN,6,10.4717286061089,NaN,0.525,7.88,-0.3,0,NaN
NaN,NaN,NaN,NaN,NaN,4,14.1390487657409,NaN,-0.525,7.84,10.5,0,NaN
NaN,NaN,NaN,NaN,NaN,5,19.7650069567405,NaN,0.525,0,15.1,0,NaN
NaN,NaN,NaN,NaN,NaN,0,0,NaN,0.505,22.7,-4,NaN,NaN
NaN,NaN,NaN,NaN,NaN,0,0,NaN,0.505,24.6,16.3,NaN,NaN
NaN,NaN,NaN,NaN,NaN,NaN,NaN,NaN,-0.505,NaN,NaN,NaN,NaN
NaN,NaN,NaN,NaN,NaN,NaN,NaN,NaN,-0.505,NaN,NaN,NaN,NaN
6,4,6,1,4,3,6.40387382761403,1693384959.34098,-0.525,-0.01,-0.3,0,0
NaN,NaN,NaN,NaN,NaN,6,11.1033328329831,NaN,0.525,7.88,-0.3,0,NaN
NaN,NaN,NaN,NaN,NaN,4,13.8786562750145,NaN,-0.525,7.84,10.5,0,NaN
NaN,NaN,NaN,NaN,NaN,5,18.90432490199,NaN,0.525,0,15.1,0,NaN
NaN,NaN,NaN,NaN,NaN,0,0,NaN,0.505,22.7,-4,NaN,NaN
NaN,NaN,NaN,NaN,NaN,0,0,NaN,0.505,24.6,16.3,NaN,NaN
NaN,NaN,NaN,NaN,NaN,NaN,NaN,NaN,-0.505,NaN,NaN,NaN,NaN
NaN,NaN,NaN,NaN,NaN,NaN,NaN,NaN,-0.505,NaN,NaN,NaN,NaN
6,4,6,4,4,3,7.84228920660288,1693384959.34241,-0.525,-0.01,-0.3,0,0
NaN,NaN,NaN,NaN,NaN,6,9.77973414771588,NaN,0.525,7.88,-0.3,0,NaN
NaN,NaN,NaN,NaN,NaN,4,15.0603286816723,NaN,-0.525,7.84,10.5,0,NaN
NaN,NaN,NaN,NaN,NaN,5,19.5448381932417,NaN,0.525,0,15.1,0,NaN
NaN,NaN,NaN,NaN,NaN,0,0,NaN,0.505,22.7,-4,NaN,NaN
NaN,NaN,NaN,NaN,NaN,0,0,NaN,0.505,24.6,16.3,NaN,NaN
NaN,NaN,NaN,NaN,NaN,NaN,NaN,NaN,-0.505,NaN,NaN,NaN,NaN
NaN,NaN,NaN,NaN,NaN,NaN,NaN,NaN,-0.505,NaN,NaN,NaN,NaN
6,4,6,3,4,3,7.5106324633815,1693384959.34409,-0.525,-0.01,-0.3,0,0
NaN,NaN,NaN,NaN,NaN,6,10.3814835163381,NaN,0.525,7.88,-0.3,0,NaN
NaN,NaN,NaN,NaN,NaN,4,14.990236822679,NaN,-0.525,7.84,10.5,0,NaN
NaN,NaN,NaN,NaN,NaN,5,18.5139947067077,NaN,0.525,0,15.1,0,NaN
NaN,NaN,NaN,NaN,NaN,0,0,NaN,0.505,22.7,-4,NaN,NaN
NaN,NaN,NaN,NaN,NaN,0,0,NaN,0.505,24.6,16.3,NaN,NaN
NaN,NaN,NaN,NaN,NaN,NaN,NaN,NaN,-0.505,NaN,NaN,NaN,NaN
NaN,NaN,NaN,NaN,NaN,NaN,NaN,NaN,-0.505,NaN,NaN,NaN,NaN
6,4,6,2,4,3,6.97764286847643,1693384959.37323,-0.525,-0.01,-0.3,0,0
NaN,NaN,NaN,NaN,NaN,6,10.7223877937706,NaN,0.525,7.88,-0.3,0,NaN
NaN,NaN,NaN,NaN,NaN,4,13.8185636011852,NaN,-0.525,7.84,10.5,0,NaN
NaN,NaN,NaN,NaN,NaN,5,19.7750145385534,NaN,0.525,0,15.1,0,NaN
NaN,NaN,NaN,NaN,NaN,0,0,NaN,0.505,22.7,-4,NaN,NaN
NaN,NaN,NaN,NaN,NaN,0,0,NaN,0.505,24.6,16.3,NaN,NaN
NaN,NaN,NaN,NaN,NaN,NaN,NaN,NaN,-0.505,NaN,NaN,NaN,NaN
NaN,NaN,NaN,NaN,NaN,NaN,NaN,NaN,-0.505,NaN,NaN,NaN,NaN
6,4,6,1,4,3,6.19230974677462,1693384959.44392,-0.525,-0.01,-0.3,0,0
NaN,NaN,NaN,NaN,NaN,6,11.2937814747763,NaN,0.525,7.88,-0.3,0,NaN
NaN,NaN,NaN,NaN,NaN,4,13.5581525290137,NaN,-0.525,7.84,10.5,0,NaN
NaN,NaN,NaN,NaN,NaN,5,18.9543662516055,NaN,0.525,0,15.1,0,NaN
NaN,NaN,NaN,NaN,NaN,0,0,NaN,0.505,22.7,-4,NaN,NaN
NaN,NaN,NaN,NaN,NaN,0,0,NaN,0.505,24.6,16.3,NaN,NaN
NaN,NaN,NaN,NaN,NaN,NaN,NaN,NaN,-0.505,NaN,NaN,NaN,NaN
NaN,NaN,NaN,NaN,NaN,NaN,NaN,NaN,-0.505,NaN,NaN,NaN,NaN
6,4,6,3,4,3,7.12853421118255,1693384959.44559,-0.525,-0.01,-0.3,0,0
NaN,NaN,NaN,NaN,NaN,6,10.5820224909986,NaN,0.525,7.88,-0.3,0,NaN
NaN,NaN,NaN,NaN,NaN,4,14.820010121454,NaN,-0.525,7.84,10.5,0,NaN
NaN,NaN,NaN,NaN,NaN,5,18.6441063073562,NaN,0.525,0,15.1,0,NaN
NaN,NaN,NaN,NaN,NaN,0,0,NaN,0.505,22.7,-4,NaN,NaN
NaN,NaN,NaN,NaN,NaN,0,0,NaN,0.505,24.6,16.3,NaN,NaN
NaN,NaN,NaN,NaN,NaN,NaN,NaN,NaN,-0.505,NaN,NaN,NaN,NaN
NaN,NaN,NaN,NaN,NaN,NaN,NaN,NaN,-0.505,NaN,NaN,NaN,NaN
6,4,6,4,4,3,7.53073701572429,1693384959.44715,-0.525,-0.01,-0.3,0,0
NaN,NaN,NaN,NaN,NaN,6,10.0605765242356,NaN,0.525,7.88,-0.3,0,NaN
NaN,NaN,NaN,NaN,NaN,4,14.7499152539938,NaN,-0.525,7.84,10.5,0,NaN
NaN,NaN,NaN,NaN,NaN,5,19.534830431821,NaN,0.525,0,15.1,0,NaN
NaN,NaN,NaN,NaN,NaN,0,0,NaN,0.505,22.7,-4,NaN,NaN
NaN,NaN,NaN,NaN,NaN,0,0,NaN,0.505,24.6,16.3,NaN,NaN
NaN,NaN,NaN,NaN,NaN,NaN,NaN,NaN,-0.505,NaN,NaN,NaN,NaN
NaN,NaN,NaN,NaN,NaN,NaN,NaN,NaN,-0.505,NaN,NaN,NaN,NaN
6,4,6,2,4,3,6.7663283987699,1693384959.47333,-0.525,-0.01,-0.3,0,0
NaN,NaN,NaN,NaN,NaN,6,10.9128685504775,NaN,0.525,7.88,-0.3,0,NaN
NaN,NaN,NaN,NaN,NaN,4,13.5982167948595,NaN,-0.525,7.84,10.5,0,NaN
NaN,NaN,NaN,NaN,NaN,5,19.9451422657248,NaN,0.525,0,15.1,0,NaN
NaN,NaN,NaN,NaN,NaN,0,0,NaN,0.505,22.7,-4,NaN,NaN
NaN,NaN,NaN,NaN,NaN,0,0,NaN,0.505,24.6,16.3,NaN,NaN
NaN,NaN,NaN,NaN,NaN,NaN,NaN,NaN,-0.505,NaN,NaN,NaN,NaN
NaN,NaN,NaN,NaN,NaN,NaN,NaN,NaN,-0.505,NaN,NaN,NaN,NaN
6,4,6,1,4,3,5.89996610159753,1693384959.53932,-0.525,-0.01,-0.3,0,0
NaN,NaN,NaN,NaN,NaN,6,11.5643936287209,NaN,0.525,7.88,-0.3,0,NaN
NaN,NaN,NaN,NaN,NaN,4,13.2276074934207,NaN,-0.525,7.84,10.5,0,NaN
NaN,NaN,NaN,NaN,NaN,5,19.1144971160635,NaN,0.525,0,15.1,0,NaN
NaN,NaN,NaN,NaN,NaN,0,0,NaN,0.505,22.7,-4,NaN,NaN
NaN,NaN,NaN,NaN,NaN,0,0,NaN,0.505,24.6,16.3,NaN,NaN
NaN,NaN,NaN,NaN,NaN,NaN,NaN,NaN,-0.505,NaN,NaN,NaN,NaN
NaN,NaN,NaN,NaN,NaN,NaN,NaN,NaN,-0.505,NaN,NaN,NaN,NaN
6,4,6,4,4,3,7.44026209215778,1693384959.54453,-0.525,-0.01,-0.3,0,0
NaN,NaN,NaN,NaN,NaN,6,10.2611500330129,NaN,0.525,7.88,-0.3,0,NaN
NaN,NaN,NaN,NaN,NaN,4,14.4094413493376,NaN,-0.525,7.84,10.5,0,NaN
NaN,NaN,NaN,NaN,NaN,5,19.2345938350671,NaN,0.525,0,15.1,0,NaN
NaN,NaN,NaN,NaN,NaN,0,0,NaN,0.505,22.7,-4,NaN,NaN
NaN,NaN,NaN,NaN,NaN,0,0,NaN,0.505,24.6,16.3,NaN,NaN
NaN,NaN,NaN,NaN,NaN,NaN,NaN,NaN,-0.505,NaN,NaN,NaN,NaN
NaN,NaN,NaN,NaN,NaN,NaN,NaN,NaN,-0.505,NaN,NaN,NaN,NaN
6,4,6,3,4,3,6.92733715073837,1693384959.54593,-0.525,-0.01,-0.3,0,0
NaN,NaN,NaN,NaN,NaN,6,10.812617629418,NaN,0.525,7.88,-0.3,0,NaN
NaN,NaN,NaN,NaN,NaN,4,14.1991372977375,NaN,-0.525,7.84,10.5,0,NaN
NaN,NaN,NaN,NaN,NaN,5,18.2437578365862,NaN,0.525,0,15.1,0,NaN
NaN,NaN,NaN,NaN,NaN,0,0,NaN,0.505,22.7,-4,NaN,NaN
NaN,NaN,NaN,NaN,NaN,0,0,NaN,0.505,24.6,16.3,NaN,NaN
NaN,NaN,NaN,NaN,NaN,NaN,NaN,NaN,-0.505,NaN,NaN,NaN,NaN
NaN,NaN,NaN,NaN,NaN,NaN,NaN,NaN,-0.505,NaN,NaN,NaN,NaN
6,4,6,2,4,3,6.46430197314451,1693384959.57301,-0.525,-0.01,-0.3,0,0
NaN,NaN,NaN,NaN,NaN,6,11.2436648829463,NaN,0.525,7.88,-0.3,0,NaN
NaN,NaN,NaN,NaN,NaN,4,13.1574883621457,NaN,-0.525,7.84,10.5,0,NaN
NaN,NaN,NaN,NaN,NaN,5,20.0952531708361,NaN,0.525,0,15.1,0,NaN
NaN,NaN,NaN,NaN,NaN,0,0,NaN,0.505,22.7,-4,NaN,NaN
NaN,NaN,NaN,NaN,NaN,0,0,NaN,0.505,24.6,16.3,NaN,NaN
NaN,NaN,NaN,NaN,NaN,NaN,NaN,NaN,-0.505,NaN,NaN,NaN,NaN
NaN,NaN,NaN,NaN,NaN,NaN,NaN,NaN,-0.505,NaN,NaN,NaN,NaN
6,4,6,1,4,3,5.62756608135347,1693384959.64023,-0.525,-0.01,-0.3,0,0
NaN,NaN,NaN,NaN,NaN,6,11.8149354632177,NaN,0.525,7.88,-0.3,0,NaN
NaN,NaN,NaN,NaN,NaN,4,13.1875395734003,NaN,-0.525,7.84,10.5,0,NaN
NaN,NaN,NaN,NaN,NaN,5,19.3346735167677,NaN,0.525,0,15.1,0,NaN
NaN,NaN,NaN,NaN,NaN,0,0,NaN,0.505,22.7,-4,NaN,NaN
NaN,NaN,NaN,NaN,NaN,0,0,NaN,0.505,24.6,16.3,NaN,NaN
NaN,NaN,NaN,NaN,NaN,NaN,NaN,NaN,-0.505,NaN,NaN,NaN,NaN
NaN,NaN,NaN,NaN,NaN,NaN,NaN,NaN,-0.505,NaN,NaN,NaN,NaN
6,4,6,4,4,3,7.13859229820558,1693384959.64158,-0.525,-0.01,-0.3,0,0
NaN,NaN,NaN,NaN,NaN,6,10.5519429490497,NaN,0.525,7.88,-0.3,0,NaN
NaN,NaN,NaN,NaN,NaN,4,14.09898932548,NaN,-0.525,7.84,10.5,0,NaN
NaN,NaN,NaN,NaN,NaN,5,19.2746258070034,NaN,0.525,0,15.1,0,NaN
NaN,NaN,NaN,NaN,NaN,0,0,NaN,0.505,22.7,-4,NaN,NaN
NaN,NaN,NaN,NaN,NaN,0,0,NaN,0.505,24.6,16.3,NaN,NaN
NaN,NaN,NaN,NaN,NaN,NaN,NaN,NaN,-0.505,NaN,NaN,NaN,NaN
NaN,NaN,NaN,NaN,NaN,NaN,NaN,NaN,-0.505,NaN,NaN,NaN,NaN
6,4,6,3,4,3,6.82671223943122,1693384959.64473,-0.525,-0.01,-0.3,0,0
NaN,NaN,NaN,NaN,NaN,6,11.0431879455165,NaN,0.525,7.88,-0.3,0,NaN
NaN,NaN,NaN,NaN,NaN,4,14.2091519803259,NaN,-0.525,7.84,10.5,0,NaN
NaN,NaN,NaN,NaN,NaN,5,19.1345133201762,NaN,0.525,0,15.1,0,NaN
NaN,NaN,NaN,NaN,NaN,0,0,NaN,0.505,22.7,-4,NaN,NaN
NaN,NaN,NaN,NaN,NaN,0,0,NaN,0.505,24.6,16.3,NaN,NaN
NaN,NaN,NaN,NaN,NaN,NaN,NaN,NaN,-0.505,NaN,NaN,NaN,NaN
NaN,NaN,NaN,NaN,NaN,NaN,NaN,NaN,-0.505,NaN,NaN,NaN,NaN
6,4,6,2,4,3,6.27291798129069,1693384959.67499,-0.525,-0.01,-0.3,0,0
NaN,NaN,NaN,NaN,NaN,6,11.5343270284833,NaN,0.525,7.88,-0.3,0,NaN
NaN,NaN,NaN,NaN,NaN,4,12.7868369818341,NaN,-0.525,7.84,10.5,0,NaN
NaN,NaN,NaN,NaN,NaN,5,20.1152678331659,NaN,0.525,0,15.1,0,NaN
NaN,NaN,NaN,NaN,NaN,0,0,NaN,0.505,22.7,-4,NaN,NaN
NaN,NaN,NaN,NaN,NaN,0,0,NaN,0.505,24.6,16.3,NaN,NaN
NaN,NaN,NaN,NaN,NaN,NaN,NaN,NaN,-0.505,NaN,NaN,NaN,NaN
NaN,NaN,NaN,NaN,NaN,NaN,NaN,NaN,-0.505,NaN,NaN,NaN,NaN
6,4,6,1,4,3,5.42563360355268,1693384959.73945,-0.525,-0.01,-0.3,0,0
NaN,NaN,NaN,NaN,NaN,6,12.155636552645,NaN,0.525,7.88,-0.3,0,NaN
NaN,NaN,NaN,NaN,NaN,4,12.8870167222674,NaN,-0.525,7.84,10.5,0,NaN
NaN,NaN,NaN,NaN,NaN,5,19.5048070997895,NaN,0.525,0,15.1,0,NaN
NaN,NaN,NaN,NaN,NaN,0,0,NaN,0.505,22.7,-4,NaN,NaN
NaN,NaN,NaN,NaN,NaN,0,0,NaN,0.505,24.6,16.3,NaN,NaN
NaN,NaN,NaN,NaN,NaN,NaN,NaN,NaN,-0.505,NaN,NaN,NaN,NaN
NaN,NaN,NaN,NaN,NaN,NaN,NaN,NaN,-0.505,NaN,NaN,NaN,NaN
6,4,6,3,4,3,6.56499809596317,1693384959.74364,-0.525,-0.01,-0.3,0,0
NaN,NaN,NaN,NaN,NaN,6,11.3138278226248,NaN,0.525,7.88,-0.3,0,NaN
NaN,NaN,NaN,NaN,NaN,4,13.8385945818208,NaN,-0.525,7.84,10.5,0,NaN
NaN,NaN,NaN,NaN,NaN,5,19.0044073835519,NaN,0.525,0,15.1,0,NaN
NaN,NaN,NaN,NaN,NaN,0,0,NaN,0.505,22.7,-4,NaN,NaN
NaN,NaN,NaN,NaN,NaN,0,0,NaN,0.505,24.6,16.3,NaN,NaN
NaN,NaN,NaN,NaN,NaN,NaN,NaN,NaN,-0.505,NaN,NaN,NaN,NaN
NaN,NaN,NaN,NaN,NaN,NaN,NaN,NaN,-0.505,NaN,NaN,NaN,NaN
6,4,6,4,4,3,6.93739864790831,1693384959.74499,-0.525,-0.01,-0.3,0,0
NaN,NaN,NaN,NaN,NaN,6,10.8426933923265,NaN,0.525,7.88,-0.3,0,NaN
NaN,NaN,NaN,NaN,NaN,4,13.8385945818208,NaN,-0.525,7.84,10.5,0,NaN
NaN,NaN,NaN,NaN,NaN,5,19.6148923015142,NaN,0.525,0,15.1,0,NaN
NaN,NaN,NaN,NaN,NaN,0,0,NaN,0.505,22.7,-4,NaN,NaN
NaN,NaN,NaN,NaN,NaN,0,0,NaN,0.505,24.6,16.3,NaN,NaN
NaN,NaN,NaN,NaN,NaN,NaN,NaN,NaN,-0.505,NaN,NaN,NaN,NaN
NaN,NaN,NaN,NaN,NaN,NaN,NaN,NaN,-0.505,NaN,NaN,NaN,NaN
6,4,6,2,4,3,6.02096337806501,1693384959.77365,-0.525,-0.01,-0.3,0,0
NaN,NaN,NaN,NaN,NaN,6,11.7948929626343,NaN,0.525,7.88,-0.3,0,NaN
NaN,NaN,NaN,NaN,NaN,4,12.6465805655126,NaN,-0.525,7.84,10.5,0,NaN
NaN,NaN,NaN,NaN,NaN,5,20.2953984932546,NaN,0.525,0,15.1,0,NaN
NaN,NaN,NaN,NaN,NaN,0,0,NaN,0.505,22.7,-4,NaN,NaN
NaN,NaN,NaN,NaN,NaN,0,0,NaN,0.505,24.6,16.3,NaN,NaN
NaN,NaN,NaN,NaN,NaN,NaN,NaN,NaN,-0.505,NaN,NaN,NaN,NaN
NaN,NaN,NaN,NaN,NaN,NaN,NaN,NaN,-0.505,NaN,NaN,NaN,NaN
6,4,6,1,4,3,5.16289647387975,1693384959.84157,-0.525,-0.01,-0.3,0,0
NaN,NaN,NaN,NaN,NaN,6,12.5063184031113,NaN,0.525,7.88,-0.3,0,NaN
NaN,NaN,NaN,NaN,NaN,4,12.6365620324517,NaN,-0.525,7.84,10.5,0,NaN
NaN,NaN,NaN,NaN,NaN,5,19.7349841651824,NaN,0.525,0,15.1,0,NaN
NaN,NaN,NaN,NaN,NaN,0,0,NaN,0.505,22.7,-4,NaN,NaN
NaN,NaN,NaN,NaN,NaN,0,0,NaN,0.505,24.6,16.3,NaN,NaN
NaN,NaN,NaN,NaN,NaN,NaN,NaN,NaN,-0.505,NaN,NaN,NaN,NaN
NaN,NaN,NaN,NaN,NaN,NaN,NaN,NaN,-0.505,NaN,NaN,NaN,NaN
6,4,6,4,4,3,6.67573965939356,1693384959.84435,-0.525,-0.01,-0.3,0,0
NaN,NaN,NaN,NaN,NaN,6,11.2035708593287,NaN,0.525,7.88,-0.3,0,NaN
NaN,NaN,NaN,NaN,NaN,4,13.5080716610477,NaN,-0.525,7.84,10.5,0,NaN
NaN,NaN,NaN,NaN,NaN,5,19.8250523328439,NaN,0.525,0,15.1,0,NaN
NaN,NaN,NaN,NaN,NaN,0,0,NaN,0.505,22.7,-4,NaN,NaN
NaN,NaN,NaN,NaN,NaN,0,0,NaN,0.505,24.6,16.3,NaN,NaN
NaN,NaN,NaN,NaN,NaN,NaN,NaN,NaN,-0.505,NaN,NaN,NaN,NaN
NaN,NaN,NaN,NaN,NaN,NaN,NaN,NaN,-0.505,NaN,NaN,NaN,NaN
6,4,6,3,4,3,6.30314207360107,1693384959.84533,-0.525,-0.01,-0.3,0,0
NaN,NaN,NaN,NaN,NaN,6,11.6445695497944,NaN,0.525,7.88,-0.3,0,NaN
NaN,NaN,NaN,NaN,NaN,4,13.457990191704,NaN,-0.525,7.84,10.5,0,NaN
NaN,NaN,NaN,NaN,NaN,5,18.9643744953531,NaN,0.525,0,15.1,0,NaN
NaN,NaN,NaN,NaN,NaN,0,0,NaN,0.505,22.7,-4,NaN,NaN
NaN,NaN,NaN,NaN,NaN,0,0,NaN,0.505,24.6,16.3,NaN,NaN
NaN,NaN,NaN,NaN,NaN,NaN,NaN,NaN,-0.505,NaN,NaN,NaN,NaN
NaN,NaN,NaN,NaN,NaN,NaN,NaN,NaN,-0.505,NaN,NaN,NaN,NaN
6,4,6,2,4,3,5.83945202908629,1693384959.87331,-0.525,-0.01,-0.3,0,0
NaN,NaN,NaN,NaN,NaN,6,12.1456164932045,NaN,0.525,7.88,-0.3,0,NaN
NaN,NaN,NaN,NaN,NaN,4,12.3159530690889,NaN,-0.525,7.84,10.5,0,NaN
NaN,NaN,NaN,NaN,NaN,5,20.445505618595,NaN,0.525,0,15.1,0,NaN
NaN,NaN,NaN,NaN,NaN,0,0,NaN,0.505,22.7,-4,NaN,NaN
NaN,NaN,NaN,NaN,NaN,0,0,NaN,0.505,24.6,16.3,NaN,NaN
NaN,NaN,NaN,NaN,NaN,NaN,NaN,NaN,-0.505,NaN,NaN,NaN,NaN
NaN,NaN,NaN,NaN,NaN,NaN,NaN,NaN,-0.505,NaN,NaN,NaN,NaN
6,4,6,1,4,3,4.84924736428242,1693384959.93878,-0.525,-0.01,-0.3,0,0
NaN,NaN,NaN,NaN,NaN,6,12.7367460522694,NaN,0.525,7.88,-0.3,0,NaN
NaN,NaN,NaN,NaN,NaN,4,12.4161467452668,NaN,-0.525,7.84,10.5,0,NaN
NaN,NaN,NaN,NaN,NaN,5,19.8550749180153,NaN,0.525,0,15.1,0,NaN
NaN,NaN,NaN,NaN,NaN,0,0,NaN,0.505,22.7,-4,NaN,NaN
NaN,NaN,NaN,NaN,NaN,0,0,NaN,0.505,24.6,16.3,NaN,NaN
NaN,NaN,NaN,NaN,NaN,NaN,NaN,NaN,-0.505,NaN,NaN,NaN,NaN
NaN,NaN,NaN,NaN,NaN,NaN,NaN,NaN,-0.505,NaN,NaN,NaN,NaN
6,4,6,4,4,3,6.4441601469858,1693384959.9423,-0.525,-0.01,-0.3,0,0
NaN,NaN,NaN,NaN,NaN,6,11.5042600805093,NaN,0.525,7.88,-0.3,0,NaN
NaN,NaN,NaN,NaN,NaN,4,13.2276074934207,NaN,-0.525,7.84,10.5,0,NaN
NaN,NaN,NaN,NaN,NaN,5,20.0852458287172,NaN,0.525,0,15.1,0,NaN
NaN,NaN,NaN,NaN,NaN,0,0,NaN,0.505,22.7,-4,NaN,NaN
NaN,NaN,NaN,NaN,NaN,0,0,NaN,0.505,24.6,16.3,NaN,NaN
NaN,NaN,NaN,NaN,NaN,NaN,NaN,NaN,-0.505,NaN,NaN,NaN,NaN
NaN,NaN,NaN,NaN,NaN,NaN,NaN,NaN,-0.505,NaN,NaN,NaN,NaN
6,4,6,3,4,3,6.03104468562454,1693384959.9442,-0.525,-0.01,-0.3,0,0
NaN,NaN,NaN,NaN,NaN,6,11.82495665954,NaN,0.525,7.88,-0.3,0,NaN
NaN,NaN,NaN,NaN,NaN,4,13.1374540912614,NaN,-0.525,7.84,10.5,0,NaN
NaN,NaN,NaN,NaN,NaN,5,19.124505222358,NaN,0.525,0,15.1,0,NaN
NaN,NaN,NaN,NaN,NaN,0,0,NaN,0.505,22.7,-4,NaN,NaN
NaN,NaN,NaN,NaN,NaN,0,0,NaN,0.505,24.6,16.3,NaN,NaN
NaN,NaN,NaN,NaN,NaN,NaN,NaN,NaN,-0.505,NaN,NaN,NaN,NaN
NaN,NaN,NaN,NaN,NaN,NaN,NaN,NaN,-0.505,NaN,NaN,NaN,NaN
6,4,6,2,4,3,5.58719070732331,1693384959.97226,-0.525,-0.01,-0.3,0,0
NaN,NaN,NaN,NaN,NaN,6,12.4161467452668,NaN,0.525,7.88,-0.3,0,NaN
NaN,NaN,NaN,NaN,NaN,4,11.8449989447024,NaN,-0.525,7.84,10.5,0,NaN
NaN,NaN,NaN,NaN,NaN,5,20.765728978295,NaN,0.525,0,15.1,0,NaN
NaN,NaN,NaN,NaN,NaN,0,0,NaN,0.505,22.7,-4,NaN,NaN
NaN,NaN,NaN,NaN,NaN,0,0,NaN,0.505,24.6,16.3,NaN,NaN
NaN,NaN,NaN,NaN,NaN,NaN,NaN,NaN,-0.505,NaN,NaN,NaN,NaN
NaN,NaN,NaN,NaN,NaN,NaN,NaN,NaN,-0.505,NaN,NaN,NaN,NaN
6,4,6,4,4,3,6.21246327956955,1693384960.04125,-0.525,-0.01,-0.3,0,0
NaN,NaN,NaN,NaN,NaN,6,11.7548075271354,NaN,0.525,7.88,-0.3,0,NaN
NaN,NaN,NaN,NaN,NaN,4,12.7668006955541,NaN,-0.525,7.84,10.5,0,NaN
NaN,NaN,NaN,NaN,NaN,5,20.3654486815292,NaN,0.525,0,15.1,0,NaN
NaN,NaN,NaN,NaN,NaN,0,0,NaN,0.505,22.7,-4,NaN,NaN
NaN,NaN,NaN,NaN,NaN,0,0,NaN,0.505,24.6,16.3,NaN,NaN
NaN,NaN,NaN,NaN,NaN,NaN,NaN,NaN,-0.505,NaN,NaN,NaN,NaN
NaN,NaN,NaN,NaN,NaN,NaN,NaN,NaN,-0.505,NaN,NaN,NaN,NaN
6,4,6,1,4,3,4.6871739886631,1693384960.04381,-0.525,-0.01,-0.3,0,0
NaN,NaN,NaN,NaN,NaN,6,13.0272637188321,NaN,0.525,7.88,-0.3,0,NaN
NaN,NaN,NaN,NaN,NaN,4,11.9652496839807,NaN,-0.525,7.84,10.5,0,NaN
NaN,NaN,NaN,NaN,NaN,5,20.0051868274205,NaN,0.525,0,15.1,0,NaN
NaN,NaN,NaN,NaN,NaN,0,0,NaN,0.505,22.7,-4,NaN,NaN
NaN,NaN,NaN,NaN,NaN,0,0,NaN,0.505,24.6,16.3,NaN,NaN
NaN,NaN,NaN,NaN,NaN,NaN,NaN,NaN,-0.505,NaN,NaN,NaN,NaN
NaN,NaN,NaN,NaN,NaN,NaN,NaN,NaN,-0.505,NaN,NaN,NaN,NaN
6,4,6,3,4,3,5.67802782663136,1693384960.04637,-0.525,-0.01,-0.3,0,0
NaN,NaN,NaN,NaN,NaN,6,12.155636552645,NaN,0.525,7.88,-0.3,0,NaN
NaN,NaN,NaN,NaN,NaN,4,12.8870167222674,NaN,-0.525,7.84,10.5,0,NaN
NaN,NaN,NaN,NaN,NaN,5,19.2345938350671,NaN,0.525,0,15.1,0,NaN
NaN,NaN,NaN,NaN,NaN,0,0,NaN,0.505,22.7,-4,NaN,NaN
NaN,NaN,NaN,NaN,NaN,0,0,NaN,0.505,24.6,16.3,NaN,NaN
NaN,NaN,NaN,NaN,NaN,NaN,NaN,NaN,-0.505,NaN,NaN,NaN,NaN
NaN,NaN,NaN,NaN,NaN,NaN,NaN,NaN,-0.505,NaN,NaN,NaN,NaN
6,4,6,2,4,3,5.31450844387324,1693384960.07318,-0.525,-0.01,-0.3,0,0
NaN,NaN,NaN,NaN,NaN,6,12.7467642953026,NaN,0.525,7.88,-0.3,0,NaN
NaN,NaN,NaN,NaN,NaN,4,11.6445695497944,NaN,-0.525,7.84,10.5,0,NaN
NaN,NaN,NaN,NaN,NaN,5,20.8657973727342,NaN,0.525,0,15.1,0,NaN
NaN,NaN,NaN,NaN,NaN,0,0,NaN,0.505,22.7,-4,NaN,NaN
NaN,NaN,NaN,NaN,NaN,0,0,NaN,0.505,24.6,16.3,NaN,NaN
NaN,NaN,NaN,NaN,NaN,NaN,NaN,NaN,-0.505,NaN,NaN,NaN,NaN
NaN,NaN,NaN,NaN,NaN,NaN,NaN,NaN,-0.505,NaN,NaN,NaN,NaN
6,4,6,1,4,3,4.36256805104516,1693384960.14052,-0.525,-0.01,-0.3,0,0
NaN,NaN,NaN,NaN,NaN,6,13.2977253694006,NaN,0.525,7.88,-0.3,0,NaN
NaN,NaN,NaN,NaN,NaN,4,11.5343270284833,NaN,-0.525,7.84,10.5,0,NaN
NaN,NaN,NaN,NaN,NaN,5,20.1352824663574,NaN,0.525,0,15.1,0,NaN
NaN,NaN,NaN,NaN,NaN,0,0,NaN,0.505,22.7,-4,NaN,NaN
NaN,NaN,NaN,NaN,NaN,0,0,NaN,0.505,24.6,16.3,NaN,NaN
NaN,NaN,NaN,NaN,NaN,NaN,NaN,NaN,-0.505,NaN,NaN,NaN,NaN
NaN,NaN,NaN,NaN,NaN,NaN,NaN,NaN,-0.505,NaN,NaN,NaN,NaN
6,4,6,4,4,3,5.81927830576954,1693384960.14325,-0.525,-0.01,-0.3,0,0
NaN,NaN,NaN,NaN,NaN,6,12.1355964006719,NaN,0.525,7.88,-0.3,0,NaN
NaN,NaN,NaN,NaN,NaN,4,12.5363750741592,NaN,-0.525,7.84,10.5,0,NaN
NaN,NaN,NaN,NaN,NaN,5,20.5055480297406,NaN,0.525,0,15.1,0,NaN
NaN,NaN,NaN,NaN,NaN,0,0,NaN,0.505,22.7,-4,NaN,NaN
NaN,NaN,NaN,NaN,NaN,0,0,NaN,0.505,24.6,16.3,NaN,NaN
NaN,NaN,NaN,NaN,NaN,NaN,NaN,NaN,-0.505,NaN,NaN,NaN,NaN
NaN,NaN,NaN,NaN,NaN,NaN,NaN,NaN,-0.505,NaN,NaN,NaN,NaN
6,4,6,3,4,3,5.36502562901614,1693384960.14436,-0.525,-0.01,-0.3,0,0
NaN,NaN,NaN,NaN,NaN,6,12.4962994522379,NaN,0.525,7.88,-0.3,0,NaN
NaN,NaN,NaN,NaN,NaN,4,12.5063184031113,NaN,-0.525,7.84,10.5,0,NaN
NaN,NaN,NaN,NaN,NaN,5,19.684946024818,NaN,0.525,0,15.1,0,NaN
NaN,NaN,NaN,NaN,NaN,0,0,NaN,0.505,22.7,-4,NaN,NaN
NaN,NaN,NaN,NaN,NaN,0,0,NaN,0.505,24.6,16.3,NaN,NaN
NaN,NaN,NaN,NaN,NaN,NaN,NaN,NaN,-0.505,NaN,NaN,NaN,NaN
NaN,NaN,NaN,NaN,NaN,NaN,NaN,NaN,-0.505,NaN,NaN,NaN,NaN
6,4,6,2,4,3,5.07188327941407,1693384960.17306,-0.525,-0.01,-0.3,0,0
NaN,NaN,NaN,NaN,NaN,6,13.0773506491185,NaN,0.525,7.88,-0.3,0,NaN
NaN,NaN,NaN,NaN,NaN,4,11.3138278226248,NaN,-0.525,7.84,10.5,0,NaN
NaN,NaN,NaN,NaN,NaN,5,21.0058920305709,NaN,0.525,0,15.1,0,NaN
NaN,NaN,NaN,NaN,NaN,0,0,NaN,0.505,22.7,-4,NaN,NaN
NaN,NaN,NaN,NaN,NaN,0,0,NaN,0.505,24.6,16.3,NaN,NaN
NaN,NaN,NaN,NaN,NaN,NaN,NaN,NaN,-0.505,NaN,NaN,NaN,NaN
NaN,NaN,NaN,NaN,NaN,NaN,NaN,NaN,-0.505,NaN,NaN,NaN,NaN
6,4,6,1,4,3,4.17966505835097,1693384960.24036,-0.525,-0.01,-0.3,0,0
NaN,NaN,NaN,NaN,NaN,6,13.6482965970117,NaN,0.525,7.88,-0.3,0,NaN
NaN,NaN,NaN,NaN,NaN,4,11.3438970376145,NaN,-0.525,7.84,10.5,0,NaN
NaN,NaN,NaN,NaN,NaN,5,20.3654486815292,NaN,0.525,0,15.1,0,NaN
NaN,NaN,NaN,NaN,NaN,0,0,NaN,0.505,22.7,-4,NaN,NaN
NaN,NaN,NaN,NaN,NaN,0,0,NaN,0.505,24.6,16.3,NaN,NaN
NaN,NaN,NaN,NaN,NaN,NaN,NaN,NaN,-0.505,NaN,NaN,NaN,NaN
NaN,NaN,NaN,NaN,NaN,NaN,NaN,NaN,-0.505,NaN,NaN,NaN,NaN
6,4,6,4,4,3,5.71839138219832,1693384960.24289,-0.525,-0.01,-0.3,0,0
NaN,NaN,NaN,NaN,NaN,6,12.3760696507413,NaN,0.525,7.88,-0.3,0,NaN
NaN,NaN,NaN,NaN,NaN,4,12.2257760489876,NaN,-0.525,7.84,10.5,0,NaN
NaN,NaN,NaN,NaN,NaN,5,20.6356390741843,NaN,0.525,0,15.1,0,NaN
NaN,NaN,NaN,NaN,NaN,0,0,NaN,0.505,22.7,-4,NaN,NaN
NaN,NaN,NaN,NaN,NaN,0,0,NaN,0.505,24.6,16.3,NaN,NaN
NaN,NaN,NaN,NaN,NaN,NaN,NaN,NaN,-0.505,NaN,NaN,NaN,NaN
NaN,NaN,NaN,NaN,NaN,NaN,NaN,NaN,-0.505,NaN,NaN,NaN,NaN
6,4,6,3,4,3,5.06176846566494,1693384960.24468,-0.525,-0.01,-0.3,0,0
NaN,NaN,NaN,NaN,NaN,6,12.826909214616,NaN,0.525,7.88,-0.3,0,NaN
NaN,NaN,NaN,NaN,NaN,4,12.2257760489876,NaN,-0.525,7.84,10.5,0,NaN
NaN,NaN,NaN,NaN,NaN,5,19.9451422657248,NaN,0.525,0,15.1,0,NaN
NaN,NaN,NaN,NaN,NaN,0,0,NaN,0.505,22.7,-4,NaN,NaN
NaN,NaN,NaN,NaN,NaN,0,0,NaN,0.505,24.6,16.3,NaN,NaN
NaN,NaN,NaN,NaN,NaN,NaN,NaN,NaN,-0.505,NaN,NaN,NaN,NaN
NaN,NaN,NaN,NaN,NaN,NaN,NaN,NaN,-0.505,NaN,NaN,NaN,NaN
6,4,6,2,4,3,4.87962088691325,1693384960.27333,-0.525,-0.01,-0.3,0,0
NaN,NaN,NaN,NaN,NaN,6,13.4479738250786,NaN,0.525,7.88,-0.3,0,NaN
NaN,NaN,NaN,NaN,NaN,4,10.9830414731075,NaN,-0.525,7.84,10.5,0,NaN
NaN,NaN,NaN,NaN,NaN,5,21.2960841470915,NaN,0.525,0,15.1,0,NaN
NaN,NaN,NaN,NaN,NaN,0,0,NaN,0.505,22.7,-4,NaN,NaN
NaN,NaN,NaN,NaN,NaN,0,0,NaN,0.505,24.6,16.3,NaN,NaN
NaN,NaN,NaN,NaN,NaN,NaN,NaN,NaN,-0.505,NaN,NaN,NaN,NaN
NaN,NaN,NaN,NaN,NaN,NaN,NaN,NaN,-0.505,NaN,NaN,NaN,NaN
6,4,6,1,4,3,3.93537799963358,1693384960.33955,-0.525,-0.01,-0.3,0,0
NaN,NaN,NaN,NaN,NaN,4,11.0933087940434,NaN,0.525,7.88,-0.3,0,NaN
NaN,NaN,NaN,NaN,NaN,6,13.9487633860497,NaN,-0.525,7.84,10.5,0,NaN
NaN,NaN,NaN,NaN,NaN,5,20.6056181659275,NaN,0.525,0,15.1,0,NaN
NaN,NaN,NaN,NaN,NaN,0,0,NaN,0.505,22.7,-4,NaN,NaN
NaN,NaN,NaN,NaN,NaN,0,0,NaN,0.505,24.6,16.3,NaN,NaN
NaN,NaN,NaN,NaN,NaN,NaN,NaN,NaN,-0.505,NaN,NaN,NaN,NaN
NaN,NaN,NaN,NaN,NaN,NaN,NaN,NaN,-0.505,NaN,NaN,NaN,NaN
6,4,6,4,4,3,5.58719070732331,1693384960.34182,-0.525,-0.01,-0.3,0,0
NaN,NaN,NaN,NaN,NaN,6,12.7367460522694,NaN,0.525,7.88,-0.3,0,NaN
NaN,NaN,NaN,NaN,NaN,4,11.895104034854,NaN,-0.525,7.84,10.5,0,NaN
NaN,NaN,NaN,NaN,NaN,5,21.1559920589889,NaN,0.525,0,15.1,0,NaN
NaN,NaN,NaN,NaN,NaN,0,0,NaN,0.505,22.7,-4,NaN,NaN
NaN,NaN,NaN,NaN,NaN,0,0,NaN,0.505,24.6,16.3,NaN,NaN
NaN,NaN,NaN,NaN,NaN,NaN,NaN,NaN,-0.505,NaN,NaN,NaN,NaN
NaN,NaN,NaN,NaN,NaN,NaN,NaN,NaN,-0.505,NaN,NaN,NaN,NaN
6,4,6,3,4,3,4.77835745837416,1693384960.34387,-0.525,-0.01,-0.3,0,0
NaN,NaN,NaN,NaN,NaN,6,13.0773506491185,NaN,0.525,7.88,-0.3,0,NaN
NaN,NaN,NaN,NaN,NaN,4,11.9752703518543,NaN,-0.525,7.84,10.5,0,NaN
NaN,NaN,NaN,NaN,NaN,5,20.3154128680665,NaN,0.525,0,15.1,0,NaN
NaN,NaN,NaN,NaN,NaN,0,0,NaN,0.505,22.7,-4,NaN,NaN
NaN,NaN,NaN,NaN,NaN,0,0,NaN,0.505,24.6,16.3,NaN,NaN
NaN,NaN,NaN,NaN,NaN,NaN,NaN,NaN,-0.505,NaN,NaN,NaN,NaN
NaN,NaN,NaN,NaN,NaN,NaN,NaN,NaN,-0.505,NaN,NaN,NaN,NaN
6,4,6,2,4,3,4.67703966200844,1693384960.37317,-0.525,-0.01,-0.3,0,0
NaN,NaN,NaN,NaN,NaN,4,10.6923103209737,NaN,0.525,7.88,-0.3,0,NaN
NaN,NaN,NaN,NaN,NaN,6,13.6983758161324,NaN,-0.525,7.84,10.5,0,NaN
NaN,NaN,NaN,NaN,NaN,5,21.516226434949,NaN,0.525,0,15.1,0,NaN
NaN,NaN,NaN,NaN,NaN,0,0,NaN,0.505,22.7,-4,NaN,NaN
NaN,NaN,NaN,NaN,NaN,0,0,NaN,0.505,24.6,16.3,NaN,NaN
NaN,NaN,NaN,NaN,NaN,NaN,NaN,NaN,-0.505,NaN,NaN,NaN,NaN
NaN,NaN,NaN,NaN,NaN,NaN,NaN,NaN,-0.505,NaN,NaN,NaN,NaN
6,4,6,4,4,3,5.31450844387324,1693384960.44252,-0.525,-0.01,-0.3,0,0
NaN,NaN,NaN,NaN,NaN,6,13.0372811582784,NaN,0.525,7.88,-0.3,0,NaN
NaN,NaN,NaN,NaN,NaN,4,11.6445695497944,NaN,-0.525,7.84,10.5,0,NaN
NaN,NaN,NaN,NaN,NaN,5,21.0959522183759,NaN,0.525,0,15.1,0,NaN
NaN,NaN,NaN,NaN,NaN,0,0,NaN,0.505,22.7,-4,NaN,NaN
NaN,NaN,NaN,NaN,NaN,0,0,NaN,0.505,24.6,16.3,NaN,NaN
NaN,NaN,NaN,NaN,NaN,NaN,NaN,NaN,-0.505,NaN,NaN,NaN,NaN
NaN,NaN,NaN,NaN,NaN,NaN,NaN,NaN,-0.505,NaN,NaN,NaN,NaN
6,4,6,1,4,3,3.70074316860816,1693384960.44395,-0.525,-0.01,-0.3,0,0
NaN,NaN,NaN,NaN,NaN,4,10.7023361935607,NaN,0.525,7.88,-0.3,0,NaN
NaN,NaN,NaN,NaN,NaN,6,14.2592250841341,NaN,-0.525,7.84,10.5,0,NaN
NaN,NaN,NaN,NaN,NaN,5,20.6956807087856,NaN,0.525,0,15.1,0,NaN
NaN,NaN,NaN,NaN,NaN,0,0,NaN,0.505,22.7,-4,NaN,NaN
NaN,NaN,NaN,NaN,NaN,0,0,NaN,0.505,24.6,16.3,NaN,NaN
NaN,NaN,NaN,NaN,NaN,NaN,NaN,NaN,-0.505,NaN,NaN,NaN,NaN
NaN,NaN,NaN,NaN,NaN,NaN,NaN,NaN,-0.505,NaN,NaN,NaN,NaN
6,4,6,3,4,3,4.56552297113923,1693384960.44562,-0.525,-0.01,-0.3,0,0
NaN,NaN,NaN,NaN,NaN,6,13.3377921711204,NaN,0.525,7.88,-0.3,0,NaN
NaN,NaN,NaN,NaN,NaN,4,11.6145038637042,NaN,-0.525,7.84,10.5,0,NaN
NaN,NaN,NaN,NaN,NaN,5,20.1653043617001,NaN,0.525,0,15.1,0,NaN
NaN,NaN,NaN,NaN,NaN,0,0,NaN,0.505,22.7,-4,NaN,NaN
NaN,NaN,NaN,NaN,NaN,0,0,NaN,0.505,24.6,16.3,NaN,NaN
NaN,NaN,NaN,NaN,NaN,NaN,NaN,NaN,-0.505,NaN,NaN,NaN,NaN
NaN,NaN,NaN,NaN,NaN,NaN,NaN,NaN,-0.505,NaN,NaN,NaN,NaN
6,4,6,2,4,3,4.50466424941971,1693384960.47351,-0.525,-0.01,-0.3,0,0
NaN,NaN,NaN,NaN,NaN,4,10.3313455077255,NaN,0.525,7.88,-0.3,0,NaN
NaN,NaN,NaN,NaN,NaN,6,14.0589295467329,NaN,-0.525,7.84,10.5,0,NaN
NaN,NaN,NaN,NaN,NaN,5,21.6663217921271,NaN,0.525,0,15.1,0,NaN
NaN,NaN,NaN,NaN,NaN,0,0,NaN,0.505,22.7,-4,NaN,NaN
NaN,NaN,NaN,NaN,NaN,0,0,NaN,0.505,24.6,16.3,NaN,NaN
NaN,NaN,NaN,NaN,NaN,NaN,NaN,NaN,-0.505,NaN,NaN,NaN,NaN
NaN,NaN,NaN,NaN,NaN,NaN,NaN,NaN,-0.505,NaN,NaN,NaN,NaN
6,4,6,1,4,3,3.46548697876648,1693384960.54019,-0.525,-0.01,-0.3,0,0
NaN,NaN,NaN,NaN,NaN,4,10.311289929005,NaN,0.525,7.88,-0.3,0,NaN
NaN,NaN,NaN,NaN,NaN,6,14.459512439913,NaN,-0.525,7.84,10.5,0,NaN
NaN,NaN,NaN,NaN,NaN,5,20.9358448599525,NaN,0.525,0,15.1,0,NaN
NaN,NaN,NaN,NaN,NaN,0,0,NaN,0.505,22.7,-4,NaN,NaN
NaN,NaN,NaN,NaN,NaN,0,0,NaN,0.505,24.6,16.3,NaN,NaN
NaN,NaN,NaN,NaN,NaN,NaN,NaN,NaN,-0.505,NaN,NaN,NaN,NaN
NaN,NaN,NaN,NaN,NaN,NaN,NaN,NaN,-0.505,NaN,NaN,NaN,NaN
6,4,6,4,4,3,5.06176846566494,1693384960.54177,-0.525,-0.01,-0.3,0,0
NaN,NaN,NaN,NaN,NaN,6,13.3678420098384,NaN,0.525,7.88,-0.3,0,NaN
NaN,NaN,NaN,NaN,NaN,4,11.3238509350839,NaN,-0.525,7.84,10.5,0,NaN
NaN,NaN,NaN,NaN,NaN,5,21.2560579600264,NaN,0.525,0,15.1,0,NaN
NaN,NaN,NaN,NaN,NaN,0,0,NaN,0.505,22.7,-4,NaN,NaN
NaN,NaN,NaN,NaN,NaN,0,0,NaN,0.505,24.6,16.3,NaN,NaN
NaN,NaN,NaN,NaN,NaN,NaN,NaN,NaN,-0.505,NaN,NaN,NaN,NaN
NaN,NaN,NaN,NaN,NaN,NaN,NaN,NaN,-0.505,NaN,NaN,NaN,NaN
6,4,6,3,4,3,4.29146828020434,1693384960.54462,-0.525,-0.01,-0.3,0,0
NaN,NaN,NaN,NaN,NaN,6,13.6282647464745,NaN,0.525,7.88,-0.3,0,NaN
NaN,NaN,NaN,NaN,NaN,4,11.1434285567773,NaN,-0.525,7.84,10.5,0,NaN
NaN,NaN,NaN,NaN,NaN,5,20.3554415329169,NaN,0.525,0,15.1,0,NaN
NaN,NaN,NaN,NaN,NaN,0,0,NaN,0.505,22.7,-4,NaN,NaN
NaN,NaN,NaN,NaN,NaN,0,0,NaN,0.505,24.6,16.3,NaN,NaN
NaN,NaN,NaN,NaN,NaN,NaN,NaN,NaN,-0.505,NaN,NaN,NaN,NaN
NaN,NaN,NaN,NaN,NaN,NaN,NaN,NaN,-0.505,NaN,NaN,NaN,NaN
6,4,6,2,4,3,4.32194400704128,1693384960.57324,-0.525,-0.01,-0.3,0,0
NaN,NaN,NaN,NaN,NaN,4,9.9803406755481,NaN,0.525,7.88,-0.3,0,NaN
NaN,NaN,NaN,NaN,NaN,6,14.3793984575155,NaN,-0.525,7.84,10.5,0,NaN
NaN,NaN,NaN,NaN,NaN,5,21.6663217921271,NaN,0.525,0,15.1,0,NaN
NaN,NaN,NaN,NaN,NaN,0,0,NaN,0.505,22.7,-4,NaN,NaN
NaN,NaN,NaN,NaN,NaN,0,0,NaN,0.505,24.6,16.3,NaN,NaN
NaN,NaN,NaN,NaN,NaN,NaN,NaN,NaN,-0.505,NaN,NaN,NaN,NaN
NaN,NaN,NaN,NaN,NaN,NaN,NaN,NaN,-0.505,NaN,NaN,NaN,NaN
6,4,6,1,4,3,3.33219147108926,1693384960.6394,-0.525,-0.01,-0.3,0,0
NaN,NaN,NaN,NaN,NaN,4,10.140808646257,NaN,0.525,7.88,-0.3,0,NaN
NaN,NaN,NaN,NaN,NaN,6,14.8400370619483,NaN,-0.525,7.84,10.5,0,NaN
NaN,NaN,NaN,NaN,NaN,5,21.1760052890058,NaN,0.525,0,15.1,0,NaN
NaN,NaN,NaN,NaN,NaN,0,0,NaN,0.505,22.7,-4,NaN,NaN
NaN,NaN,NaN,NaN,NaN,0,0,NaN,0.505,24.6,16.3,NaN,NaN
NaN,NaN,NaN,NaN,NaN,NaN,NaN,NaN,-0.505,NaN,NaN,NaN,NaN
NaN,NaN,NaN,NaN,NaN,NaN,NaN,NaN,-0.505,NaN,NaN,NaN,NaN
6,4,6,4,4,3,4.8593723874591,1693384960.64181,-0.525,-0.01,-0.3,0,0
NaN,NaN,NaN,NaN,NaN,4,10.9930659963452,NaN,0.525,7.88,-0.3,0,NaN
NaN,NaN,NaN,NaN,NaN,6,13.7684857555216,NaN,-0.525,7.84,10.5,0,NaN
NaN,NaN,NaN,NaN,NaN,5,21.3461167428645,NaN,0.525,0,15.1,0,NaN
NaN,NaN,NaN,NaN,NaN,0,0,NaN,0.505,22.7,-4,NaN,NaN
NaN,NaN,NaN,NaN,NaN,0,0,NaN,0.505,24.6,16.3,NaN,NaN
NaN,NaN,NaN,NaN,NaN,NaN,NaN,NaN,-0.505,NaN,NaN,NaN,NaN
NaN,NaN,NaN,NaN,NaN,NaN,NaN,NaN,-0.505,NaN,NaN,NaN,NaN
6,4,6,3,4,3,4.06776351328344,1693384960.64442,-0.525,-0.01,-0.3,0,0
NaN,NaN,NaN,NaN,NaN,4,11.153452380317,NaN,0.525,7.88,-0.3,0,NaN
NaN,NaN,NaN,NaN,NaN,6,13.9487633860497,NaN,-0.525,7.84,10.5,0,NaN
NaN,NaN,NaN,NaN,NaN,5,20.4555127044032,NaN,0.525,0,15.1,0,NaN
NaN,NaN,NaN,NaN,NaN,0,0,NaN,0.505,22.7,-4,NaN,NaN
NaN,NaN,NaN,NaN,NaN,0,0,NaN,0.505,24.6,16.3,NaN,NaN
NaN,NaN,NaN,NaN,NaN,NaN,NaN,NaN,-0.505,NaN,NaN,NaN,NaN
NaN,NaN,NaN,NaN,NaN,NaN,NaN,NaN,-0.505,NaN,NaN,NaN,NaN
6,4,6,2,4,3,4.14915654079236,1693384960.67245,-0.525,-0.01,-0.3,0,0
NaN,NaN,NaN,NaN,NaN,4,9.59916663049455,NaN,0.525,7.88,-0.3,0,NaN
NaN,NaN,NaN,NaN,NaN,6,14.7999831080985,NaN,-0.525,7.84,10.5,0,NaN
NaN,NaN,NaN,NaN,NaN,5,21.9865208707517,NaN,0.525,0,15.1,0,NaN
NaN,NaN,NaN,NaN,NaN,0,0,NaN,0.505,22.7,-4,NaN,NaN
NaN,NaN,NaN,NaN,NaN,0,0,NaN,0.505,24.6,16.3,NaN,NaN
NaN,NaN,NaN,NaN,NaN,NaN,NaN,NaN,-0.505,NaN,NaN,NaN,NaN
NaN,NaN,NaN,NaN,NaN,NaN,NaN,NaN,-0.505,NaN,NaN,NaN,NaN
